[debug] [2026-09-14T02:03:53.176Z] [Firebase Plugin] Activating Firebase extension.
[debug] [2026-09-14T02:04:19.698Z] [Firebase Plugin] requireAuthWrapper
[debug] [2026-09-14T02:04:19.719Z] > command requires scopes: ["email","openid","https://www.googleapis.com/auth/cloudplatformprojects.readonly","https://www.googleapis.com/auth/firebase","https://www.googleapis.com/auth/cloud-platform"]
[debug] [2026-09-14T02:04:19.720Z] > authorizing via signed-in user (perc.madina@gmail.com)
[debug] [2026-09-14T02:04:19.725Z] Checked if tokens are valid: true, expires at: 1789354737042
[debug] [2026-09-14T02:04:19.726Z] Checked if tokens are valid: true, expires at: 1789354737042
[debug] [2026-09-14T02:04:19.726Z] [Firebase Plugin] User found:  perc.madina@gmail.com
[info] [Firebase Plugin] (Core:Project) New user detected, fetching projects
[debug] [2026-09-14T02:04:19.728Z] Checked if tokens are valid: true, expires at: 1789354737042
[debug] [2026-09-14T02:04:19.729Z] >>> [apiv2][query] GET https://firebase.googleapis.com/v1beta1/projects pageSize=1000
[debug] [2026-09-14T02:04:19.846Z] [Firebase Plugin] VSCode notification server listening on port 40001
[info] [Firebase Plugin] Starting SQL Connect toolkit (version 3.4.16) on port 50001
[info] i  dataconnect: downloading dataconnect-emulator-3.4.16... {"metadata":{"emulator":{"name":"dataconnect"},"message":"downloading dataconnect-emulator-3.4.16..."}}
[debug] [2026-09-14T02:04:21.143Z] >>> [apiv2][query] GET https://storage.googleapis.com/firemat-preview-drop/emulator/dataconnect-emulator-macos-amd64-v3.4.16 
[debug] [2026-09-14T02:04:21.854Z] <<< [apiv2][status] GET https://storage.googleapis.com/firemat-preview-drop/emulator/dataconnect-emulator-macos-amd64-v3.4.16 200
[debug] [2026-09-14T02:04:21.856Z] <<< [apiv2][body] GET https://storage.googleapis.com/firemat-preview-drop/emulator/dataconnect-emulator-macos-amd64-v3.4.16 [stream]
[debug] [2026-09-14T02:04:22.499Z] <<< [apiv2][status] GET https://firebase.googleapis.com/v1beta1/projects 200
[debug] [2026-09-14T02:04:22.499Z] <<< [apiv2][body] GET https://firebase.googleapis.com/v1beta1/projects [omitted]
[info] i  dataconnect: Removing outdated emulator files: dataconnect-emulator-3.4.19 {"metadata":{"emulator":{"name":"dataconnect"},"message":"Removing outdated emulator files: dataconnect-emulator-3.4.19"}}
[debug] [2026-09-14T02:04:35.804Z] I0914 09:04:35.794393    7463 control.go:100] [projects/emulator/locations/emulator/services/madina-solution-production-final 87aa] UpdateResources(): done
Main schema: sources: schema/schema.gql [1992B] 
Connector "example": sources: example/mutations.gql [1243B] example/queries.gql [1801B] 
 {"metadata":{"emulator":{"name":"dataconnect"},"message":"I0914 09:04:35.794393    7463 control.go:100] [projects/emulator/locations/emulator/services/madina-solution-production-final 87aa] UpdateResources(): done\nMain schema: sources: schema/schema.gql [1992B] \nConnector \"example\": sources: example/mutations.gql [1243B] example/queries.gql [1801B] \n"}}
[debug] [2026-09-14T02:04:35.805Z] Ignoring unsupported arg: auto_download {"metadata":{"emulator":{"name":"dataconnect"},"message":"Ignoring unsupported arg: auto_download"}}
[debug] [2026-09-14T02:04:35.806Z] Ignoring unsupported arg: port {"metadata":{"emulator":{"name":"dataconnect"},"message":"Ignoring unsupported arg: port"}}
[debug] [2026-09-14T02:04:35.806Z] Starting SQL Connect Emulator with command {"binary":"/Users/madina.solutions/.cache/firebase/emulators/dataconnect-emulator-3.4.16","args":["--logtostderr","-v=2","dev","--listen=localhost:50001","--config_dir=/Volumes/DATA UTAMA/DEVELOPER/madina-solution-production-final/dataconnect","--enable_output_schema_extensions=true","--enable_output_generated_sdk=true"],"optionalArgs":["listen","config_dir","enable_output_schema_extensions","enable_output_generated_sdk"],"joinArgs":true,"shell":false,"port":9399} {"metadata":{"emulator":{"name":"dataconnect"},"message":"Starting SQL Connect Emulator with command {\"binary\":\"/Users/madina.solutions/.cache/firebase/emulators/dataconnect-emulator-3.4.16\",\"args\":[\"--logtostderr\",\"-v=2\",\"dev\",\"--listen=localhost:50001\",\"--config_dir=/Volumes/DATA UTAMA/DEVELOPER/madina-solution-production-final/dataconnect\",\"--enable_output_schema_extensions=true\",\"--enable_output_generated_sdk=true\"],\"optionalArgs\":[\"listen\",\"config_dir\",\"enable_output_schema_extensions\",\"enable_output_generated_sdk\"],\"joinArgs\":true,\"shell\":false,\"port\":9399}"}}
[info] i  dataconnect: SQL Connect Emulator logging to dataconnect-debug.log {"metadata":{"emulator":{"name":"dataconnect"},"message":"SQL Connect Emulator logging to dataconnect-debug.log"}}
[debug] [2026-09-14T02:04:36.073Z] I0914 09:04:35.844400    7464 load.go:31] Reloading schema and connectors...
I0914 09:04:35.862876    7464 control.go:100] [projects/emulator/locations/emulator/services/madina-solution-production-final 9ae9] UpdateResources(): done
Main schema: sources: schema/schema.gql [1992B] 
Connector "example": sources: example/queries.gql [1801B] example/mutations.gql [1243B] 
I0914 09:04:35.880766    7464 codegen.go:101] [connector "example" javascriptSdk] Generating sources into "/Volumes/DATA UTAMA/DEVELOPER/madina-solution-production-final/src/dataconnect-generated"
I0914 09:04:35.918824    7464 collector.go:107] schema extensions wrote into "/Volumes/DATA UTAMA/DEVELOPER/madina-solution-production-final/dataconnect/.dataconnect/schema"
Generated sources: prelude.gql [84995B] main/implicit.gql [1261B] main/input.gql [29309B] main/relation.gql [14318B] main/query.gql [5099B] main/mutation.gql [13679B] 
I0914 09:04:35.920792    7464 collector.go:107] connector "example" javascriptSdk wrote into "/Volumes/DATA UTAMA/DEVELOPER/madina-solution-production-final/src/dataconnect-generated"
Generated sources: esm/index.esm.js [5375B] .guides/config.json [236B] package.json [853B] react/esm/index.esm.js [3269B] react/README.md [48281B] .guides/usage.md [3489B] esm/package.json [17B] index.cjs.js [5919B] react/esm/package.json [17B] .guides/setup.md [1682B] index.d.ts [8408B] README.md [41217B] react/index.d.ts [3961B] react/package.json [460B] react/index.cjs.js [3439B] 
I0914 09:04:35.950382    7464 installsdk.go:55] Package @dataconnect/generated is already installed. Skipping installation
I0914 09:04:35.950423    7464 load.go:109] Finished reloading
I0914 09:04:35.952869    7464 dev.go:101] Listening on address (HTTP + gRPC): 127.0.0.1:50001
 {"metadata":{"emulator":{"name":"dataconnect"},"message":"I0914 09:04:35.844400    7464 load.go:31] Reloading schema and connectors...\nI0914 09:04:35.862876    7464 control.go:100] [projects/emulator/locations/emulator/services/madina-solution-production-final 9ae9] UpdateResources(): done\nMain schema: sources: schema/schema.gql [1992B] \nConnector \"example\": sources: example/queries.gql [1801B] example/mutations.gql [1243B] \nI0914 09:04:35.880766    7464 codegen.go:101] [connector \"example\" javascriptSdk] Generating sources into \"/Volumes/DATA UTAMA/DEVELOPER/madina-solution-production-final/src/dataconnect-generated\"\nI0914 09:04:35.918824    7464 collector.go:107] schema extensions wrote into \"/Volumes/DATA UTAMA/DEVELOPER/madina-solution-production-final/dataconnect/.dataconnect/schema\"\nGenerated sources: prelude.gql [84995B] main/implicit.gql [1261B] main/input.gql [29309B] main/relation.gql [14318B] main/query.gql [5099B] main/mutation.gql [13679B] \nI0914 09:04:35.920792    7464 collector.go:107] connector \"example\" javascriptSdk wrote into \"/Volumes/DATA UTAMA/DEVELOPER/madina-solution-production-final/src/dataconnect-generated\"\nGenerated sources: esm/index.esm.js [5375B] .guides/config.json [236B] package.json [853B] react/esm/index.esm.js [3269B] react/README.md [48281B] .guides/usage.md [3489B] esm/package.json [17B] index.cjs.js [5919B] react/esm/package.json [17B] .guides/setup.md [1682B] index.d.ts [8408B] README.md [41217B] react/index.d.ts [3961B] react/package.json [460B] react/index.cjs.js [3439B] \nI0914 09:04:35.950382    7464 installsdk.go:55] Package @dataconnect/generated is already installed. Skipping installation\nI0914 09:04:35.950423    7464 load.go:109] Finished reloading\nI0914 09:04:35.952869    7464 dev.go:101] Listening on address (HTTP + gRPC): 127.0.0.1:50001\n"}}
[debug] [2026-09-14T02:04:37.007Z] I0914 09:04:37.007409    7464 engine.go:209] [projects/emulator/locations/emulator/services/madina-solution-production-final 9ae9] ExecuteGraphqlRead query IntrospectionQuery: succeeded. 
 {"metadata":{"emulator":{"name":"dataconnect"},"message":"I0914 09:04:37.007409    7464 engine.go:209] [projects/emulator/locations/emulator/services/madina-solution-production-final 9ae9] ExecuteGraphqlRead query IntrospectionQuery: succeeded. \n"}}
[info] [Firebase Plugin] Stopping SQL Connect toolkit
[warn] ⚠  SQL Connect Emulator has exited upon receiving signal: SIGINT 
[debug] [2026-09-14T04:44:04.577Z] [Firebase Plugin] Activating Firebase extension.
[debug] [2026-09-14T04:44:26.885Z] [Firebase Plugin] requireAuthWrapper
[debug] [2026-09-14T04:44:26.886Z] > command requires scopes: ["email","openid","https://www.googleapis.com/auth/cloudplatformprojects.readonly","https://www.googleapis.com/auth/firebase","https://www.googleapis.com/auth/cloud-platform"]
[debug] [2026-09-14T04:44:26.887Z] > authorizing via signed-in user (perc.madina@gmail.com)
[debug] [2026-09-14T04:44:26.890Z] Checked if tokens are valid: false, expires at: 1789354737042
[debug] [2026-09-14T04:44:26.890Z] Checked if tokens are valid: false, expires at: 1789354737042
[debug] [2026-09-14T04:44:26.891Z] > refreshing access token with scopes: []
[debug] [2026-09-14T04:44:26.893Z] >>> [apiv2][query] POST https://www.googleapis.com/oauth2/v3/token [none]
[debug] [2026-09-14T04:44:26.894Z] >>> [apiv2][body] POST https://www.googleapis.com/oauth2/v3/token [omitted]
[debug] [2026-09-14T04:44:26.921Z] [Firebase Plugin] VSCode notification server listening on port 40001
[info] [Firebase Plugin] Starting SQL Connect toolkit (version 3.4.16) on port 50001
[debug] [2026-09-14T04:44:29.318Z] I0914 11:44:29.299407    1978 control.go:100] [projects/emulator/locations/emulator/services/madina-solution-production-final 79f4] UpdateResources(): done
Main schema: sources: schema/schema.gql [1992B] 
Connector "example": sources: example/mutations.gql [1243B] example/queries.gql [1801B] 
 {"metadata":{"emulator":{"name":"dataconnect"},"message":"I0914 11:44:29.299407    1978 control.go:100] [projects/emulator/locations/emulator/services/madina-solution-production-final 79f4] UpdateResources(): done\nMain schema: sources: schema/schema.gql [1992B] \nConnector \"example\": sources: example/mutations.gql [1243B] example/queries.gql [1801B] \n"}}
[debug] [2026-09-14T04:44:29.319Z] Ignoring unsupported arg: auto_download {"metadata":{"emulator":{"name":"dataconnect"},"message":"Ignoring unsupported arg: auto_download"}}
[debug] [2026-09-14T04:44:29.320Z] Ignoring unsupported arg: port {"metadata":{"emulator":{"name":"dataconnect"},"message":"Ignoring unsupported arg: port"}}
[debug] [2026-09-14T04:44:29.320Z] Starting SQL Connect Emulator with command {"binary":"/Users/madina.solutions/.cache/firebase/emulators/dataconnect-emulator-3.4.16","args":["--logtostderr","-v=2","dev","--listen=localhost:50001","--config_dir=/Volumes/DATA UTAMA/DEVELOPER/madina-solution-production-final/dataconnect","--enable_output_schema_extensions=true","--enable_output_generated_sdk=true"],"optionalArgs":["listen","config_dir","enable_output_schema_extensions","enable_output_generated_sdk"],"joinArgs":true,"shell":false,"port":9399} {"metadata":{"emulator":{"name":"dataconnect"},"message":"Starting SQL Connect Emulator with command {\"binary\":\"/Users/madina.solutions/.cache/firebase/emulators/dataconnect-emulator-3.4.16\",\"args\":[\"--logtostderr\",\"-v=2\",\"dev\",\"--listen=localhost:50001\",\"--config_dir=/Volumes/DATA UTAMA/DEVELOPER/madina-solution-production-final/dataconnect\",\"--enable_output_schema_extensions=true\",\"--enable_output_generated_sdk=true\"],\"optionalArgs\":[\"listen\",\"config_dir\",\"enable_output_schema_extensions\",\"enable_output_generated_sdk\"],\"joinArgs\":true,\"shell\":false,\"port\":9399}"}}
[info] i  dataconnect: SQL Connect Emulator logging to dataconnect-debug.log {"metadata":{"emulator":{"name":"dataconnect"},"message":"SQL Connect Emulator logging to dataconnect-debug.log"}}
[debug] [2026-09-14T04:44:30.070Z] I0914 11:44:29.711097    1980 load.go:31] Reloading schema and connectors...
I0914 11:44:29.811055    1980 control.go:100] [projects/emulator/locations/emulator/services/madina-solution-production-final e3df] UpdateResources(): done
Main schema: sources: schema/schema.gql [1992B] 
Connector "example": sources: example/mutations.gql [1243B] example/queries.gql [1801B] 
I0914 11:44:29.989315    1980 codegen.go:101] [connector "example" javascriptSdk] Generating sources into "/Volumes/DATA UTAMA/DEVELOPER/madina-solution-production-final/src/dataconnect-generated"
 {"metadata":{"emulator":{"name":"dataconnect"},"message":"I0914 11:44:29.711097    1980 load.go:31] Reloading schema and connectors...\nI0914 11:44:29.811055    1980 control.go:100] [projects/emulator/locations/emulator/services/madina-solution-production-final e3df] UpdateResources(): done\nMain schema: sources: schema/schema.gql [1992B] \nConnector \"example\": sources: example/mutations.gql [1243B] example/queries.gql [1801B] \nI0914 11:44:29.989315    1980 codegen.go:101] [connector \"example\" javascriptSdk] Generating sources into \"/Volumes/DATA UTAMA/DEVELOPER/madina-solution-production-final/src/dataconnect-generated\"\n"}}
[debug] [2026-09-14T04:44:30.197Z] I0914 11:44:30.145226    1980 collector.go:107] schema extensions wrote into "/Volumes/DATA UTAMA/DEVELOPER/madina-solution-production-final/dataconnect/.dataconnect/schema"
Generated sources: main/query.gql [5099B] main/mutation.gql [13679B] prelude.gql [84995B] main/implicit.gql [1261B] main/input.gql [29309B] main/relation.gql [14318B] 
I0914 11:44:30.172059    1980 collector.go:107] connector "example" javascriptSdk wrote into "/Volumes/DATA UTAMA/DEVELOPER/madina-solution-production-final/src/dataconnect-generated"
Generated sources: .guides/usage.md [3489B] react/index.d.ts [3961B] index.d.ts [8408B] index.cjs.js [5919B] react/esm/index.esm.js [3269B] package.json [853B] README.md [41217B] react/package.json [460B] react/esm/package.json [17B] react/index.cjs.js [3439B] .guides/setup.md [1682B] .guides/config.json [236B] esm/index.esm.js [5375B] esm/package.json [17B] react/README.md [48281B] 
 {"metadata":{"emulator":{"name":"dataconnect"},"message":"I0914 11:44:30.145226    1980 collector.go:107] schema extensions wrote into \"/Volumes/DATA UTAMA/DEVELOPER/madina-solution-production-final/dataconnect/.dataconnect/schema\"\nGenerated sources: main/query.gql [5099B] main/mutation.gql [13679B] prelude.gql [84995B] main/implicit.gql [1261B] main/input.gql [29309B] main/relation.gql [14318B] \nI0914 11:44:30.172059    1980 collector.go:107] connector \"example\" javascriptSdk wrote into \"/Volumes/DATA UTAMA/DEVELOPER/madina-solution-production-final/src/dataconnect-generated\"\nGenerated sources: .guides/usage.md [3489B] react/index.d.ts [3961B] index.d.ts [8408B] index.cjs.js [5919B] react/esm/index.esm.js [3269B] package.json [853B] README.md [41217B] react/package.json [460B] react/esm/package.json [17B] react/index.cjs.js [3439B] .guides/setup.md [1682B] .guides/config.json [236B] esm/index.esm.js [5375B] esm/package.json [17B] react/README.md [48281B] \n"}}
[debug] [2026-09-14T04:44:33.153Z] I0914 11:44:30.399561    1980 installsdk.go:55] Package @dataconnect/generated is already installed. Skipping installation
I0914 11:44:30.399608    1980 load.go:109] Finished reloading
I0914 11:44:30.532514    1980 dev.go:101] Listening on address (HTTP + gRPC): 127.0.0.1:50001
 {"metadata":{"emulator":{"name":"dataconnect"},"message":"I0914 11:44:30.399561    1980 installsdk.go:55] Package @dataconnect/generated is already installed. Skipping installation\nI0914 11:44:30.399608    1980 load.go:109] Finished reloading\nI0914 11:44:30.532514    1980 dev.go:101] Listening on address (HTTP + gRPC): 127.0.0.1:50001\n"}}
[debug] [2026-09-14T04:44:38.832Z] <<< [apiv2][status] POST https://www.googleapis.com/oauth2/v3/token 200
[debug] [2026-09-14T04:44:38.833Z] <<< [apiv2][body] POST https://www.googleapis.com/oauth2/v3/token [omitted]
[debug] [2026-09-14T04:44:38.936Z] [Firebase Plugin] User found:  perc.madina@gmail.com
[info] [Firebase Plugin] (Core:Project) New user detected, fetching projects
[debug] [2026-09-14T04:44:38.938Z] Checked if tokens are valid: true, expires at: 1789364677833
[debug] [2026-09-14T04:44:38.940Z] >>> [apiv2][query] GET https://firebase.googleapis.com/v1beta1/projects pageSize=1000
[debug] [2026-09-14T04:44:39.487Z] I0914 11:44:39.455126    1980 engine.go:209] [projects/emulator/locations/emulator/services/madina-solution-production-final e3df] ExecuteGraphqlRead query IntrospectionQuery: succeeded. 
 {"metadata":{"emulator":{"name":"dataconnect"},"message":"I0914 11:44:39.455126    1980 engine.go:209] [projects/emulator/locations/emulator/services/madina-solution-production-final e3df] ExecuteGraphqlRead query IntrospectionQuery: succeeded. \n"}}
[debug] [2026-09-14T04:44:49.508Z] *** [apiv2] error from fetch(https://firebase.googleapis.com/v1beta1/projects?pageSize=1000, {"headers":{},"method":"GET","signal":{}}): ConnectTimeoutError: Connect Timeout Error (attempted addresses: 172.217.116.4:443, 172.217.114.4:443, 172.217.118.4:443, 172.217.115.4:443, 172.217.112.4:443, 172.217.117.4:443, 172.217.119.4:443, 172.217.113.4:443, timeout: 10000ms)
[debug] [2026-09-14T04:44:49.509Z] Failed to make request to https://firebase.googleapis.com/v1beta1/projects?pageSize=1000
[info] [Firebase Plugin] Stopping SQL Connect toolkit
[warn] ⚠  SQL Connect Emulator has exited upon receiving signal: SIGINT 
[debug] [2026-09-14T10:10:49.198Z] [Firebase Plugin] Activating Firebase extension.
[debug] [2026-09-14T10:10:55.195Z] [Firebase Plugin] requireAuthWrapper
[debug] [2026-09-14T10:10:55.196Z] > command requires scopes: ["email","openid","https://www.googleapis.com/auth/cloudplatformprojects.readonly","https://www.googleapis.com/auth/firebase","https://www.googleapis.com/auth/cloud-platform"]
[debug] [2026-09-14T10:10:55.197Z] > authorizing via signed-in user (perc.madina@gmail.com)
[debug] [2026-09-14T10:10:55.202Z] Checked if tokens are valid: true, expires at: 1789381715487
[debug] [2026-09-14T10:10:55.202Z] Checked if tokens are valid: true, expires at: 1789381715487
[debug] [2026-09-14T10:10:55.203Z] [Firebase Plugin] User found:  perc.madina@gmail.com
[info] [Firebase Plugin] (Core:Project) New user detected, fetching projects
[debug] [2026-09-14T10:10:55.204Z] Checked if tokens are valid: true, expires at: 1789381715487
[debug] [2026-09-14T10:10:55.206Z] >>> [apiv2][query] GET https://firebase.googleapis.com/v1beta1/projects pageSize=1000
[debug] [2026-09-14T10:10:55.234Z] [Firebase Plugin] VSCode notification server listening on port 40001
[debug] [2026-09-14T10:11:28.732Z] *** [apiv2] error from fetch(https://firebase.googleapis.com/v1beta1/projects?pageSize=1000, {"headers":{},"method":"GET","signal":{}}): AbortError: This operation was aborted
[debug] [2026-09-14T10:11:28.733Z] Timeout reached making request to https://firebase.googleapis.com/v1beta1/projects?pageSize=1000
[info] [Firebase Plugin] Starting SQL Connect toolkit (version 3.4.16) on port 50001
[debug] [2026-09-14T10:11:33.967Z] I0914 17:11:33.950217    4356 control.go:100] [projects/emulator/locations/emulator/services/madina-solution-production-final 7d8d] UpdateResources(): done
Main schema: sources: schema/schema.gql [1992B] 
Connector "example": sources: example/mutations.gql [1243B] example/queries.gql [1801B] 
 {"metadata":{"emulator":{"name":"dataconnect"},"message":"I0914 17:11:33.950217    4356 control.go:100] [projects/emulator/locations/emulator/services/madina-solution-production-final 7d8d] UpdateResources(): done\nMain schema: sources: schema/schema.gql [1992B] \nConnector \"example\": sources: example/mutations.gql [1243B] example/queries.gql [1801B] \n"}}
[debug] [2026-09-14T10:11:33.968Z] Ignoring unsupported arg: auto_download {"metadata":{"emulator":{"name":"dataconnect"},"message":"Ignoring unsupported arg: auto_download"}}
[debug] [2026-09-14T10:11:33.968Z] Ignoring unsupported arg: port {"metadata":{"emulator":{"name":"dataconnect"},"message":"Ignoring unsupported arg: port"}}
[debug] [2026-09-14T10:11:33.969Z] Starting SQL Connect Emulator with command {"binary":"/Users/madina.solutions/.cache/firebase/emulators/dataconnect-emulator-3.4.16","args":["--logtostderr","-v=2","dev","--listen=localhost:50001","--config_dir=/Volumes/DATA UTAMA/DEVELOPER/madina-solution-production-final/dataconnect","--enable_output_schema_extensions=true","--enable_output_generated_sdk=true"],"optionalArgs":["listen","config_dir","enable_output_schema_extensions","enable_output_generated_sdk"],"joinArgs":true,"shell":false,"port":9399} {"metadata":{"emulator":{"name":"dataconnect"},"message":"Starting SQL Connect Emulator with command {\"binary\":\"/Users/madina.solutions/.cache/firebase/emulators/dataconnect-emulator-3.4.16\",\"args\":[\"--logtostderr\",\"-v=2\",\"dev\",\"--listen=localhost:50001\",\"--config_dir=/Volumes/DATA UTAMA/DEVELOPER/madina-solution-production-final/dataconnect\",\"--enable_output_schema_extensions=true\",\"--enable_output_generated_sdk=true\"],\"optionalArgs\":[\"listen\",\"config_dir\",\"enable_output_schema_extensions\",\"enable_output_generated_sdk\"],\"joinArgs\":true,\"shell\":false,\"port\":9399}"}}
[info] i  dataconnect: SQL Connect Emulator logging to dataconnect-debug.log {"metadata":{"emulator":{"name":"dataconnect"},"message":"SQL Connect Emulator logging to dataconnect-debug.log"}}
[debug] [2026-09-14T10:11:35.508Z] I0914 17:11:35.251738    4359 load.go:31] Reloading schema and connectors...
I0914 17:11:35.396856    4359 control.go:100] [projects/emulator/locations/emulator/services/madina-solution-production-final 91a6] UpdateResources(): done
Main schema: sources: schema/schema.gql [1992B] 
Connector "example": sources: example/mutations.gql [1243B] example/queries.gql [1801B] 
 {"metadata":{"emulator":{"name":"dataconnect"},"message":"I0914 17:11:35.251738    4359 load.go:31] Reloading schema and connectors...\nI0914 17:11:35.396856    4359 control.go:100] [projects/emulator/locations/emulator/services/madina-solution-production-final 91a6] UpdateResources(): done\nMain schema: sources: schema/schema.gql [1992B] \nConnector \"example\": sources: example/mutations.gql [1243B] example/queries.gql [1801B] \n"}}
[debug] [2026-09-14T10:11:36.100Z] I0914 17:11:35.483897    4359 codegen.go:101] [connector "example" javascriptSdk] Generating sources into "/Volumes/DATA UTAMA/DEVELOPER/madina-solution-production-final/src/dataconnect-generated"
 {"metadata":{"emulator":{"name":"dataconnect"},"message":"I0914 17:11:35.483897    4359 codegen.go:101] [connector \"example\" javascriptSdk] Generating sources into \"/Volumes/DATA UTAMA/DEVELOPER/madina-solution-production-final/src/dataconnect-generated\"\n"}}
[debug] [2026-09-14T10:11:37.346Z] I0914 17:11:37.286609    4359 collector.go:107] schema extensions wrote into "/Volumes/DATA UTAMA/DEVELOPER/madina-solution-production-final/dataconnect/.dataconnect/schema"
Generated sources: main/relation.gql [14318B] main/query.gql [5099B] main/mutation.gql [13679B] main/implicit.gql [1261B] main/input.gql [29309B] prelude.gql [84995B] 
 {"metadata":{"emulator":{"name":"dataconnect"},"message":"I0914 17:11:37.286609    4359 collector.go:107] schema extensions wrote into \"/Volumes/DATA UTAMA/DEVELOPER/madina-solution-production-final/dataconnect/.dataconnect/schema\"\nGenerated sources: main/relation.gql [14318B] main/query.gql [5099B] main/mutation.gql [13679B] main/implicit.gql [1261B] main/input.gql [29309B] prelude.gql [84995B] \n"}}
[debug] [2026-09-14T10:11:37.386Z] I0914 17:11:37.382907    4359 collector.go:107] connector "example" javascriptSdk wrote into "/Volumes/DATA UTAMA/DEVELOPER/madina-solution-production-final/src/dataconnect-generated"
Generated sources: index.d.ts [8408B] react/README.md [48281B] README.md [41217B] react/esm/package.json [17B] react/index.cjs.js [3439B] .guides/usage.md [3489B] .guides/setup.md [1682B] .guides/config.json [236B] esm/index.esm.js [5375B] esm/package.json [17B] package.json [853B] react/package.json [460B] react/esm/index.esm.js [3269B] index.cjs.js [5919B] react/index.d.ts [3961B] 
 {"metadata":{"emulator":{"name":"dataconnect"},"message":"I0914 17:11:37.382907    4359 collector.go:107] connector \"example\" javascriptSdk wrote into \"/Volumes/DATA UTAMA/DEVELOPER/madina-solution-production-final/src/dataconnect-generated\"\nGenerated sources: index.d.ts [8408B] react/README.md [48281B] README.md [41217B] react/esm/package.json [17B] react/index.cjs.js [3439B] .guides/usage.md [3489B] .guides/setup.md [1682B] .guides/config.json [236B] esm/index.esm.js [5375B] esm/package.json [17B] package.json [853B] react/package.json [460B] react/esm/index.esm.js [3269B] index.cjs.js [5919B] react/index.d.ts [3961B] \n"}}
[debug] [2026-09-14T10:11:37.671Z] I0914 17:11:37.498898    4359 installsdk.go:86] Running command: /Users/madina.solutions/.nvm/versions/node/v22.23.2/bin/npm install file:src/dataconnect-generated
 {"metadata":{"emulator":{"name":"dataconnect"},"message":"I0914 17:11:37.498898    4359 installsdk.go:86] Running command: /Users/madina.solutions/.nvm/versions/node/v22.23.2/bin/npm install file:src/dataconnect-generated\n"}}
[debug] [2026-09-14T10:12:34.198Z] I0914 17:12:21.581228    4359 load.go:109] Finished reloading
I0914 17:12:21.815951    4359 dev.go:101] Listening on address (HTTP + gRPC): 127.0.0.1:50001
 {"metadata":{"emulator":{"name":"dataconnect"},"message":"I0914 17:12:21.581228    4359 load.go:109] Finished reloading\nI0914 17:12:21.815951    4359 dev.go:101] Listening on address (HTTP + gRPC): 127.0.0.1:50001\n"}}
[info] [Firebase Plugin] Stopping SQL Connect toolkit
[warn] ⚠  SQL Connect Emulator has exited upon receiving signal: SIGINT 
[debug] [2026-09-14T10:20:35.723Z] [Firebase Plugin] Activating Firebase extension.
[debug] [2026-09-14T10:21:02.483Z] [Firebase Plugin] requireAuthWrapper
[debug] [2026-09-14T10:21:02.484Z] > command requires scopes: ["email","openid","https://www.googleapis.com/auth/cloudplatformprojects.readonly","https://www.googleapis.com/auth/firebase","https://www.googleapis.com/auth/cloud-platform"]
[debug] [2026-09-14T10:21:02.484Z] > authorizing via signed-in user (perc.madina@gmail.com)
[debug] [2026-09-14T10:21:02.487Z] Checked if tokens are valid: false, expires at: 1789381715487
[debug] [2026-09-14T10:21:02.488Z] Checked if tokens are valid: false, expires at: 1789381715487
[debug] [2026-09-14T10:21:02.488Z] > refreshing access token with scopes: []
[debug] [2026-09-14T10:21:02.490Z] >>> [apiv2][query] POST https://www.googleapis.com/oauth2/v3/token [none]
[debug] [2026-09-14T10:21:02.490Z] >>> [apiv2][body] POST https://www.googleapis.com/oauth2/v3/token [omitted]
[debug] [2026-09-14T10:21:02.513Z] [Firebase Plugin] VSCode notification server listening on port 40001
[debug] [2026-09-14T10:21:05.436Z] <<< [apiv2][status] POST https://www.googleapis.com/oauth2/v3/token 200
[debug] [2026-09-14T10:21:05.438Z] <<< [apiv2][body] POST https://www.googleapis.com/oauth2/v3/token [omitted]
[debug] [2026-09-14T10:21:05.834Z] [Firebase Plugin] User found:  perc.madina@gmail.com
[info] [Firebase Plugin] (Core:Project) New user detected, fetching projects
[debug] [2026-09-14T10:21:05.836Z] Checked if tokens are valid: true, expires at: 1789384864438
[debug] [2026-09-14T10:21:05.836Z] >>> [apiv2][query] GET https://firebase.googleapis.com/v1beta1/projects pageSize=1000
[info] [Firebase Plugin] Starting SQL Connect toolkit (version 3.4.16) on port 50001
[debug] [2026-09-14T10:21:07.546Z] I0914 17:21:07.524683    2740 control.go:100] [projects/emulator/locations/emulator/services/madina-solution-production-final 73ad] UpdateResources(): done
Main schema: sources: schema/schema.gql [1992B] 
Connector "example": sources: example/mutations.gql [1243B] example/queries.gql [1801B] 
 {"metadata":{"emulator":{"name":"dataconnect"},"message":"I0914 17:21:07.524683    2740 control.go:100] [projects/emulator/locations/emulator/services/madina-solution-production-final 73ad] UpdateResources(): done\nMain schema: sources: schema/schema.gql [1992B] \nConnector \"example\": sources: example/mutations.gql [1243B] example/queries.gql [1801B] \n"}}
[debug] [2026-09-14T10:21:07.547Z] Ignoring unsupported arg: auto_download {"metadata":{"emulator":{"name":"dataconnect"},"message":"Ignoring unsupported arg: auto_download"}}
[debug] [2026-09-14T10:21:07.548Z] Ignoring unsupported arg: port {"metadata":{"emulator":{"name":"dataconnect"},"message":"Ignoring unsupported arg: port"}}
[debug] [2026-09-14T10:21:07.548Z] Starting SQL Connect Emulator with command {"binary":"/Users/madina.solutions/.cache/firebase/emulators/dataconnect-emulator-3.4.16","args":["--logtostderr","-v=2","dev","--listen=localhost:50001","--config_dir=/Volumes/DATA UTAMA/DEVELOPER/madina-solution-production-final/dataconnect","--enable_output_schema_extensions=true","--enable_output_generated_sdk=true"],"optionalArgs":["listen","config_dir","enable_output_schema_extensions","enable_output_generated_sdk"],"joinArgs":true,"shell":false,"port":9399} {"metadata":{"emulator":{"name":"dataconnect"},"message":"Starting SQL Connect Emulator with command {\"binary\":\"/Users/madina.solutions/.cache/firebase/emulators/dataconnect-emulator-3.4.16\",\"args\":[\"--logtostderr\",\"-v=2\",\"dev\",\"--listen=localhost:50001\",\"--config_dir=/Volumes/DATA UTAMA/DEVELOPER/madina-solution-production-final/dataconnect\",\"--enable_output_schema_extensions=true\",\"--enable_output_generated_sdk=true\"],\"optionalArgs\":[\"listen\",\"config_dir\",\"enable_output_schema_extensions\",\"enable_output_generated_sdk\"],\"joinArgs\":true,\"shell\":false,\"port\":9399}"}}
[info] i  dataconnect: SQL Connect Emulator logging to dataconnect-debug.log {"metadata":{"emulator":{"name":"dataconnect"},"message":"SQL Connect Emulator logging to dataconnect-debug.log"}}
[debug] [2026-09-14T10:21:08.625Z] I0914 17:21:08.095321    2949 load.go:31] Reloading schema and connectors...
I0914 17:21:08.618154    2949 control.go:100] [projects/emulator/locations/emulator/services/madina-solution-production-final df93] UpdateResources(): done
Main schema: sources: schema/schema.gql [1992B] 
Connector "example": sources: example/mutations.gql [1243B] example/queries.gql [1801B] 
 {"metadata":{"emulator":{"name":"dataconnect"},"message":"I0914 17:21:08.095321    2949 load.go:31] Reloading schema and connectors...\nI0914 17:21:08.618154    2949 control.go:100] [projects/emulator/locations/emulator/services/madina-solution-production-final df93] UpdateResources(): done\nMain schema: sources: schema/schema.gql [1992B] \nConnector \"example\": sources: example/mutations.gql [1243B] example/queries.gql [1801B] \n"}}
[debug] [2026-09-14T10:21:09.165Z] I0914 17:21:09.053919    2949 codegen.go:101] [connector "example" javascriptSdk] Generating sources into "/Volumes/DATA UTAMA/DEVELOPER/madina-solution-production-final/src/dataconnect-generated"
 {"metadata":{"emulator":{"name":"dataconnect"},"message":"I0914 17:21:09.053919    2949 codegen.go:101] [connector \"example\" javascriptSdk] Generating sources into \"/Volumes/DATA UTAMA/DEVELOPER/madina-solution-production-final/src/dataconnect-generated\"\n"}}
[debug] [2026-09-14T10:21:09.330Z] I0914 17:21:09.177340    2949 collector.go:107] schema extensions wrote into "/Volumes/DATA UTAMA/DEVELOPER/madina-solution-production-final/dataconnect/.dataconnect/schema"
Generated sources: main/implicit.gql [1261B] main/input.gql [29309B] main/relation.gql [14318B] main/query.gql [5099B] prelude.gql [84995B] main/mutation.gql [13679B] 
I0914 17:21:09.189154    2949 collector.go:107] connector "example" javascriptSdk wrote into "/Volumes/DATA UTAMA/DEVELOPER/madina-solution-production-final/src/dataconnect-generated"
Generated sources: index.d.ts [8408B] esm/index.esm.js [5375B] esm/package.json [17B] react/index.d.ts [3961B] .guides/config.json [236B] package.json [853B] README.md [41217B] react/package.json [460B] react/esm/package.json [17B] react/esm/index.esm.js [3269B] .guides/usage.md [3489B] .guides/setup.md [1682B] index.cjs.js [5919B] react/index.cjs.js [3439B] react/README.md [48281B] 
 {"metadata":{"emulator":{"name":"dataconnect"},"message":"I0914 17:21:09.177340    2949 collector.go:107] schema extensions wrote into \"/Volumes/DATA UTAMA/DEVELOPER/madina-solution-production-final/dataconnect/.dataconnect/schema\"\nGenerated sources: main/implicit.gql [1261B] main/input.gql [29309B] main/relation.gql [14318B] main/query.gql [5099B] prelude.gql [84995B] main/mutation.gql [13679B] \nI0914 17:21:09.189154    2949 collector.go:107] connector \"example\" javascriptSdk wrote into \"/Volumes/DATA UTAMA/DEVELOPER/madina-solution-production-final/src/dataconnect-generated\"\nGenerated sources: index.d.ts [8408B] esm/index.esm.js [5375B] esm/package.json [17B] react/index.d.ts [3961B] .guides/config.json [236B] package.json [853B] README.md [41217B] react/package.json [460B] react/esm/package.json [17B] react/esm/index.esm.js [3269B] .guides/usage.md [3489B] .guides/setup.md [1682B] index.cjs.js [5919B] react/index.cjs.js [3439B] react/README.md [48281B] \n"}}
[debug] [2026-09-14T10:21:09.724Z] I0914 17:21:09.552504    2949 installsdk.go:55] Package @dataconnect/generated is already installed. Skipping installation
I0914 17:21:09.552681    2949 load.go:109] Finished reloading
I0914 17:21:09.663166    2949 dev.go:101] Listening on address (HTTP + gRPC): 127.0.0.1:50001
 {"metadata":{"emulator":{"name":"dataconnect"},"message":"I0914 17:21:09.552504    2949 installsdk.go:55] Package @dataconnect/generated is already installed. Skipping installation\nI0914 17:21:09.552681    2949 load.go:109] Finished reloading\nI0914 17:21:09.663166    2949 dev.go:101] Listening on address (HTTP + gRPC): 127.0.0.1:50001\n"}}
[debug] [2026-09-14T10:21:10.951Z] I0914 17:21:10.783685    2949 engine.go:209] [projects/emulator/locations/emulator/services/madina-solution-production-final df93] ExecuteGraphqlRead query IntrospectionQuery: succeeded. 
 {"metadata":{"emulator":{"name":"dataconnect"},"message":"I0914 17:21:10.783685    2949 engine.go:209] [projects/emulator/locations/emulator/services/madina-solution-production-final df93] ExecuteGraphqlRead query IntrospectionQuery: succeeded. \n"}}
[debug] [2026-09-14T10:21:11.071Z] <<< [apiv2][status] GET https://firebase.googleapis.com/v1beta1/projects 200
[debug] [2026-09-14T10:21:11.071Z] <<< [apiv2][body] GET https://firebase.googleapis.com/v1beta1/projects [omitted]
[info] [Firebase Plugin] Stopping SQL Connect toolkit
[warn] ⚠  SQL Connect Emulator has exited upon receiving signal: SIGINT 
[debug] [2026-09-14T10:32:31.509Z] [Firebase Plugin] Activating Firebase extension.
[debug] [2026-09-14T10:33:07.829Z] [Firebase Plugin] requireAuthWrapper
[debug] [2026-09-14T10:33:07.831Z] > command requires scopes: ["email","openid","https://www.googleapis.com/auth/cloudplatformprojects.readonly","https://www.googleapis.com/auth/firebase","https://www.googleapis.com/auth/cloud-platform"]
[debug] [2026-09-14T10:33:07.833Z] > authorizing via signed-in user (perc.madina@gmail.com)
[debug] [2026-09-14T10:33:07.844Z] Checked if tokens are valid: true, expires at: 1789384864438
[debug] [2026-09-14T10:33:07.845Z] Checked if tokens are valid: true, expires at: 1789384864438
[debug] [2026-09-14T10:33:07.845Z] [Firebase Plugin] User found:  perc.madina@gmail.com
[info] [Firebase Plugin] (Core:Project) New user detected, fetching projects
[debug] [2026-09-14T10:33:08.123Z] Checked if tokens are valid: true, expires at: 1789384864438
[debug] [2026-09-14T10:33:08.125Z] >>> [apiv2][query] GET https://firebase.googleapis.com/v1beta1/projects pageSize=1000
[debug] [2026-09-14T10:33:09.928Z] [Firebase Plugin] VSCode notification server listening on port 40001
[info] [Firebase Plugin] Starting SQL Connect toolkit (version 3.4.16) on port 50001
[debug] [2026-09-14T10:33:17.000Z] I0914 17:33:16.811232    3213 control.go:100] [projects/emulator/locations/emulator/services/madina-solution-production-final 3f1c] UpdateResources(): done
Main schema: sources: schema/schema.gql [1992B] 
Connector "example": sources: example/mutations.gql [1243B] example/queries.gql [1801B] 
 {"metadata":{"emulator":{"name":"dataconnect"},"message":"I0914 17:33:16.811232    3213 control.go:100] [projects/emulator/locations/emulator/services/madina-solution-production-final 3f1c] UpdateResources(): done\nMain schema: sources: schema/schema.gql [1992B] \nConnector \"example\": sources: example/mutations.gql [1243B] example/queries.gql [1801B] \n"}}
[debug] [2026-09-14T10:33:17.002Z] Ignoring unsupported arg: auto_download {"metadata":{"emulator":{"name":"dataconnect"},"message":"Ignoring unsupported arg: auto_download"}}
[debug] [2026-09-14T10:33:17.003Z] Ignoring unsupported arg: port {"metadata":{"emulator":{"name":"dataconnect"},"message":"Ignoring unsupported arg: port"}}
[debug] [2026-09-14T10:33:17.004Z] Starting SQL Connect Emulator with command {"binary":"/Users/madina.solutions/.cache/firebase/emulators/dataconnect-emulator-3.4.16","args":["--logtostderr","-v=2","dev","--listen=localhost:50001","--config_dir=/Volumes/DATA UTAMA/DEVELOPER/madina-solution-production-final/dataconnect","--enable_output_schema_extensions=true","--enable_output_generated_sdk=true"],"optionalArgs":["listen","config_dir","enable_output_schema_extensions","enable_output_generated_sdk"],"joinArgs":true,"shell":false,"port":9399} {"metadata":{"emulator":{"name":"dataconnect"},"message":"Starting SQL Connect Emulator with command {\"binary\":\"/Users/madina.solutions/.cache/firebase/emulators/dataconnect-emulator-3.4.16\",\"args\":[\"--logtostderr\",\"-v=2\",\"dev\",\"--listen=localhost:50001\",\"--config_dir=/Volumes/DATA UTAMA/DEVELOPER/madina-solution-production-final/dataconnect\",\"--enable_output_schema_extensions=true\",\"--enable_output_generated_sdk=true\"],\"optionalArgs\":[\"listen\",\"config_dir\",\"enable_output_schema_extensions\",\"enable_output_generated_sdk\"],\"joinArgs\":true,\"shell\":false,\"port\":9399}"}}
[info] i  dataconnect: SQL Connect Emulator logging to dataconnect-debug.log {"metadata":{"emulator":{"name":"dataconnect"},"message":"SQL Connect Emulator logging to dataconnect-debug.log"}}
[debug] [2026-09-14T10:33:19.571Z] I0914 17:33:17.480514    3415 load.go:31] Reloading schema and connectors...
I0914 17:33:17.534224    3415 control.go:100] [projects/emulator/locations/emulator/services/madina-solution-production-final a00c] UpdateResources(): done
Main schema: sources: schema/schema.gql [1992B] 
Connector "example": sources: example/mutations.gql [1243B] example/queries.gql [1801B] 
I0914 17:33:17.580427    3415 codegen.go:101] [connector "example" javascriptSdk] Generating sources into "/Volumes/DATA UTAMA/DEVELOPER/madina-solution-production-final/src/dataconnect-generated"
I0914 17:33:17.647544    3415 collector.go:107] schema extensions wrote into "/Volumes/DATA UTAMA/DEVELOPER/madina-solution-production-final/dataconnect/.dataconnect/schema"
Generated sources: main/input.gql [29309B] main/relation.gql [14318B] main/query.gql [5099B] main/mutation.gql [13679B] prelude.gql [84995B] main/implicit.gql [1261B] 
I0914 17:33:17.674256    3415 collector.go:107] connector "example" javascriptSdk wrote into "/Volumes/DATA UTAMA/DEVELOPER/madina-solution-production-final/src/dataconnect-generated"
Generated sources: react/package.json [460B] react/esm/index.esm.js [3269B] esm/index.esm.js [5375B] README.md [41217B] react/index.d.ts [3961B] .guides/setup.md [1682B] index.d.ts [8408B] react/README.md [48281B] .guides/config.json [236B] index.cjs.js [5919B] package.json [853B] react/esm/package.json [17B] react/index.cjs.js [3439B] .guides/usage.md [3489B] esm/package.json [17B] 
I0914 17:33:17.817480    3415 installsdk.go:55] Package @dataconnect/generated is already installed. Skipping installation
I0914 17:33:17.817565    3415 load.go:109] Finished reloading
I0914 17:33:17.841735    3415 dev.go:101] Listening on address (HTTP + gRPC): 127.0.0.1:50001
 {"metadata":{"emulator":{"name":"dataconnect"},"message":"I0914 17:33:17.480514    3415 load.go:31] Reloading schema and connectors...\nI0914 17:33:17.534224    3415 control.go:100] [projects/emulator/locations/emulator/services/madina-solution-production-final a00c] UpdateResources(): done\nMain schema: sources: schema/schema.gql [1992B] \nConnector \"example\": sources: example/mutations.gql [1243B] example/queries.gql [1801B] \nI0914 17:33:17.580427    3415 codegen.go:101] [connector \"example\" javascriptSdk] Generating sources into \"/Volumes/DATA UTAMA/DEVELOPER/madina-solution-production-final/src/dataconnect-generated\"\nI0914 17:33:17.647544    3415 collector.go:107] schema extensions wrote into \"/Volumes/DATA UTAMA/DEVELOPER/madina-solution-production-final/dataconnect/.dataconnect/schema\"\nGenerated sources: main/input.gql [29309B] main/relation.gql [14318B] main/query.gql [5099B] main/mutation.gql [13679B] prelude.gql [84995B] main/implicit.gql [1261B] \nI0914 17:33:17.674256    3415 collector.go:107] connector \"example\" javascriptSdk wrote into \"/Volumes/DATA UTAMA/DEVELOPER/madina-solution-production-final/src/dataconnect-generated\"\nGenerated sources: react/package.json [460B] react/esm/index.esm.js [3269B] esm/index.esm.js [5375B] README.md [41217B] react/index.d.ts [3961B] .guides/setup.md [1682B] index.d.ts [8408B] react/README.md [48281B] .guides/config.json [236B] index.cjs.js [5919B] package.json [853B] react/esm/package.json [17B] react/index.cjs.js [3439B] .guides/usage.md [3489B] esm/package.json [17B] \nI0914 17:33:17.817480    3415 installsdk.go:55] Package @dataconnect/generated is already installed. Skipping installation\nI0914 17:33:17.817565    3415 load.go:109] Finished reloading\nI0914 17:33:17.841735    3415 dev.go:101] Listening on address (HTTP + gRPC): 127.0.0.1:50001\n"}}
[debug] [2026-09-14T10:33:21.033Z] <<< [apiv2][status] GET https://firebase.googleapis.com/v1beta1/projects 200
[debug] [2026-09-14T10:33:21.034Z] <<< [apiv2][body] GET https://firebase.googleapis.com/v1beta1/projects [omitted]
[info] [Firebase Plugin] Stopping SQL Connect toolkit
[warn] ⚠  SQL Connect Emulator has exited upon receiving signal: SIGINT 
[debug] [2026-09-16T05:07:51.307Z] [Firebase Plugin] Activating Firebase extension.
[debug] [2026-09-16T05:07:58.831Z] [Firebase Plugin] requireAuthWrapper
[debug] [2026-09-16T05:07:58.832Z] > command requires scopes: ["email","openid","https://www.googleapis.com/auth/cloudplatformprojects.readonly","https://www.googleapis.com/auth/firebase","https://www.googleapis.com/auth/cloud-platform"]
[debug] [2026-09-16T05:07:58.832Z] > authorizing via signed-in user (perc.madina@gmail.com)
[debug] [2026-09-16T05:07:58.836Z] Checked if tokens are valid: false, expires at: 1789535125252
[debug] [2026-09-16T05:07:58.836Z] Checked if tokens are valid: false, expires at: 1789535125252
[debug] [2026-09-16T05:07:58.837Z] > refreshing access token with scopes: []
[debug] [2026-09-16T05:07:58.839Z] >>> [apiv2][query] POST https://www.googleapis.com/oauth2/v3/token [none]
[debug] [2026-09-16T05:07:58.841Z] >>> [apiv2][body] POST https://www.googleapis.com/oauth2/v3/token [omitted]
[debug] [2026-09-16T05:07:58.925Z] [Firebase Plugin] VSCode notification server listening on port 40001
[info] [Firebase Plugin] Starting SQL Connect toolkit (version 3.4.16) on port 50001
[debug] [2026-09-16T05:08:40.629Z] I0916 12:08:40.599804   18065 control.go:100] [projects/emulator/locations/emulator/services/madina-solution-production-final 26fb] UpdateResources(): done
Main schema: sources: schema/schema.gql [1992B] 
Connector "example": sources: example/queries.gql [1801B] example/mutations.gql [1243B] 
 {"metadata":{"emulator":{"name":"dataconnect"},"message":"I0916 12:08:40.599804   18065 control.go:100] [projects/emulator/locations/emulator/services/madina-solution-production-final 26fb] UpdateResources(): done\nMain schema: sources: schema/schema.gql [1992B] \nConnector \"example\": sources: example/queries.gql [1801B] example/mutations.gql [1243B] \n"}}
[debug] [2026-09-16T05:08:40.630Z] Ignoring unsupported arg: auto_download {"metadata":{"emulator":{"name":"dataconnect"},"message":"Ignoring unsupported arg: auto_download"}}
[debug] [2026-09-16T05:08:40.631Z] Ignoring unsupported arg: port {"metadata":{"emulator":{"name":"dataconnect"},"message":"Ignoring unsupported arg: port"}}
[debug] [2026-09-16T05:08:40.631Z] Starting SQL Connect Emulator with command {"binary":"/Users/madina.solutions/.cache/firebase/emulators/dataconnect-emulator-3.4.16","args":["--logtostderr","-v=2","dev","--listen=localhost:50001","--config_dir=/Volumes/DATA UTAMA/DEVELOPER/madina-solution-production-final/dataconnect","--enable_output_schema_extensions=true","--enable_output_generated_sdk=true"],"optionalArgs":["listen","config_dir","enable_output_schema_extensions","enable_output_generated_sdk"],"joinArgs":true,"shell":false,"port":9399} {"metadata":{"emulator":{"name":"dataconnect"},"message":"Starting SQL Connect Emulator with command {\"binary\":\"/Users/madina.solutions/.cache/firebase/emulators/dataconnect-emulator-3.4.16\",\"args\":[\"--logtostderr\",\"-v=2\",\"dev\",\"--listen=localhost:50001\",\"--config_dir=/Volumes/DATA UTAMA/DEVELOPER/madina-solution-production-final/dataconnect\",\"--enable_output_schema_extensions=true\",\"--enable_output_generated_sdk=true\"],\"optionalArgs\":[\"listen\",\"config_dir\",\"enable_output_schema_extensions\",\"enable_output_generated_sdk\"],\"joinArgs\":true,\"shell\":false,\"port\":9399}"}}
[info] i  dataconnect: SQL Connect Emulator logging to dataconnect-debug.log {"metadata":{"emulator":{"name":"dataconnect"},"message":"SQL Connect Emulator logging to dataconnect-debug.log"}}
[debug] [2026-09-16T05:08:40.981Z] *** [apiv2] error from fetch(https://www.googleapis.com/oauth2/v3/token, {"headers":{},"method":"POST","body":{"type":"Buffer","data":[45,45,45,45,45,45,45,45,45,45,45,45,45,45,45,45,45,45,45,45,45,45,45,45,45,45,45,45,102,55,102,57,51,98,57,99,100,97,49,100,57,49,100,53,51,102,52,53,51,101,97,54,13,10,67,111,110,116,101,110,116,45,68,105,115,112,111,115,105,116,105,111,110,58,32,102,111,114,109,45,100,97,116,97,59,32,110,97,109,101,61,34,114,101,102,114,101,115,104,95,116,111,107,101,110,34,13,10,13,10,49,47,47,48,103,74,103,117,51,75,73,50,100,54,74,95,67,103,89,73,65,82,65,65,71,66,65,83,78,119,70,45,76,57,73,114,103,108,52,87,82,56,110,72,115,89,99,75,54,84,69,55,86,74,114,84,104,66,110,80,78,97,70,101,48,119,100,90,69,78,56,100,53,99,55,45,89,68,115,77,117,103,74,113,109,104,88,102,104,50,90,53,70,81,84,77,116,114,104,80,114,79,81,13,10,45,45,45,45,45,45,45,45,45,45,45,45,45,45,45,45,45,45,45,45,45,45,45,45,45,45,45,45,102,55,102,57,51,98,57,99,100,97,49,100,57,49,100,53,51,102,52,53,51,101,97,54,13,10,67,111,110,116,101,110,116,45,68,105,115,112,111,115,105,116,105,111,110,58,32,102,111,114,109,45,100,97,116,97,59,32,110,97,109,101,61,34,99,108,105,101,110,116,95,105,100,34,13,10,13,10,53,54,51,53,56,52,51,51,53,56,54,57,45,102,103,114,104,103,109,100,52,55,98,113,110,101,107,105,106,53,105,56,98,53,112,114,48,51,104,111,56,52,57,101,54,46,97,112,112,115,46,103,111,111,103,108,101,117,115,101,114,99,111,110,116,101,110,116,46,99,111,109,13,10,45,45,45,45,45,45,45,45,45,45,45,45,45,45,45,45,45,45,45,45,45,45,45,45,45,45,45,45,102,55,102,57,51,98,57,99,100,97,49,100,57,49,100,53,51,102,52,53,51,101,97,54,13,10,67,111,110,116,101,110,116,45,68,105,115,112,111,115,105,116,105,111,110,58,32,102,111,114,109,45,100,97,116,97,59,32,110,97,109,101,61,34,99,108,105,101,110,116,95,115,101,99,114,101,116,34,13,10,13,10,106,57,105,86,90,102,83,56,107,107,67,69,70,85,80,97,65,101,74,86,48,115,65,105,13,10,45,45,45,45,45,45,45,45,45,45,45,45,45,45,45,45,45,45,45,45,45,45,45,45,45,45,45,45,102,55,102,57,51,98,57,99,100,97,49,100,57,49,100,53,51,102,52,53,51,101,97,54,13,10,67,111,110,116,101,110,116,45,68,105,115,112,111,115,105,116,105,111,110,58,32,102,111,114,109,45,100,97,116,97,59,32,110,97,109,101,61,34,103,114,97,110,116,95,116,121,112,101,34,13,10,13,10,114,101,102,114,101,115,104,95,116,111,107,101,110,13,10,45,45,45,45,45,45,45,45,45,45,45,45,45,45,45,45,45,45,45,45,45,45,45,45,45,45,45,45,102,55,102,57,51,98,57,99,100,97,49,100,57,49,100,53,51,102,52,53,51,101,97,54,13,10,67,111,110,116,101,110,116,45,68,105,115,112,111,115,105,116,105,111,110,58,32,102,111,114,109,45,100,97,116,97,59,32,110,97,109,101,61,34,115,99,111,112,101,34,13,10,13,10,13,10,45,45,45,45,45,45,45,45,45,45,45,45,45,45,45,45,45,45,45,45,45,45,45,45,45,45,45,45,102,55,102,57,51,98,57,99,100,97,49,100,57,49,100,53,51,102,52,53,51,101,97,54,45,45,13,10]}}): Error: read ECONNRESET
[debug] [2026-09-16T05:08:40.982Z] *** [apiv2] retrying https://www.googleapis.com/oauth2/v3/token without keep-alive after a premature close error
[debug] [2026-09-16T05:08:42.580Z] *** [apiv2] Attempting the request again. Attempt number 2
[debug] [2026-09-16T05:08:42.581Z] >>> [apiv2][query] POST https://www.googleapis.com/oauth2/v3/token [none]
[debug] [2026-09-16T05:08:42.581Z] >>> [apiv2][body] POST https://www.googleapis.com/oauth2/v3/token [omitted]
[debug] [2026-09-16T05:08:43.645Z] I0916 12:08:43.129666   18290 load.go:31] Reloading schema and connectors...
 {"metadata":{"emulator":{"name":"dataconnect"},"message":"I0916 12:08:43.129666   18290 load.go:31] Reloading schema and connectors...\n"}}
[debug] [2026-09-16T05:08:45.089Z] I0916 12:08:43.802941   18290 control.go:100] [projects/emulator/locations/emulator/services/madina-solution-production-final 0bd6] UpdateResources(): done
Main schema: sources: schema/schema.gql [1992B] 
Connector "example": sources: example/mutations.gql [1243B] example/queries.gql [1801B] 
I0916 12:08:43.862967   18290 codegen.go:101] [connector "example" javascriptSdk] Generating sources into "/Volumes/DATA UTAMA/DEVELOPER/madina-solution-production-final/src/dataconnect-generated"
I0916 12:08:44.015987   18290 collector.go:107] schema extensions wrote into "/Volumes/DATA UTAMA/DEVELOPER/madina-solution-production-final/dataconnect/.dataconnect/schema"
Generated sources: main/implicit.gql [1261B] main/input.gql [29309B] main/relation.gql [14318B] main/query.gql [5099B] main/mutation.gql [13679B] prelude.gql [84995B] 
I0916 12:08:44.021036   18290 collector.go:107] connector "example" javascriptSdk wrote into "/Volumes/DATA UTAMA/DEVELOPER/madina-solution-production-final/src/dataconnect-generated"
Generated sources: esm/index.esm.js [5375B] esm/package.json [17B] index.cjs.js [5919B] README.md [41217B] react/package.json [460B] react/index.cjs.js [3439B] react/index.d.ts [3961B] react/README.md [48281B] .guides/config.json [236B] package.json [853B] react/esm/package.json [17B] react/esm/index.esm.js [3269B] .guides/usage.md [3489B] .guides/setup.md [1682B] index.d.ts [8408B] 
I0916 12:08:44.107315   18290 installsdk.go:86] Running command: /Users/madina.solutions/.nvm/versions/node/v22.23.2/bin/npm install file:src/dataconnect-generated
 {"metadata":{"emulator":{"name":"dataconnect"},"message":"I0916 12:08:43.802941   18290 control.go:100] [projects/emulator/locations/emulator/services/madina-solution-production-final 0bd6] UpdateResources(): done\nMain schema: sources: schema/schema.gql [1992B] \nConnector \"example\": sources: example/mutations.gql [1243B] example/queries.gql [1801B] \nI0916 12:08:43.862967   18290 codegen.go:101] [connector \"example\" javascriptSdk] Generating sources into \"/Volumes/DATA UTAMA/DEVELOPER/madina-solution-production-final/src/dataconnect-generated\"\nI0916 12:08:44.015987   18290 collector.go:107] schema extensions wrote into \"/Volumes/DATA UTAMA/DEVELOPER/madina-solution-production-final/dataconnect/.dataconnect/schema\"\nGenerated sources: main/implicit.gql [1261B] main/input.gql [29309B] main/relation.gql [14318B] main/query.gql [5099B] main/mutation.gql [13679B] prelude.gql [84995B] \nI0916 12:08:44.021036   18290 collector.go:107] connector \"example\" javascriptSdk wrote into \"/Volumes/DATA UTAMA/DEVELOPER/madina-solution-production-final/src/dataconnect-generated\"\nGenerated sources: esm/index.esm.js [5375B] esm/package.json [17B] index.cjs.js [5919B] README.md [41217B] react/package.json [460B] react/index.cjs.js [3439B] react/index.d.ts [3961B] react/README.md [48281B] .guides/config.json [236B] package.json [853B] react/esm/package.json [17B] react/esm/index.esm.js [3269B] .guides/usage.md [3489B] .guides/setup.md [1682B] index.d.ts [8408B] \nI0916 12:08:44.107315   18290 installsdk.go:86] Running command: /Users/madina.solutions/.nvm/versions/node/v22.23.2/bin/npm install file:src/dataconnect-generated\n"}}
[debug] [2026-09-16T05:08:46.325Z] <<< [apiv2][status] POST https://www.googleapis.com/oauth2/v3/token 200
[debug] [2026-09-16T05:08:46.325Z] <<< [apiv2][body] POST https://www.googleapis.com/oauth2/v3/token [omitted]
[debug] [2026-09-16T05:08:46.516Z] [Firebase Plugin] User found:  perc.madina@gmail.com
[info] [Firebase Plugin] (Core:Project) New user detected, fetching projects
[debug] [2026-09-16T05:08:46.518Z] Checked if tokens are valid: true, expires at: 1789538925327
[debug] [2026-09-16T05:08:46.520Z] >>> [apiv2][query] GET https://firebase.googleapis.com/v1beta1/projects pageSize=1000
[debug] [2026-09-16T05:08:49.488Z] <<< [apiv2][status] GET https://firebase.googleapis.com/v1beta1/projects 200
[debug] [2026-09-16T05:08:49.493Z] <<< [apiv2][body] GET https://firebase.googleapis.com/v1beta1/projects [omitted]
[debug] [2026-09-16T05:09:09.411Z] I0916 12:09:09.088008   18290 load.go:109] Finished reloading
 {"metadata":{"emulator":{"name":"dataconnect"},"message":"I0916 12:09:09.088008   18290 load.go:109] Finished reloading\n"}}
[debug] [2026-09-16T05:09:09.481Z] I0916 12:09:09.479164   18290 dev.go:101] Listening on address (HTTP + gRPC): 127.0.0.1:50001
 {"metadata":{"emulator":{"name":"dataconnect"},"message":"I0916 12:09:09.479164   18290 dev.go:101] Listening on address (HTTP + gRPC): 127.0.0.1:50001\n"}}
[info] [Firebase Plugin] Stopping SQL Connect toolkit
[warn] ⚠  SQL Connect Emulator has exited upon receiving signal: SIGINT 
[debug] [2026-09-16T12:22:17.689Z] [Firebase Plugin] Activating Firebase extension.
[debug] [2026-09-16T12:26:22.078Z] [Firebase Plugin] requireAuthWrapper
[debug] [2026-09-16T12:26:22.081Z] > command requires scopes: ["email","openid","https://www.googleapis.com/auth/cloudplatformprojects.readonly","https://www.googleapis.com/auth/firebase","https://www.googleapis.com/auth/cloud-platform"]
[debug] [2026-09-16T12:26:22.081Z] > authorizing via signed-in user (perc.madina@gmail.com)
[debug] [2026-09-16T12:26:22.087Z] Checked if tokens are valid: false, expires at: 1789538925327
[debug] [2026-09-16T12:26:22.087Z] Checked if tokens are valid: false, expires at: 1789538925327
[debug] [2026-09-16T12:26:22.088Z] > refreshing access token with scopes: []
[debug] [2026-09-16T12:26:22.102Z] >>> [apiv2][query] POST https://www.googleapis.com/oauth2/v3/token [none]
[debug] [2026-09-16T12:26:22.102Z] >>> [apiv2][body] POST https://www.googleapis.com/oauth2/v3/token [omitted]
[debug] [2026-09-16T12:26:28.491Z] <<< [apiv2][status] POST https://www.googleapis.com/oauth2/v3/token 200
[debug] [2026-09-16T12:26:28.492Z] <<< [apiv2][body] POST https://www.googleapis.com/oauth2/v3/token [omitted]
[debug] [2026-09-16T12:26:28.734Z] [Firebase Plugin] User found:  perc.madina@gmail.com
[info] [Firebase Plugin] (Core:Project) New user detected, fetching projects
[debug] [2026-09-16T12:26:28.736Z] Checked if tokens are valid: true, expires at: 1789565187492
[debug] [2026-09-16T12:26:28.736Z] >>> [apiv2][query] GET https://firebase.googleapis.com/v1beta1/projects pageSize=1000
[info] [Firebase Plugin] Starting SQL Connect toolkit (version 3.4.16) on port 50001
[debug] [2026-09-16T12:26:35.822Z] I0916 19:26:35.770800   29739 control.go:100] [projects/emulator/locations/emulator/services/madina-solution-production-final 11be] UpdateResources(): done
Main schema: sources: schema/schema.gql [1992B] 
Connector "example": sources: example/queries.gql [1801B] example/mutations.gql [1243B] 
 {"metadata":{"emulator":{"name":"dataconnect"},"message":"I0916 19:26:35.770800   29739 control.go:100] [projects/emulator/locations/emulator/services/madina-solution-production-final 11be] UpdateResources(): done\nMain schema: sources: schema/schema.gql [1992B] \nConnector \"example\": sources: example/queries.gql [1801B] example/mutations.gql [1243B] \n"}}
[debug] [2026-09-16T12:26:35.831Z] Ignoring unsupported arg: auto_download {"metadata":{"emulator":{"name":"dataconnect"},"message":"Ignoring unsupported arg: auto_download"}}
[debug] [2026-09-16T12:26:35.831Z] Ignoring unsupported arg: port {"metadata":{"emulator":{"name":"dataconnect"},"message":"Ignoring unsupported arg: port"}}
[debug] [2026-09-16T12:26:35.833Z] Starting SQL Connect Emulator with command {"binary":"/Users/madina.solutions/.cache/firebase/emulators/dataconnect-emulator-3.4.16","args":["--logtostderr","-v=2","dev","--listen=localhost:50001","--config_dir=/Volumes/DATA UTAMA/DEVELOPER/madina-solution-production-final/dataconnect","--enable_output_schema_extensions=true","--enable_output_generated_sdk=true"],"optionalArgs":["listen","config_dir","enable_output_schema_extensions","enable_output_generated_sdk"],"joinArgs":true,"shell":false,"port":9399} {"metadata":{"emulator":{"name":"dataconnect"},"message":"Starting SQL Connect Emulator with command {\"binary\":\"/Users/madina.solutions/.cache/firebase/emulators/dataconnect-emulator-3.4.16\",\"args\":[\"--logtostderr\",\"-v=2\",\"dev\",\"--listen=localhost:50001\",\"--config_dir=/Volumes/DATA UTAMA/DEVELOPER/madina-solution-production-final/dataconnect\",\"--enable_output_schema_extensions=true\",\"--enable_output_generated_sdk=true\"],\"optionalArgs\":[\"listen\",\"config_dir\",\"enable_output_schema_extensions\",\"enable_output_generated_sdk\"],\"joinArgs\":true,\"shell\":false,\"port\":9399}"}}
[info] i  dataconnect: SQL Connect Emulator logging to dataconnect-debug.log {"metadata":{"emulator":{"name":"dataconnect"},"message":"SQL Connect Emulator logging to dataconnect-debug.log"}}
[debug] [2026-09-16T12:26:36.043Z] I0916 19:26:36.024807   29761 load.go:31] Reloading schema and connectors...
 {"metadata":{"emulator":{"name":"dataconnect"},"message":"I0916 19:26:36.024807   29761 load.go:31] Reloading schema and connectors...\n"}}
[debug] [2026-09-16T12:26:36.082Z] I0916 19:26:36.060847   29761 control.go:100] [projects/emulator/locations/emulator/services/madina-solution-production-final ec3e] UpdateResources(): done
Main schema: sources: schema/schema.gql [1992B] 
Connector "example": sources: example/mutations.gql [1243B] example/queries.gql [1801B] 
 {"metadata":{"emulator":{"name":"dataconnect"},"message":"I0916 19:26:36.060847   29761 control.go:100] [projects/emulator/locations/emulator/services/madina-solution-production-final ec3e] UpdateResources(): done\nMain schema: sources: schema/schema.gql [1992B] \nConnector \"example\": sources: example/mutations.gql [1243B] example/queries.gql [1801B] \n"}}
[debug] [2026-09-16T12:26:36.116Z] <<< [apiv2][status] GET https://firebase.googleapis.com/v1beta1/projects 200
[debug] [2026-09-16T12:26:36.117Z] <<< [apiv2][body] GET https://firebase.googleapis.com/v1beta1/projects [omitted]
[debug] [2026-09-16T12:26:36.147Z] I0916 19:26:36.112646   29761 codegen.go:101] [connector "example" javascriptSdk] Generating sources into "/Volumes/DATA UTAMA/DEVELOPER/madina-solution-production-final/src/dataconnect-generated"
 {"metadata":{"emulator":{"name":"dataconnect"},"message":"I0916 19:26:36.112646   29761 codegen.go:101] [connector \"example\" javascriptSdk] Generating sources into \"/Volumes/DATA UTAMA/DEVELOPER/madina-solution-production-final/src/dataconnect-generated\"\n"}}
[debug] [2026-09-16T12:26:36.194Z] I0916 19:26:36.168699   29761 collector.go:107] schema extensions wrote into "/Volumes/DATA UTAMA/DEVELOPER/madina-solution-production-final/dataconnect/.dataconnect/schema"
Generated sources: prelude.gql [84995B] main/query.gql [5099B] main/mutation.gql [13679B] main/implicit.gql [1261B] main/input.gql [29309B] main/relation.gql [14318B] 
I0916 19:26:36.178391   29761 collector.go:107] connector "example" javascriptSdk wrote into "/Volumes/DATA UTAMA/DEVELOPER/madina-solution-production-final/src/dataconnect-generated"
Generated sources: esm/index.esm.js [5375B] react/index.d.ts [3961B] .guides/usage.md [3489B] .guides/setup.md [1682B] index.cjs.js [5919B] README.md [41217B] react/package.json [460B] react/esm/package.json [17B] react/esm/index.esm.js [3269B] react/README.md [48281B] index.d.ts [8408B] esm/package.json [17B] package.json [853B] react/index.cjs.js [3439B] .guides/config.json [236B] 
I0916 19:26:36.184153   29761 installsdk.go:55] Package @dataconnect/generated is already installed. Skipping installation
I0916 19:26:36.185946   29761 load.go:109] Finished reloading
 {"metadata":{"emulator":{"name":"dataconnect"},"message":"I0916 19:26:36.168699   29761 collector.go:107] schema extensions wrote into \"/Volumes/DATA UTAMA/DEVELOPER/madina-solution-production-final/dataconnect/.dataconnect/schema\"\nGenerated sources: prelude.gql [84995B] main/query.gql [5099B] main/mutation.gql [13679B] main/implicit.gql [1261B] main/input.gql [29309B] main/relation.gql [14318B] \nI0916 19:26:36.178391   29761 collector.go:107] connector \"example\" javascriptSdk wrote into \"/Volumes/DATA UTAMA/DEVELOPER/madina-solution-production-final/src/dataconnect-generated\"\nGenerated sources: esm/index.esm.js [5375B] react/index.d.ts [3961B] .guides/usage.md [3489B] .guides/setup.md [1682B] index.cjs.js [5919B] README.md [41217B] react/package.json [460B] react/esm/package.json [17B] react/esm/index.esm.js [3269B] react/README.md [48281B] index.d.ts [8408B] esm/package.json [17B] package.json [853B] react/index.cjs.js [3439B] .guides/config.json [236B] \nI0916 19:26:36.184153   29761 installsdk.go:55] Package @dataconnect/generated is already installed. Skipping installation\nI0916 19:26:36.185946   29761 load.go:109] Finished reloading\n"}}
[debug] [2026-09-16T12:26:36.224Z] I0916 19:26:36.221538   29761 dev.go:101] Listening on address (HTTP + gRPC): 127.0.0.1:50001
 {"metadata":{"emulator":{"name":"dataconnect"},"message":"I0916 19:26:36.221538   29761 dev.go:101] Listening on address (HTTP + gRPC): 127.0.0.1:50001\n"}}
[debug] [2026-09-16T12:26:36.838Z] I0916 19:26:36.837707   29761 engine.go:209] [projects/emulator/locations/emulator/services/madina-solution-production-final ec3e] ExecuteGraphqlRead query IntrospectionQuery: succeeded. 
 {"metadata":{"emulator":{"name":"dataconnect"},"message":"I0916 19:26:36.837707   29761 engine.go:209] [projects/emulator/locations/emulator/services/madina-solution-production-final ec3e] ExecuteGraphqlRead query IntrospectionQuery: succeeded. \n"}}
[info] [Firebase Plugin] Stopping SQL Connect toolkit
[warn] ⚠  SQL Connect Emulator has exited upon receiving signal: SIGINT 
[debug] [2026-09-16T18:08:01.598Z] [Firebase Plugin] Activating Firebase extension.
[debug] [2026-09-16T18:08:44.842Z] [Firebase Plugin] requireAuthWrapper
[debug] [2026-09-16T18:08:44.844Z] > command requires scopes: ["email","openid","https://www.googleapis.com/auth/cloudplatformprojects.readonly","https://www.googleapis.com/auth/firebase","https://www.googleapis.com/auth/cloud-platform"]
[debug] [2026-09-16T18:08:44.844Z] > authorizing via signed-in user (perc.madina@gmail.com)
[debug] [2026-09-16T18:08:44.848Z] Checked if tokens are valid: false, expires at: 1789565190111
[debug] [2026-09-16T18:08:44.848Z] Checked if tokens are valid: false, expires at: 1789565190111
[debug] [2026-09-16T18:08:44.849Z] > refreshing access token with scopes: []
[debug] [2026-09-16T18:08:44.851Z] >>> [apiv2][query] POST https://www.googleapis.com/oauth2/v3/token [none]
[debug] [2026-09-16T18:08:44.852Z] >>> [apiv2][body] POST https://www.googleapis.com/oauth2/v3/token [omitted]
[debug] [2026-09-16T18:08:46.145Z] [Firebase Plugin] VSCode notification server listening on port 40001
[info] [Firebase Plugin] Starting SQL Connect toolkit (version 3.4.16) on port 50001
[debug] [2026-09-16T18:08:49.942Z] I0917 01:08:49.915546   47662 control.go:100] [projects/emulator/locations/emulator/services/madina-solution-production-final fab7] UpdateResources(): done
Main schema: sources: schema/schema.gql [1992B] 
Connector "example": sources: example/mutations.gql [1243B] example/queries.gql [1801B] 
 {"metadata":{"emulator":{"name":"dataconnect"},"message":"I0917 01:08:49.915546   47662 control.go:100] [projects/emulator/locations/emulator/services/madina-solution-production-final fab7] UpdateResources(): done\nMain schema: sources: schema/schema.gql [1992B] \nConnector \"example\": sources: example/mutations.gql [1243B] example/queries.gql [1801B] \n"}}
[debug] [2026-09-16T18:08:49.943Z] Ignoring unsupported arg: auto_download {"metadata":{"emulator":{"name":"dataconnect"},"message":"Ignoring unsupported arg: auto_download"}}
[debug] [2026-09-16T18:08:49.944Z] Ignoring unsupported arg: port {"metadata":{"emulator":{"name":"dataconnect"},"message":"Ignoring unsupported arg: port"}}
[debug] [2026-09-16T18:08:49.944Z] Starting SQL Connect Emulator with command {"binary":"/Users/madina.solutions/.cache/firebase/emulators/dataconnect-emulator-3.4.16","args":["--logtostderr","-v=2","dev","--listen=localhost:50001","--config_dir=/Volumes/DATA UTAMA/DEVELOPER/madina-solution-production-final/dataconnect","--enable_output_schema_extensions=true","--enable_output_generated_sdk=true"],"optionalArgs":["listen","config_dir","enable_output_schema_extensions","enable_output_generated_sdk"],"joinArgs":true,"shell":false,"port":9399} {"metadata":{"emulator":{"name":"dataconnect"},"message":"Starting SQL Connect Emulator with command {\"binary\":\"/Users/madina.solutions/.cache/firebase/emulators/dataconnect-emulator-3.4.16\",\"args\":[\"--logtostderr\",\"-v=2\",\"dev\",\"--listen=localhost:50001\",\"--config_dir=/Volumes/DATA UTAMA/DEVELOPER/madina-solution-production-final/dataconnect\",\"--enable_output_schema_extensions=true\",\"--enable_output_generated_sdk=true\"],\"optionalArgs\":[\"listen\",\"config_dir\",\"enable_output_schema_extensions\",\"enable_output_generated_sdk\"],\"joinArgs\":true,\"shell\":false,\"port\":9399}"}}
[info] i  dataconnect: SQL Connect Emulator logging to dataconnect-debug.log {"metadata":{"emulator":{"name":"dataconnect"},"message":"SQL Connect Emulator logging to dataconnect-debug.log"}}
[debug] [2026-09-16T18:08:49.951Z] <<< [apiv2][status] POST https://www.googleapis.com/oauth2/v3/token 200
[debug] [2026-09-16T18:08:49.952Z] <<< [apiv2][body] POST https://www.googleapis.com/oauth2/v3/token [omitted]
[debug] [2026-09-16T18:08:50.212Z] [Firebase Plugin] User found:  perc.madina@gmail.com
[info] [Firebase Plugin] (Core:Project) New user detected, fetching projects
[debug] [2026-09-16T18:08:50.213Z] Checked if tokens are valid: true, expires at: 1789585728952
[debug] [2026-09-16T18:08:50.214Z] >>> [apiv2][query] GET https://firebase.googleapis.com/v1beta1/projects pageSize=1000
[debug] [2026-09-16T18:08:50.529Z] I0917 01:08:50.250581   47789 load.go:31] Reloading schema and connectors...
I0917 01:08:50.311654   47789 control.go:100] [projects/emulator/locations/emulator/services/madina-solution-production-final fcde] UpdateResources(): done
Main schema: sources: schema/schema.gql [1992B] 
Connector "example": sources: example/mutations.gql [1243B] example/queries.gql [1801B] 
 {"metadata":{"emulator":{"name":"dataconnect"},"message":"I0917 01:08:50.250581   47789 load.go:31] Reloading schema and connectors...\nI0917 01:08:50.311654   47789 control.go:100] [projects/emulator/locations/emulator/services/madina-solution-production-final fcde] UpdateResources(): done\nMain schema: sources: schema/schema.gql [1992B] \nConnector \"example\": sources: example/mutations.gql [1243B] example/queries.gql [1801B] \n"}}
[debug] [2026-09-16T18:08:50.844Z] I0917 01:08:50.794102   47789 codegen.go:101] [connector "example" javascriptSdk] Generating sources into "/Volumes/DATA UTAMA/DEVELOPER/madina-solution-production-final/src/dataconnect-generated"
 {"metadata":{"emulator":{"name":"dataconnect"},"message":"I0917 01:08:50.794102   47789 codegen.go:101] [connector \"example\" javascriptSdk] Generating sources into \"/Volumes/DATA UTAMA/DEVELOPER/madina-solution-production-final/src/dataconnect-generated\"\n"}}
[debug] [2026-09-16T18:08:50.955Z] I0917 01:08:50.871795   47789 collector.go:107] schema extensions wrote into "/Volumes/DATA UTAMA/DEVELOPER/madina-solution-production-final/dataconnect/.dataconnect/schema"
Generated sources: main/input.gql [29309B] prelude.gql [84995B] main/relation.gql [14318B] main/query.gql [5099B] main/mutation.gql [13679B] main/implicit.gql [1261B] 
I0917 01:08:50.877143   47789 collector.go:107] connector "example" javascriptSdk wrote into "/Volumes/DATA UTAMA/DEVELOPER/madina-solution-production-final/src/dataconnect-generated"
Generated sources: index.cjs.js [5919B] react/esm/index.esm.js [3269B] .guides/setup.md [1682B] .guides/config.json [236B] README.md [41217B] react/package.json [460B] index.d.ts [8408B] esm/package.json [17B] react/index.d.ts [3961B] react/esm/package.json [17B] react/README.md [48281B] esm/index.esm.js [5375B] package.json [853B] react/index.cjs.js [3439B] .guides/usage.md [3489B] 
 {"metadata":{"emulator":{"name":"dataconnect"},"message":"I0917 01:08:50.871795   47789 collector.go:107] schema extensions wrote into \"/Volumes/DATA UTAMA/DEVELOPER/madina-solution-production-final/dataconnect/.dataconnect/schema\"\nGenerated sources: main/input.gql [29309B] prelude.gql [84995B] main/relation.gql [14318B] main/query.gql [5099B] main/mutation.gql [13679B] main/implicit.gql [1261B] \nI0917 01:08:50.877143   47789 collector.go:107] connector \"example\" javascriptSdk wrote into \"/Volumes/DATA UTAMA/DEVELOPER/madina-solution-production-final/src/dataconnect-generated\"\nGenerated sources: index.cjs.js [5919B] react/esm/index.esm.js [3269B] .guides/setup.md [1682B] .guides/config.json [236B] README.md [41217B] react/package.json [460B] index.d.ts [8408B] esm/package.json [17B] react/index.d.ts [3961B] react/esm/package.json [17B] react/README.md [48281B] esm/index.esm.js [5375B] package.json [853B] react/index.cjs.js [3439B] .guides/usage.md [3489B] \n"}}
[debug] [2026-09-16T18:08:51.261Z] I0917 01:08:51.133088   47789 installsdk.go:86] Running command: /Users/madina.solutions/.nvm/versions/node/v22.23.2/bin/npm install file:src/dataconnect-generated
 {"metadata":{"emulator":{"name":"dataconnect"},"message":"I0917 01:08:51.133088   47789 installsdk.go:86] Running command: /Users/madina.solutions/.nvm/versions/node/v22.23.2/bin/npm install file:src/dataconnect-generated\n"}}
[debug] [2026-09-16T18:08:51.540Z] <<< [apiv2][status] GET https://firebase.googleapis.com/v1beta1/projects 200
[debug] [2026-09-16T18:08:51.541Z] <<< [apiv2][body] GET https://firebase.googleapis.com/v1beta1/projects [omitted]
[debug] [2026-09-16T18:09:10.290Z] I0917 01:09:10.209109   47789 load.go:109] Finished reloading
 {"metadata":{"emulator":{"name":"dataconnect"},"message":"I0917 01:09:10.209109   47789 load.go:109] Finished reloading\n"}}
[debug] [2026-09-16T18:09:10.308Z] I0917 01:09:10.304909   47789 dev.go:101] Listening on address (HTTP + gRPC): 127.0.0.1:50001
 {"metadata":{"emulator":{"name":"dataconnect"},"message":"I0917 01:09:10.304909   47789 dev.go:101] Listening on address (HTTP + gRPC): 127.0.0.1:50001\n"}}
[info] [Firebase Plugin] Stopping SQL Connect toolkit
[warn] ⚠  SQL Connect Emulator has exited upon receiving signal: SIGINT 
[debug] [2026-09-16T19:27:18.508Z] [Firebase Plugin] Activating Firebase extension.
[debug] [2026-09-16T19:29:40.243Z] [Firebase Plugin] requireAuthWrapper
[debug] [2026-09-16T19:29:40.246Z] > command requires scopes: ["email","openid","https://www.googleapis.com/auth/cloudplatformprojects.readonly","https://www.googleapis.com/auth/firebase","https://www.googleapis.com/auth/cloud-platform"]
[debug] [2026-09-16T19:29:40.248Z] > authorizing via signed-in user (perc.madina@gmail.com)
[debug] [2026-09-16T19:29:40.258Z] Checked if tokens are valid: true, expires at: 1789590389919
[debug] [2026-09-16T19:29:40.260Z] Checked if tokens are valid: true, expires at: 1789590389919
[debug] [2026-09-16T19:29:40.260Z] [Firebase Plugin] User found:  perc.madina@gmail.com
[info] [Firebase Plugin] (Core:Project) New user detected, fetching projects
[debug] [2026-09-16T19:29:40.264Z] Checked if tokens are valid: true, expires at: 1789590389919
[debug] [2026-09-16T19:29:40.268Z] >>> [apiv2][query] GET https://firebase.googleapis.com/v1beta1/projects pageSize=1000
[debug] [2026-09-16T19:29:40.570Z] [Firebase Plugin] VSCode notification server listening on port 40001
[info] [Firebase Plugin] Starting SQL Connect toolkit (version 3.4.16) on port 50001
[debug] [2026-09-16T19:29:49.148Z] I0917 02:29:49.127476   53254 control.go:100] [projects/emulator/locations/emulator/services/madina-solution-production-final 0d06] UpdateResources(): done
Main schema: sources: schema/schema.gql [1992B] 
Connector "example": sources: example/mutations.gql [1243B] example/queries.gql [1801B] 
 {"metadata":{"emulator":{"name":"dataconnect"},"message":"I0917 02:29:49.127476   53254 control.go:100] [projects/emulator/locations/emulator/services/madina-solution-production-final 0d06] UpdateResources(): done\nMain schema: sources: schema/schema.gql [1992B] \nConnector \"example\": sources: example/mutations.gql [1243B] example/queries.gql [1801B] \n"}}
[debug] [2026-09-16T19:29:49.149Z] Ignoring unsupported arg: auto_download {"metadata":{"emulator":{"name":"dataconnect"},"message":"Ignoring unsupported arg: auto_download"}}
[debug] [2026-09-16T19:29:49.150Z] Ignoring unsupported arg: port {"metadata":{"emulator":{"name":"dataconnect"},"message":"Ignoring unsupported arg: port"}}
[debug] [2026-09-16T19:29:49.150Z] Starting SQL Connect Emulator with command {"binary":"/Users/madina.solutions/.cache/firebase/emulators/dataconnect-emulator-3.4.16","args":["--logtostderr","-v=2","dev","--listen=localhost:50001","--config_dir=/Volumes/DATA UTAMA/DEVELOPER/madina-solution-production-final/dataconnect","--enable_output_schema_extensions=true","--enable_output_generated_sdk=true"],"optionalArgs":["listen","config_dir","enable_output_schema_extensions","enable_output_generated_sdk"],"joinArgs":true,"shell":false,"port":9399} {"metadata":{"emulator":{"name":"dataconnect"},"message":"Starting SQL Connect Emulator with command {\"binary\":\"/Users/madina.solutions/.cache/firebase/emulators/dataconnect-emulator-3.4.16\",\"args\":[\"--logtostderr\",\"-v=2\",\"dev\",\"--listen=localhost:50001\",\"--config_dir=/Volumes/DATA UTAMA/DEVELOPER/madina-solution-production-final/dataconnect\",\"--enable_output_schema_extensions=true\",\"--enable_output_generated_sdk=true\"],\"optionalArgs\":[\"listen\",\"config_dir\",\"enable_output_schema_extensions\",\"enable_output_generated_sdk\"],\"joinArgs\":true,\"shell\":false,\"port\":9399}"}}
[info] i  dataconnect: SQL Connect Emulator logging to dataconnect-debug.log {"metadata":{"emulator":{"name":"dataconnect"},"message":"SQL Connect Emulator logging to dataconnect-debug.log"}}
[debug] [2026-09-16T19:29:49.867Z] <<< [apiv2][status] GET https://firebase.googleapis.com/v1beta1/projects 200
[debug] [2026-09-16T19:29:49.897Z] <<< [apiv2][body] GET https://firebase.googleapis.com/v1beta1/projects [omitted]
[debug] [2026-09-16T19:29:49.904Z] I0917 02:29:49.727985   53256 load.go:31] Reloading schema and connectors...
I0917 02:29:49.858186   53256 control.go:100] [projects/emulator/locations/emulator/services/madina-solution-production-final e0a3] UpdateResources(): done
Main schema: sources: schema/schema.gql [1992B] 
Connector "example": sources: example/mutations.gql [1243B] example/queries.gql [1801B] 
 {"metadata":{"emulator":{"name":"dataconnect"},"message":"I0917 02:29:49.727985   53256 load.go:31] Reloading schema and connectors...\nI0917 02:29:49.858186   53256 control.go:100] [projects/emulator/locations/emulator/services/madina-solution-production-final e0a3] UpdateResources(): done\nMain schema: sources: schema/schema.gql [1992B] \nConnector \"example\": sources: example/mutations.gql [1243B] example/queries.gql [1801B] \n"}}
[debug] [2026-09-16T19:29:50.045Z] I0917 02:29:49.963268   53256 codegen.go:101] [connector "example" javascriptSdk] Generating sources into "/Volumes/DATA UTAMA/DEVELOPER/madina-solution-production-final/src/dataconnect-generated"
I0917 02:29:50.007645   53256 collector.go:107] schema extensions wrote into "/Volumes/DATA UTAMA/DEVELOPER/madina-solution-production-final/dataconnect/.dataconnect/schema"
Generated sources: prelude.gql [84995B] main/implicit.gql [1261B] main/input.gql [29309B] main/relation.gql [14318B] main/query.gql [5099B] main/mutation.gql [13679B] 
 {"metadata":{"emulator":{"name":"dataconnect"},"message":"I0917 02:29:49.963268   53256 codegen.go:101] [connector \"example\" javascriptSdk] Generating sources into \"/Volumes/DATA UTAMA/DEVELOPER/madina-solution-production-final/src/dataconnect-generated\"\nI0917 02:29:50.007645   53256 collector.go:107] schema extensions wrote into \"/Volumes/DATA UTAMA/DEVELOPER/madina-solution-production-final/dataconnect/.dataconnect/schema\"\nGenerated sources: prelude.gql [84995B] main/implicit.gql [1261B] main/input.gql [29309B] main/relation.gql [14318B] main/query.gql [5099B] main/mutation.gql [13679B] \n"}}
[debug] [2026-09-16T19:29:50.337Z] I0917 02:29:50.071099   53256 collector.go:107] connector "example" javascriptSdk wrote into "/Volumes/DATA UTAMA/DEVELOPER/madina-solution-production-final/src/dataconnect-generated"
Generated sources: index.cjs.js [5919B] react/esm/package.json [17B] .guides/setup.md [1682B] .guides/config.json [236B] esm/package.json [17B] react/index.cjs.js [3439B] .guides/usage.md [3489B] package.json [853B] README.md [41217B] react/package.json [460B] react/esm/index.esm.js [3269B] index.d.ts [8408B] esm/index.esm.js [5375B] react/index.d.ts [3961B] react/README.md [48281B] 
I0917 02:29:50.159464   53256 installsdk.go:86] Running command: /Users/madina.solutions/.nvm/versions/node/v22.23.2/bin/npm install file:src/dataconnect-generated
 {"metadata":{"emulator":{"name":"dataconnect"},"message":"I0917 02:29:50.071099   53256 collector.go:107] connector \"example\" javascriptSdk wrote into \"/Volumes/DATA UTAMA/DEVELOPER/madina-solution-production-final/src/dataconnect-generated\"\nGenerated sources: index.cjs.js [5919B] react/esm/package.json [17B] .guides/setup.md [1682B] .guides/config.json [236B] esm/package.json [17B] react/index.cjs.js [3439B] .guides/usage.md [3489B] package.json [853B] README.md [41217B] react/package.json [460B] react/esm/index.esm.js [3269B] index.d.ts [8408B] esm/index.esm.js [5375B] react/index.d.ts [3961B] react/README.md [48281B] \nI0917 02:29:50.159464   53256 installsdk.go:86] Running command: /Users/madina.solutions/.nvm/versions/node/v22.23.2/bin/npm install file:src/dataconnect-generated\n"}}
[debug] [2026-09-16T19:30:10.570Z] I0917 02:30:10.449348   53256 load.go:109] Finished reloading
 {"metadata":{"emulator":{"name":"dataconnect"},"message":"I0917 02:30:10.449348   53256 load.go:109] Finished reloading\n"}}
[debug] [2026-09-16T19:30:10.749Z] I0917 02:30:10.743468   53256 dev.go:101] Listening on address (HTTP + gRPC): 127.0.0.1:50001
 {"metadata":{"emulator":{"name":"dataconnect"},"message":"I0917 02:30:10.743468   53256 dev.go:101] Listening on address (HTTP + gRPC): 127.0.0.1:50001\n"}}
[info] [Firebase Plugin] Stopping SQL Connect toolkit
[warn] ⚠  SQL Connect Emulator has exited upon receiving signal: SIGINT 
[debug] [2026-09-16T19:47:11.130Z] [Firebase Plugin] Activating Firebase extension.
[debug] [2026-09-16T19:47:17.129Z] [Firebase Plugin] requireAuthWrapper
[debug] [2026-09-16T19:47:17.131Z] > command requires scopes: ["email","openid","https://www.googleapis.com/auth/cloudplatformprojects.readonly","https://www.googleapis.com/auth/firebase","https://www.googleapis.com/auth/cloud-platform"]
[debug] [2026-09-16T19:47:17.131Z] > authorizing via signed-in user (perc.madina@gmail.com)
[debug] [2026-09-16T19:47:17.135Z] Checked if tokens are valid: true, expires at: 1789590389919
[debug] [2026-09-16T19:47:17.135Z] Checked if tokens are valid: true, expires at: 1789590389919
[debug] [2026-09-16T19:47:17.135Z] [Firebase Plugin] User found:  perc.madina@gmail.com
[info] [Firebase Plugin] (Core:Project) New user detected, fetching projects
[debug] [2026-09-16T19:47:17.137Z] Checked if tokens are valid: true, expires at: 1789590389919
[debug] [2026-09-16T19:47:17.138Z] >>> [apiv2][query] GET https://firebase.googleapis.com/v1beta1/projects pageSize=1000
[debug] [2026-09-16T19:47:17.692Z] [Firebase Plugin] VSCode notification server listening on port 40001
[debug] [2026-09-16T19:47:51.022Z] *** [apiv2] error from fetch(https://firebase.googleapis.com/v1beta1/projects?pageSize=1000, {"headers":{},"method":"GET","signal":{}}): AbortError: This operation was aborted
[debug] [2026-09-16T19:47:51.023Z] Timeout reached making request to https://firebase.googleapis.com/v1beta1/projects?pageSize=1000
[info] [Firebase Plugin] Starting SQL Connect toolkit (version 3.4.16) on port 50001
[debug] [2026-09-16T19:47:55.454Z] I0917 02:47:55.433775   56572 control.go:100] [projects/emulator/locations/emulator/services/madina-solution-production-final a0bd] UpdateResources(): done
Main schema: sources: schema/schema.gql [1992B] 
Connector "example": sources: example/mutations.gql [1243B] example/queries.gql [1801B] 
 {"metadata":{"emulator":{"name":"dataconnect"},"message":"I0917 02:47:55.433775   56572 control.go:100] [projects/emulator/locations/emulator/services/madina-solution-production-final a0bd] UpdateResources(): done\nMain schema: sources: schema/schema.gql [1992B] \nConnector \"example\": sources: example/mutations.gql [1243B] example/queries.gql [1801B] \n"}}
[debug] [2026-09-16T19:47:55.454Z] Ignoring unsupported arg: auto_download {"metadata":{"emulator":{"name":"dataconnect"},"message":"Ignoring unsupported arg: auto_download"}}
[debug] [2026-09-16T19:47:55.455Z] Ignoring unsupported arg: port {"metadata":{"emulator":{"name":"dataconnect"},"message":"Ignoring unsupported arg: port"}}
[debug] [2026-09-16T19:47:55.456Z] Starting SQL Connect Emulator with command {"binary":"/Users/madina.solutions/.cache/firebase/emulators/dataconnect-emulator-3.4.16","args":["--logtostderr","-v=2","dev","--listen=localhost:50001","--config_dir=/Volumes/DATA UTAMA/DEVELOPER/madina-solution-production-final/dataconnect","--enable_output_schema_extensions=true","--enable_output_generated_sdk=true"],"optionalArgs":["listen","config_dir","enable_output_schema_extensions","enable_output_generated_sdk"],"joinArgs":true,"shell":false,"port":9399} {"metadata":{"emulator":{"name":"dataconnect"},"message":"Starting SQL Connect Emulator with command {\"binary\":\"/Users/madina.solutions/.cache/firebase/emulators/dataconnect-emulator-3.4.16\",\"args\":[\"--logtostderr\",\"-v=2\",\"dev\",\"--listen=localhost:50001\",\"--config_dir=/Volumes/DATA UTAMA/DEVELOPER/madina-solution-production-final/dataconnect\",\"--enable_output_schema_extensions=true\",\"--enable_output_generated_sdk=true\"],\"optionalArgs\":[\"listen\",\"config_dir\",\"enable_output_schema_extensions\",\"enable_output_generated_sdk\"],\"joinArgs\":true,\"shell\":false,\"port\":9399}"}}
[info] i  dataconnect: SQL Connect Emulator logging to dataconnect-debug.log {"metadata":{"emulator":{"name":"dataconnect"},"message":"SQL Connect Emulator logging to dataconnect-debug.log"}}
[debug] [2026-09-16T19:47:56.040Z] I0917 02:47:55.860981   56600 load.go:31] Reloading schema and connectors...
I0917 02:47:55.916868   56600 control.go:100] [projects/emulator/locations/emulator/services/madina-solution-production-final 9d7a] UpdateResources(): done
Main schema: sources: schema/schema.gql [1992B] 
Connector "example": sources: example/mutations.gql [1243B] example/queries.gql [1801B] 
I0917 02:47:56.014132   56600 codegen.go:101] [connector "example" javascriptSdk] Generating sources into "/Volumes/DATA UTAMA/DEVELOPER/madina-solution-production-final/src/dataconnect-generated"
 {"metadata":{"emulator":{"name":"dataconnect"},"message":"I0917 02:47:55.860981   56600 load.go:31] Reloading schema and connectors...\nI0917 02:47:55.916868   56600 control.go:100] [projects/emulator/locations/emulator/services/madina-solution-production-final 9d7a] UpdateResources(): done\nMain schema: sources: schema/schema.gql [1992B] \nConnector \"example\": sources: example/mutations.gql [1243B] example/queries.gql [1801B] \nI0917 02:47:56.014132   56600 codegen.go:101] [connector \"example\" javascriptSdk] Generating sources into \"/Volumes/DATA UTAMA/DEVELOPER/madina-solution-production-final/src/dataconnect-generated\"\n"}}
[debug] [2026-09-16T19:47:56.717Z] I0917 02:47:56.151580   56600 collector.go:107] schema extensions wrote into "/Volumes/DATA UTAMA/DEVELOPER/madina-solution-production-final/dataconnect/.dataconnect/schema"
Generated sources: main/mutation.gql [13679B] prelude.gql [84995B] main/implicit.gql [1261B] main/input.gql [29309B] main/relation.gql [14318B] main/query.gql [5099B] 
I0917 02:47:56.235692   56600 collector.go:107] connector "example" javascriptSdk wrote into "/Volumes/DATA UTAMA/DEVELOPER/madina-solution-production-final/src/dataconnect-generated"
Generated sources: react/package.json [460B] .guides/config.json [236B] esm/index.esm.js [5375B] index.cjs.js [5919B] README.md [41217B] react/README.md [48281B] .guides/setup.md [1682B] react/index.d.ts [3961B] react/esm/package.json [17B] react/index.cjs.js [3439B] react/esm/index.esm.js [3269B] .guides/usage.md [3489B] index.d.ts [8408B] esm/package.json [17B] package.json [853B] 
I0917 02:47:56.304544   56600 installsdk.go:86] Running command: /Users/madina.solutions/.nvm/versions/node/v22.23.2/bin/npm install file:src/dataconnect-generated
 {"metadata":{"emulator":{"name":"dataconnect"},"message":"I0917 02:47:56.151580   56600 collector.go:107] schema extensions wrote into \"/Volumes/DATA UTAMA/DEVELOPER/madina-solution-production-final/dataconnect/.dataconnect/schema\"\nGenerated sources: main/mutation.gql [13679B] prelude.gql [84995B] main/implicit.gql [1261B] main/input.gql [29309B] main/relation.gql [14318B] main/query.gql [5099B] \nI0917 02:47:56.235692   56600 collector.go:107] connector \"example\" javascriptSdk wrote into \"/Volumes/DATA UTAMA/DEVELOPER/madina-solution-production-final/src/dataconnect-generated\"\nGenerated sources: react/package.json [460B] .guides/config.json [236B] esm/index.esm.js [5375B] index.cjs.js [5919B] README.md [41217B] react/README.md [48281B] .guides/setup.md [1682B] react/index.d.ts [3961B] react/esm/package.json [17B] react/index.cjs.js [3439B] react/esm/index.esm.js [3269B] .guides/usage.md [3489B] index.d.ts [8408B] esm/package.json [17B] package.json [853B] \nI0917 02:47:56.304544   56600 installsdk.go:86] Running command: /Users/madina.solutions/.nvm/versions/node/v22.23.2/bin/npm install file:src/dataconnect-generated\n"}}
[debug] [2026-09-16T19:48:24.802Z] I0917 02:48:24.801037   56600 load.go:109] Finished reloading
 {"metadata":{"emulator":{"name":"dataconnect"},"message":"I0917 02:48:24.801037   56600 load.go:109] Finished reloading\n"}}
[debug] [2026-09-16T19:48:24.823Z] I0917 02:48:24.822274   56600 dev.go:101] Listening on address (HTTP + gRPC): 127.0.0.1:50001
 {"metadata":{"emulator":{"name":"dataconnect"},"message":"I0917 02:48:24.822274   56600 dev.go:101] Listening on address (HTTP + gRPC): 127.0.0.1:50001\n"}}
[info] [Firebase Plugin] Stopping SQL Connect toolkit
[warn] ⚠  SQL Connect Emulator has exited upon receiving signal: SIGINT 
[debug] [2026-09-16T20:05:56.596Z] [Firebase Plugin] Activating Firebase extension.
[debug] [2026-09-16T20:06:24.135Z] [Firebase Plugin] requireAuthWrapper
[debug] [2026-09-16T20:06:24.136Z] > command requires scopes: ["email","openid","https://www.googleapis.com/auth/cloudplatformprojects.readonly","https://www.googleapis.com/auth/firebase","https://www.googleapis.com/auth/cloud-platform"]
[debug] [2026-09-16T20:06:24.137Z] > authorizing via signed-in user (perc.madina@gmail.com)
[debug] [2026-09-16T20:06:24.140Z] Checked if tokens are valid: true, expires at: 1789590389919
[debug] [2026-09-16T20:06:24.141Z] Checked if tokens are valid: true, expires at: 1789590389919
[debug] [2026-09-16T20:06:24.141Z] [Firebase Plugin] User found:  perc.madina@gmail.com
[info] [Firebase Plugin] (Core:Project) New user detected, fetching projects
[debug] [2026-09-16T20:06:24.142Z] Checked if tokens are valid: true, expires at: 1789590389919
[debug] [2026-09-16T20:06:24.144Z] >>> [apiv2][query] GET https://firebase.googleapis.com/v1beta1/projects pageSize=1000
[debug] [2026-09-16T20:06:24.167Z] [Firebase Plugin] VSCode notification server listening on port 40001
[info] [Firebase Plugin] Starting SQL Connect toolkit (version 3.4.16) on port 50001
[debug] [2026-09-16T20:06:28.633Z] I0917 03:06:28.606354   62347 control.go:100] [projects/emulator/locations/emulator/services/madina-solution-production-final 2972] UpdateResources(): done
Main schema: sources: schema/schema.gql [1992B] 
Connector "example": sources: example/mutations.gql [1243B] example/queries.gql [1801B] 
 {"metadata":{"emulator":{"name":"dataconnect"},"message":"I0917 03:06:28.606354   62347 control.go:100] [projects/emulator/locations/emulator/services/madina-solution-production-final 2972] UpdateResources(): done\nMain schema: sources: schema/schema.gql [1992B] \nConnector \"example\": sources: example/mutations.gql [1243B] example/queries.gql [1801B] \n"}}
[debug] [2026-09-16T20:06:28.634Z] Ignoring unsupported arg: auto_download {"metadata":{"emulator":{"name":"dataconnect"},"message":"Ignoring unsupported arg: auto_download"}}
[debug] [2026-09-16T20:06:28.635Z] Ignoring unsupported arg: port {"metadata":{"emulator":{"name":"dataconnect"},"message":"Ignoring unsupported arg: port"}}
[debug] [2026-09-16T20:06:28.635Z] Starting SQL Connect Emulator with command {"binary":"/Users/madina.solutions/.cache/firebase/emulators/dataconnect-emulator-3.4.16","args":["--logtostderr","-v=2","dev","--listen=localhost:50001","--config_dir=/Volumes/DATA UTAMA/DEVELOPER/madina-solution-production-final/dataconnect","--enable_output_schema_extensions=true","--enable_output_generated_sdk=true"],"optionalArgs":["listen","config_dir","enable_output_schema_extensions","enable_output_generated_sdk"],"joinArgs":true,"shell":false,"port":9399} {"metadata":{"emulator":{"name":"dataconnect"},"message":"Starting SQL Connect Emulator with command {\"binary\":\"/Users/madina.solutions/.cache/firebase/emulators/dataconnect-emulator-3.4.16\",\"args\":[\"--logtostderr\",\"-v=2\",\"dev\",\"--listen=localhost:50001\",\"--config_dir=/Volumes/DATA UTAMA/DEVELOPER/madina-solution-production-final/dataconnect\",\"--enable_output_schema_extensions=true\",\"--enable_output_generated_sdk=true\"],\"optionalArgs\":[\"listen\",\"config_dir\",\"enable_output_schema_extensions\",\"enable_output_generated_sdk\"],\"joinArgs\":true,\"shell\":false,\"port\":9399}"}}
[info] i  dataconnect: SQL Connect Emulator logging to dataconnect-debug.log {"metadata":{"emulator":{"name":"dataconnect"},"message":"SQL Connect Emulator logging to dataconnect-debug.log"}}
[debug] [2026-09-16T20:06:28.833Z] <<< [apiv2][status] GET https://firebase.googleapis.com/v1beta1/projects 200
[debug] [2026-09-16T20:06:28.833Z] <<< [apiv2][body] GET https://firebase.googleapis.com/v1beta1/projects [omitted]
[debug] [2026-09-16T20:06:28.922Z] I0917 03:06:28.871041   62348 load.go:31] Reloading schema and connectors...
I0917 03:06:28.918381   62348 control.go:100] [projects/emulator/locations/emulator/services/madina-solution-production-final 6d8f] UpdateResources(): done
Main schema: sources: schema/schema.gql [1992B] 
Connector "example": sources: example/mutations.gql [1243B] example/queries.gql [1801B] 
 {"metadata":{"emulator":{"name":"dataconnect"},"message":"I0917 03:06:28.871041   62348 load.go:31] Reloading schema and connectors...\nI0917 03:06:28.918381   62348 control.go:100] [projects/emulator/locations/emulator/services/madina-solution-production-final 6d8f] UpdateResources(): done\nMain schema: sources: schema/schema.gql [1992B] \nConnector \"example\": sources: example/mutations.gql [1243B] example/queries.gql [1801B] \n"}}
[debug] [2026-09-16T20:06:28.964Z] I0917 03:06:28.956612   62348 codegen.go:101] [connector "example" javascriptSdk] Generating sources into "/Volumes/DATA UTAMA/DEVELOPER/madina-solution-production-final/src/dataconnect-generated"
 {"metadata":{"emulator":{"name":"dataconnect"},"message":"I0917 03:06:28.956612   62348 codegen.go:101] [connector \"example\" javascriptSdk] Generating sources into \"/Volumes/DATA UTAMA/DEVELOPER/madina-solution-production-final/src/dataconnect-generated\"\n"}}
[debug] [2026-09-16T20:06:29.023Z] I0917 03:06:29.007169   62348 collector.go:107] schema extensions wrote into "/Volumes/DATA UTAMA/DEVELOPER/madina-solution-production-final/dataconnect/.dataconnect/schema"
Generated sources: prelude.gql [84995B] main/implicit.gql [1261B] main/input.gql [29309B] main/relation.gql [14318B] main/query.gql [5099B] main/mutation.gql [13679B] 
 {"metadata":{"emulator":{"name":"dataconnect"},"message":"I0917 03:06:29.007169   62348 collector.go:107] schema extensions wrote into \"/Volumes/DATA UTAMA/DEVELOPER/madina-solution-production-final/dataconnect/.dataconnect/schema\"\nGenerated sources: prelude.gql [84995B] main/implicit.gql [1261B] main/input.gql [29309B] main/relation.gql [14318B] main/query.gql [5099B] main/mutation.gql [13679B] \n"}}
[debug] [2026-09-16T20:06:29.469Z] I0917 03:06:29.390781   62348 collector.go:107] connector "example" javascriptSdk wrote into "/Volumes/DATA UTAMA/DEVELOPER/madina-solution-production-final/src/dataconnect-generated"
Generated sources: esm/package.json [17B] README.md [41217B] react/package.json [460B] react/esm/package.json [17B] react/esm/index.esm.js [3269B] react/README.md [48281B] esm/index.esm.js [5375B] index.cjs.js [5919B] package.json [853B] react/index.d.ts [3961B] .guides/usage.md [3489B] .guides/setup.md [1682B] index.d.ts [8408B] .guides/config.json [236B] react/index.cjs.js [3439B] 
I0917 03:06:29.397856   62348 installsdk.go:86] Running command: /Users/madina.solutions/.nvm/versions/node/v22.23.2/bin/npm install file:src/dataconnect-generated
 {"metadata":{"emulator":{"name":"dataconnect"},"message":"I0917 03:06:29.390781   62348 collector.go:107] connector \"example\" javascriptSdk wrote into \"/Volumes/DATA UTAMA/DEVELOPER/madina-solution-production-final/src/dataconnect-generated\"\nGenerated sources: esm/package.json [17B] README.md [41217B] react/package.json [460B] react/esm/package.json [17B] react/esm/index.esm.js [3269B] react/README.md [48281B] esm/index.esm.js [5375B] index.cjs.js [5919B] package.json [853B] react/index.d.ts [3961B] .guides/usage.md [3489B] .guides/setup.md [1682B] index.d.ts [8408B] .guides/config.json [236B] react/index.cjs.js [3439B] \nI0917 03:06:29.397856   62348 installsdk.go:86] Running command: /Users/madina.solutions/.nvm/versions/node/v22.23.2/bin/npm install file:src/dataconnect-generated\n"}}
[debug] [2026-09-16T20:06:40.141Z] I0917 03:06:40.125041   62348 load.go:109] Finished reloading
 {"metadata":{"emulator":{"name":"dataconnect"},"message":"I0917 03:06:40.125041   62348 load.go:109] Finished reloading\n"}}
[debug] [2026-09-16T20:06:40.186Z] I0917 03:06:40.184353   62348 dev.go:101] Listening on address (HTTP + gRPC): 127.0.0.1:50001
 {"metadata":{"emulator":{"name":"dataconnect"},"message":"I0917 03:06:40.184353   62348 dev.go:101] Listening on address (HTTP + gRPC): 127.0.0.1:50001\n"}}
[info] [Firebase Plugin] Stopping SQL Connect toolkit
[warn] ⚠  SQL Connect Emulator has exited upon receiving signal: SIGINT 
[debug] [2026-09-16T20:58:51.494Z] [Firebase Plugin] Activating Firebase extension.
[info] [Firebase Plugin] Unable to check firebase-tools installation: TypeError: fetch failed
[debug] [2026-09-16T20:59:24.515Z] [Firebase Plugin] requireAuthWrapper
[debug] [2026-09-16T20:59:24.519Z] > command requires scopes: ["email","openid","https://www.googleapis.com/auth/cloudplatformprojects.readonly","https://www.googleapis.com/auth/firebase","https://www.googleapis.com/auth/cloud-platform"]
[debug] [2026-09-16T20:59:24.520Z] > authorizing via signed-in user (perc.madina@gmail.com)
[debug] [2026-09-16T20:59:24.523Z] Checked if tokens are valid: false, expires at: 1789590389919
[debug] [2026-09-16T20:59:24.524Z] Checked if tokens are valid: false, expires at: 1789590389919
[debug] [2026-09-16T20:59:24.524Z] > refreshing access token with scopes: []
[debug] [2026-09-16T20:59:24.527Z] >>> [apiv2][query] POST https://www.googleapis.com/oauth2/v3/token [none]
[debug] [2026-09-16T20:59:24.528Z] >>> [apiv2][body] POST https://www.googleapis.com/oauth2/v3/token [omitted]
[debug] [2026-09-16T20:59:24.559Z] [Firebase Plugin] VSCode notification server listening on port 40001
[info] [Firebase Plugin] Starting SQL Connect toolkit (version 3.4.16) on port 50001
[debug] [2026-09-16T20:59:34.704Z] I0917 03:59:34.597154   67888 control.go:100] [projects/emulator/locations/emulator/services/madina-solution-production-final 8a21] UpdateResources(): done
Main schema: sources: schema/schema.gql [1992B] 
Connector "example": sources: example/mutations.gql [1243B] example/queries.gql [1801B] 
 {"metadata":{"emulator":{"name":"dataconnect"},"message":"I0917 03:59:34.597154   67888 control.go:100] [projects/emulator/locations/emulator/services/madina-solution-production-final 8a21] UpdateResources(): done\nMain schema: sources: schema/schema.gql [1992B] \nConnector \"example\": sources: example/mutations.gql [1243B] example/queries.gql [1801B] \n"}}
[debug] [2026-09-16T20:59:34.705Z] Ignoring unsupported arg: auto_download {"metadata":{"emulator":{"name":"dataconnect"},"message":"Ignoring unsupported arg: auto_download"}}
[debug] [2026-09-16T20:59:34.706Z] Ignoring unsupported arg: port {"metadata":{"emulator":{"name":"dataconnect"},"message":"Ignoring unsupported arg: port"}}
[debug] [2026-09-16T20:59:34.706Z] Starting SQL Connect Emulator with command {"binary":"/Users/madina.solutions/.cache/firebase/emulators/dataconnect-emulator-3.4.16","args":["--logtostderr","-v=2","dev","--listen=localhost:50001","--config_dir=/Volumes/DATA UTAMA/DEVELOPER/madina-solution-production-final/dataconnect","--enable_output_schema_extensions=true","--enable_output_generated_sdk=true"],"optionalArgs":["listen","config_dir","enable_output_schema_extensions","enable_output_generated_sdk"],"joinArgs":true,"shell":false,"port":9399} {"metadata":{"emulator":{"name":"dataconnect"},"message":"Starting SQL Connect Emulator with command {\"binary\":\"/Users/madina.solutions/.cache/firebase/emulators/dataconnect-emulator-3.4.16\",\"args\":[\"--logtostderr\",\"-v=2\",\"dev\",\"--listen=localhost:50001\",\"--config_dir=/Volumes/DATA UTAMA/DEVELOPER/madina-solution-production-final/dataconnect\",\"--enable_output_schema_extensions=true\",\"--enable_output_generated_sdk=true\"],\"optionalArgs\":[\"listen\",\"config_dir\",\"enable_output_schema_extensions\",\"enable_output_generated_sdk\"],\"joinArgs\":true,\"shell\":false,\"port\":9399}"}}
[info] i  dataconnect: SQL Connect Emulator logging to dataconnect-debug.log {"metadata":{"emulator":{"name":"dataconnect"},"message":"SQL Connect Emulator logging to dataconnect-debug.log"}}
[debug] [2026-09-16T20:59:35.045Z] I0917 03:59:34.926453   68091 load.go:31] Reloading schema and connectors...
 {"metadata":{"emulator":{"name":"dataconnect"},"message":"I0917 03:59:34.926453   68091 load.go:31] Reloading schema and connectors...\n"}}
[debug] [2026-09-16T20:59:35.756Z] I0917 03:59:35.358678   68091 control.go:100] [projects/emulator/locations/emulator/services/madina-solution-production-final 3982] UpdateResources(): done
Main schema: sources: schema/schema.gql [1992B] 
Connector "example": sources: example/mutations.gql [1243B] example/queries.gql [1801B] 
 {"metadata":{"emulator":{"name":"dataconnect"},"message":"I0917 03:59:35.358678   68091 control.go:100] [projects/emulator/locations/emulator/services/madina-solution-production-final 3982] UpdateResources(): done\nMain schema: sources: schema/schema.gql [1992B] \nConnector \"example\": sources: example/mutations.gql [1243B] example/queries.gql [1801B] \n"}}
[debug] [2026-09-16T20:59:36.619Z] I0917 03:59:36.455972   68091 codegen.go:101] [connector "example" javascriptSdk] Generating sources into "/Volumes/DATA UTAMA/DEVELOPER/madina-solution-production-final/src/dataconnect-generated"
 {"metadata":{"emulator":{"name":"dataconnect"},"message":"I0917 03:59:36.455972   68091 codegen.go:101] [connector \"example\" javascriptSdk] Generating sources into \"/Volumes/DATA UTAMA/DEVELOPER/madina-solution-production-final/src/dataconnect-generated\"\n"}}
[debug] [2026-09-16T20:59:38.245Z] I0917 03:59:36.713214   68091 collector.go:107] schema extensions wrote into "/Volumes/DATA UTAMA/DEVELOPER/madina-solution-production-final/dataconnect/.dataconnect/schema"
Generated sources: main/input.gql [29309B] main/relation.gql [14318B] main/query.gql [5099B] prelude.gql [84995B] main/mutation.gql [13679B] main/implicit.gql [1261B] 
I0917 03:59:36.788670   68091 collector.go:107] connector "example" javascriptSdk wrote into "/Volumes/DATA UTAMA/DEVELOPER/madina-solution-production-final/src/dataconnect-generated"
Generated sources: index.d.ts [8408B] esm/index.esm.js [5375B] esm/package.json [17B] react/package.json [460B] react/README.md [48281B] .guides/setup.md [1682B] index.cjs.js [5919B] package.json [853B] react/esm/package.json [17B] react/index.cjs.js [3439B] .guides/usage.md [3489B] README.md [41217B] react/index.d.ts [3961B] react/esm/index.esm.js [3269B] .guides/config.json [236B] 
I0917 03:59:36.804110   68091 installsdk.go:86] Running command: /Users/madina.solutions/.nvm/versions/node/v22.23.2/bin/npm install file:src/dataconnect-generated
 {"metadata":{"emulator":{"name":"dataconnect"},"message":"I0917 03:59:36.713214   68091 collector.go:107] schema extensions wrote into \"/Volumes/DATA UTAMA/DEVELOPER/madina-solution-production-final/dataconnect/.dataconnect/schema\"\nGenerated sources: main/input.gql [29309B] main/relation.gql [14318B] main/query.gql [5099B] prelude.gql [84995B] main/mutation.gql [13679B] main/implicit.gql [1261B] \nI0917 03:59:36.788670   68091 collector.go:107] connector \"example\" javascriptSdk wrote into \"/Volumes/DATA UTAMA/DEVELOPER/madina-solution-production-final/src/dataconnect-generated\"\nGenerated sources: index.d.ts [8408B] esm/index.esm.js [5375B] esm/package.json [17B] react/package.json [460B] react/README.md [48281B] .guides/setup.md [1682B] index.cjs.js [5919B] package.json [853B] react/esm/package.json [17B] react/index.cjs.js [3439B] .guides/usage.md [3489B] README.md [41217B] react/index.d.ts [3961B] react/esm/index.esm.js [3269B] .guides/config.json [236B] \nI0917 03:59:36.804110   68091 installsdk.go:86] Running command: /Users/madina.solutions/.nvm/versions/node/v22.23.2/bin/npm install file:src/dataconnect-generated\n"}}
[debug] [2026-09-16T20:59:39.313Z] <<< [apiv2][status] POST https://www.googleapis.com/oauth2/v3/token 200
[debug] [2026-09-16T20:59:39.313Z] <<< [apiv2][body] POST https://www.googleapis.com/oauth2/v3/token [omitted]
[debug] [2026-09-16T20:59:39.651Z] [Firebase Plugin] User found:  perc.madina@gmail.com
[info] [Firebase Plugin] (Core:Project) New user detected, fetching projects
[debug] [2026-09-16T20:59:39.655Z] Checked if tokens are valid: true, expires at: 1789595978313
[debug] [2026-09-16T20:59:39.658Z] >>> [apiv2][query] GET https://firebase.googleapis.com/v1beta1/projects pageSize=1000
[debug] [2026-09-16T20:59:44.533Z] <<< [apiv2][status] GET https://firebase.googleapis.com/v1beta1/projects 200
[debug] [2026-09-16T20:59:44.534Z] <<< [apiv2][body] GET https://firebase.googleapis.com/v1beta1/projects [omitted]
[debug] [2026-09-16T21:00:59.999Z] I0917 04:00:59.643275   68091 load.go:109] Finished reloading
 {"metadata":{"emulator":{"name":"dataconnect"},"message":"I0917 04:00:59.643275   68091 load.go:109] Finished reloading\n"}}
[debug] [2026-09-16T21:01:00.074Z] I0917 04:01:00.072301   68091 dev.go:101] Listening on address (HTTP + gRPC): 127.0.0.1:50001
 {"metadata":{"emulator":{"name":"dataconnect"},"message":"I0917 04:01:00.072301   68091 dev.go:101] Listening on address (HTTP + gRPC): 127.0.0.1:50001\n"}}
[debug] [2026-09-16T21:07:18.901Z] [Firebase Plugin] Activating Firebase extension.
[debug] [2026-09-16T21:08:07.137Z] [Firebase Plugin] requireAuthWrapper
[debug] [2026-09-16T21:08:07.138Z] > command requires scopes: ["email","openid","https://www.googleapis.com/auth/cloudplatformprojects.readonly","https://www.googleapis.com/auth/firebase","https://www.googleapis.com/auth/cloud-platform"]
[debug] [2026-09-16T21:08:07.139Z] > authorizing via signed-in user (perc.madina@gmail.com)
[debug] [2026-09-16T21:08:07.142Z] Checked if tokens are valid: true, expires at: 1789595978313
[debug] [2026-09-16T21:08:07.143Z] Checked if tokens are valid: true, expires at: 1789595978313
[debug] [2026-09-16T21:08:07.143Z] [Firebase Plugin] User found:  perc.madina@gmail.com
[info] [Firebase Plugin] (Core:Project) New user detected, fetching projects
[debug] [2026-09-16T21:08:07.147Z] Checked if tokens are valid: true, expires at: 1789595978313
[debug] [2026-09-16T21:08:07.151Z] >>> [apiv2][query] GET https://firebase.googleapis.com/v1beta1/projects pageSize=1000
[debug] [2026-09-16T21:08:08.453Z] [Firebase Plugin] VSCode notification server listening on port 40001
[info] [Firebase Plugin] Starting SQL Connect toolkit (version 3.4.16) on port 50001
[debug] [2026-09-16T21:08:12.292Z] I0917 04:08:12.265592    3034 control.go:100] [projects/emulator/locations/emulator/services/madina-solution-production-final d2a2] UpdateResources(): done
Main schema: sources: schema/schema.gql [1992B] 
Connector "example": sources: example/mutations.gql [1243B] example/queries.gql [1801B] 
 {"metadata":{"emulator":{"name":"dataconnect"},"message":"I0917 04:08:12.265592    3034 control.go:100] [projects/emulator/locations/emulator/services/madina-solution-production-final d2a2] UpdateResources(): done\nMain schema: sources: schema/schema.gql [1992B] \nConnector \"example\": sources: example/mutations.gql [1243B] example/queries.gql [1801B] \n"}}
[debug] [2026-09-16T21:08:12.293Z] Ignoring unsupported arg: auto_download {"metadata":{"emulator":{"name":"dataconnect"},"message":"Ignoring unsupported arg: auto_download"}}
[debug] [2026-09-16T21:08:12.294Z] Ignoring unsupported arg: port {"metadata":{"emulator":{"name":"dataconnect"},"message":"Ignoring unsupported arg: port"}}
[debug] [2026-09-16T21:08:12.295Z] Starting SQL Connect Emulator with command {"binary":"/Users/madina.solutions/.cache/firebase/emulators/dataconnect-emulator-3.4.16","args":["--logtostderr","-v=2","dev","--listen=localhost:50001","--config_dir=/Volumes/DATA UTAMA/DEVELOPER/madina-solution-production-final/dataconnect","--enable_output_schema_extensions=true","--enable_output_generated_sdk=true"],"optionalArgs":["listen","config_dir","enable_output_schema_extensions","enable_output_generated_sdk"],"joinArgs":true,"shell":false,"port":9399} {"metadata":{"emulator":{"name":"dataconnect"},"message":"Starting SQL Connect Emulator with command {\"binary\":\"/Users/madina.solutions/.cache/firebase/emulators/dataconnect-emulator-3.4.16\",\"args\":[\"--logtostderr\",\"-v=2\",\"dev\",\"--listen=localhost:50001\",\"--config_dir=/Volumes/DATA UTAMA/DEVELOPER/madina-solution-production-final/dataconnect\",\"--enable_output_schema_extensions=true\",\"--enable_output_generated_sdk=true\"],\"optionalArgs\":[\"listen\",\"config_dir\",\"enable_output_schema_extensions\",\"enable_output_generated_sdk\"],\"joinArgs\":true,\"shell\":false,\"port\":9399}"}}
[info] i  dataconnect: SQL Connect Emulator logging to dataconnect-debug.log {"metadata":{"emulator":{"name":"dataconnect"},"message":"SQL Connect Emulator logging to dataconnect-debug.log"}}
[debug] [2026-09-16T21:08:15.193Z] I0917 04:08:14.490509    3036 load.go:31] Reloading schema and connectors...
 {"metadata":{"emulator":{"name":"dataconnect"},"message":"I0917 04:08:14.490509    3036 load.go:31] Reloading schema and connectors...\n"}}
[debug] [2026-09-16T21:08:23.150Z] I0917 04:08:18.428041    3036 control.go:100] [projects/emulator/locations/emulator/services/madina-solution-production-final 1fa5] UpdateResources(): done
Main schema: sources: schema/schema.gql [1992B] 
Connector "example": sources: example/mutations.gql [1243B] example/queries.gql [1801B] 
 {"metadata":{"emulator":{"name":"dataconnect"},"message":"I0917 04:08:18.428041    3036 control.go:100] [projects/emulator/locations/emulator/services/madina-solution-production-final 1fa5] UpdateResources(): done\nMain schema: sources: schema/schema.gql [1992B] \nConnector \"example\": sources: example/mutations.gql [1243B] example/queries.gql [1801B] \n"}}
[debug] [2026-09-16T21:08:40.419Z] I0917 04:08:33.228770    3036 codegen.go:101] [connector "example" javascriptSdk] Generating sources into "/Volumes/DATA UTAMA/DEVELOPER/madina-solution-production-final/src/dataconnect-generated"
 {"metadata":{"emulator":{"name":"dataconnect"},"message":"I0917 04:08:33.228770    3036 codegen.go:101] [connector \"example\" javascriptSdk] Generating sources into \"/Volumes/DATA UTAMA/DEVELOPER/madina-solution-production-final/src/dataconnect-generated\"\n"}}
[debug] [2026-09-16T21:09:08.975Z] I0917 04:08:49.773304    3036 collector.go:107] schema extensions wrote into "/Volumes/DATA UTAMA/DEVELOPER/madina-solution-production-final/dataconnect/.dataconnect/schema"
Generated sources: main/mutation.gql [13679B] prelude.gql [84995B] main/implicit.gql [1261B] main/input.gql [29309B] main/relation.gql [14318B] main/query.gql [5099B] 
I0917 04:08:50.140140    3036 collector.go:107] connector "example" javascriptSdk wrote into "/Volumes/DATA UTAMA/DEVELOPER/madina-solution-production-final/src/dataconnect-generated"
Generated sources: esm/index.esm.js [5375B] index.cjs.js [5919B] README.md [41217B] react/package.json [460B] react/index.cjs.js [3439B] package.json [853B] react/index.d.ts [3961B] .guides/usage.md [3489B] react/esm/index.esm.js [3269B] react/README.md [48281B] .guides/setup.md [1682B] index.d.ts [8408B] esm/package.json [17B] react/esm/package.json [17B] .guides/config.json [236B] 
I0917 04:08:54.631840    3036 installsdk.go:55] Package @dataconnect/generated is already installed. Skipping installation
I0917 04:08:54.637267    3036 load.go:109] Finished reloading
I0917 04:08:57.664315    3036 dev.go:101] Listening on address (HTTP + gRPC): 127.0.0.1:50001
 {"metadata":{"emulator":{"name":"dataconnect"},"message":"I0917 04:08:49.773304    3036 collector.go:107] schema extensions wrote into \"/Volumes/DATA UTAMA/DEVELOPER/madina-solution-production-final/dataconnect/.dataconnect/schema\"\nGenerated sources: main/mutation.gql [13679B] prelude.gql [84995B] main/implicit.gql [1261B] main/input.gql [29309B] main/relation.gql [14318B] main/query.gql [5099B] \nI0917 04:08:50.140140    3036 collector.go:107] connector \"example\" javascriptSdk wrote into \"/Volumes/DATA UTAMA/DEVELOPER/madina-solution-production-final/src/dataconnect-generated\"\nGenerated sources: esm/index.esm.js [5375B] index.cjs.js [5919B] README.md [41217B] react/package.json [460B] react/index.cjs.js [3439B] package.json [853B] react/index.d.ts [3961B] .guides/usage.md [3489B] react/esm/index.esm.js [3269B] react/README.md [48281B] .guides/setup.md [1682B] index.d.ts [8408B] esm/package.json [17B] react/esm/package.json [17B] .guides/config.json [236B] \nI0917 04:08:54.631840    3036 installsdk.go:55] Package @dataconnect/generated is already installed. Skipping installation\nI0917 04:08:54.637267    3036 load.go:109] Finished reloading\nI0917 04:08:57.664315    3036 dev.go:101] Listening on address (HTTP + gRPC): 127.0.0.1:50001\n"}}
[debug] [2026-09-16T21:09:14.272Z] <<< [apiv2][status] GET https://firebase.googleapis.com/v1beta1/projects 200
[debug] [2026-09-16T21:09:14.272Z] <<< [apiv2][body] GET https://firebase.googleapis.com/v1beta1/projects [omitted]
[info] [Firebase Plugin] Stopping SQL Connect toolkit
[warn] ⚠  SQL Connect Emulator has exited upon receiving signal: SIGINT 
[debug] [2026-09-17T00:52:26.648Z] [Firebase Plugin] Activating Firebase extension.
[debug] [2026-09-17T00:52:35.569Z] [Firebase Plugin] requireAuthWrapper
[debug] [2026-09-17T00:52:35.570Z] > command requires scopes: ["email","openid","https://www.googleapis.com/auth/cloudplatformprojects.readonly","https://www.googleapis.com/auth/firebase","https://www.googleapis.com/auth/cloud-platform"]
[debug] [2026-09-17T00:52:35.571Z] > authorizing via signed-in user (perc.madina@gmail.com)
[debug] [2026-09-17T00:52:35.574Z] Checked if tokens are valid: false, expires at: 1789595978313
[debug] [2026-09-17T00:52:35.574Z] Checked if tokens are valid: false, expires at: 1789595978313
[debug] [2026-09-17T00:52:35.575Z] > refreshing access token with scopes: []
[debug] [2026-09-17T00:52:35.577Z] >>> [apiv2][query] POST https://www.googleapis.com/oauth2/v3/token [none]
[debug] [2026-09-17T00:52:35.579Z] >>> [apiv2][body] POST https://www.googleapis.com/oauth2/v3/token [omitted]
[debug] [2026-09-17T00:52:36.050Z] [Firebase Plugin] VSCode notification server listening on port 40001
[info] [Firebase Plugin] Starting SQL Connect toolkit (version 3.4.16) on port 50001
[debug] [2026-09-17T00:53:04.196Z] I0917 07:53:04.179276   11942 control.go:100] [projects/emulator/locations/emulator/services/madina-solution-production-final 0385] UpdateResources(): done
Main schema: sources: schema/schema.gql [1992B] 
Connector "example": sources: example/mutations.gql [1243B] example/queries.gql [1801B] 
 {"metadata":{"emulator":{"name":"dataconnect"},"message":"I0917 07:53:04.179276   11942 control.go:100] [projects/emulator/locations/emulator/services/madina-solution-production-final 0385] UpdateResources(): done\nMain schema: sources: schema/schema.gql [1992B] \nConnector \"example\": sources: example/mutations.gql [1243B] example/queries.gql [1801B] \n"}}
[debug] [2026-09-17T00:53:04.197Z] Ignoring unsupported arg: auto_download {"metadata":{"emulator":{"name":"dataconnect"},"message":"Ignoring unsupported arg: auto_download"}}
[debug] [2026-09-17T00:53:04.197Z] Ignoring unsupported arg: port {"metadata":{"emulator":{"name":"dataconnect"},"message":"Ignoring unsupported arg: port"}}
[debug] [2026-09-17T00:53:04.198Z] Starting SQL Connect Emulator with command {"binary":"/Users/madina.solutions/.cache/firebase/emulators/dataconnect-emulator-3.4.16","args":["--logtostderr","-v=2","dev","--listen=localhost:50001","--config_dir=/Volumes/DATA UTAMA/DEVELOPER/madina-solution-production-final/dataconnect","--enable_output_schema_extensions=true","--enable_output_generated_sdk=true"],"optionalArgs":["listen","config_dir","enable_output_schema_extensions","enable_output_generated_sdk"],"joinArgs":true,"shell":false,"port":9399} {"metadata":{"emulator":{"name":"dataconnect"},"message":"Starting SQL Connect Emulator with command {\"binary\":\"/Users/madina.solutions/.cache/firebase/emulators/dataconnect-emulator-3.4.16\",\"args\":[\"--logtostderr\",\"-v=2\",\"dev\",\"--listen=localhost:50001\",\"--config_dir=/Volumes/DATA UTAMA/DEVELOPER/madina-solution-production-final/dataconnect\",\"--enable_output_schema_extensions=true\",\"--enable_output_generated_sdk=true\"],\"optionalArgs\":[\"listen\",\"config_dir\",\"enable_output_schema_extensions\",\"enable_output_generated_sdk\"],\"joinArgs\":true,\"shell\":false,\"port\":9399}"}}
[info] i  dataconnect: SQL Connect Emulator logging to dataconnect-debug.log {"metadata":{"emulator":{"name":"dataconnect"},"message":"SQL Connect Emulator logging to dataconnect-debug.log"}}
[debug] [2026-09-17T00:53:05.146Z] <<< [apiv2][status] POST https://www.googleapis.com/oauth2/v3/token 200
[debug] [2026-09-17T00:53:05.146Z] <<< [apiv2][body] POST https://www.googleapis.com/oauth2/v3/token [omitted]
[debug] [2026-09-17T00:53:05.273Z] [Firebase Plugin] User found:  perc.madina@gmail.com
[info] [Firebase Plugin] (Core:Project) New user detected, fetching projects
[debug] [2026-09-17T00:53:05.274Z] Checked if tokens are valid: true, expires at: 1789609984146
[debug] [2026-09-17T00:53:05.275Z] >>> [apiv2][query] GET https://firebase.googleapis.com/v1beta1/projects pageSize=1000
[debug] [2026-09-17T00:53:05.466Z] I0917 07:53:05.238776   11944 load.go:31] Reloading schema and connectors...
 {"metadata":{"emulator":{"name":"dataconnect"},"message":"I0917 07:53:05.238776   11944 load.go:31] Reloading schema and connectors...\n"}}
[debug] [2026-09-17T00:53:06.098Z] I0917 07:53:05.741366   11944 control.go:100] [projects/emulator/locations/emulator/services/madina-solution-production-final 2d1c] UpdateResources(): done
Main schema: sources: schema/schema.gql [1992B] 
Connector "example": sources: example/mutations.gql [1243B] example/queries.gql [1801B] 
 {"metadata":{"emulator":{"name":"dataconnect"},"message":"I0917 07:53:05.741366   11944 control.go:100] [projects/emulator/locations/emulator/services/madina-solution-production-final 2d1c] UpdateResources(): done\nMain schema: sources: schema/schema.gql [1992B] \nConnector \"example\": sources: example/mutations.gql [1243B] example/queries.gql [1801B] \n"}}
[debug] [2026-09-17T00:53:07.280Z] I0917 07:53:06.249354   11944 codegen.go:101] [connector "example" javascriptSdk] Generating sources into "/Volumes/DATA UTAMA/DEVELOPER/madina-solution-production-final/src/dataconnect-generated"
I0917 07:53:06.421978   11944 collector.go:107] schema extensions wrote into "/Volumes/DATA UTAMA/DEVELOPER/madina-solution-production-final/dataconnect/.dataconnect/schema"
Generated sources: main/relation.gql [14318B] main/query.gql [5099B] main/mutation.gql [13679B] prelude.gql [84995B] main/implicit.gql [1261B] main/input.gql [29309B] 
I0917 07:53:06.497551   11944 collector.go:107] connector "example" javascriptSdk wrote into "/Volumes/DATA UTAMA/DEVELOPER/madina-solution-production-final/src/dataconnect-generated"
Generated sources: esm/package.json [17B] react/index.cjs.js [3439B] react/README.md [48281B] index.d.ts [8408B] index.cjs.js [5919B] package.json [853B] .guides/usage.md [3489B] README.md [41217B] react/index.d.ts [3961B] react/package.json [460B] react/esm/package.json [17B] .guides/setup.md [1682B] esm/index.esm.js [5375B] react/esm/index.esm.js [3269B] .guides/config.json [236B] 
 {"metadata":{"emulator":{"name":"dataconnect"},"message":"I0917 07:53:06.249354   11944 codegen.go:101] [connector \"example\" javascriptSdk] Generating sources into \"/Volumes/DATA UTAMA/DEVELOPER/madina-solution-production-final/src/dataconnect-generated\"\nI0917 07:53:06.421978   11944 collector.go:107] schema extensions wrote into \"/Volumes/DATA UTAMA/DEVELOPER/madina-solution-production-final/dataconnect/.dataconnect/schema\"\nGenerated sources: main/relation.gql [14318B] main/query.gql [5099B] main/mutation.gql [13679B] prelude.gql [84995B] main/implicit.gql [1261B] main/input.gql [29309B] \nI0917 07:53:06.497551   11944 collector.go:107] connector \"example\" javascriptSdk wrote into \"/Volumes/DATA UTAMA/DEVELOPER/madina-solution-production-final/src/dataconnect-generated\"\nGenerated sources: esm/package.json [17B] react/index.cjs.js [3439B] react/README.md [48281B] index.d.ts [8408B] index.cjs.js [5919B] package.json [853B] .guides/usage.md [3489B] README.md [41217B] react/index.d.ts [3961B] react/package.json [460B] react/esm/package.json [17B] .guides/setup.md [1682B] esm/index.esm.js [5375B] react/esm/index.esm.js [3269B] .guides/config.json [236B] \n"}}
[debug] [2026-09-17T00:53:07.685Z] I0917 07:53:07.382870   11944 installsdk.go:86] Running command: /Users/madina.solutions/.nvm/versions/node/v22.23.2/bin/npm install file:src/dataconnect-generated
 {"metadata":{"emulator":{"name":"dataconnect"},"message":"I0917 07:53:07.382870   11944 installsdk.go:86] Running command: /Users/madina.solutions/.nvm/versions/node/v22.23.2/bin/npm install file:src/dataconnect-generated\n"}}
[debug] [2026-09-17T00:53:10.339Z] <<< [apiv2][status] GET https://firebase.googleapis.com/v1beta1/projects 200
[debug] [2026-09-17T00:53:10.340Z] <<< [apiv2][body] GET https://firebase.googleapis.com/v1beta1/projects [omitted]
[debug] [2026-09-17T00:53:32.427Z] I0917 07:53:32.094551   11944 load.go:109] Finished reloading
 {"metadata":{"emulator":{"name":"dataconnect"},"message":"I0917 07:53:32.094551   11944 load.go:109] Finished reloading\n"}}
[debug] [2026-09-17T00:53:32.447Z] I0917 07:53:32.445500   11944 dev.go:101] Listening on address (HTTP + gRPC): 127.0.0.1:50001
 {"metadata":{"emulator":{"name":"dataconnect"},"message":"I0917 07:53:32.445500   11944 dev.go:101] Listening on address (HTTP + gRPC): 127.0.0.1:50001\n"}}
[info] [Firebase Plugin] Stopping SQL Connect toolkit
[warn] ⚠  SQL Connect Emulator has exited upon receiving signal: SIGINT 
[debug] [2026-09-17T15:29:17.221Z] [Firebase Plugin] Activating Firebase extension.
[info] [Firebase Plugin] Unable to check firebase-tools installation: TypeError: fetch failed
[debug] [2026-09-17T15:29:39.375Z] [Firebase Plugin] requireAuthWrapper
[debug] [2026-09-17T15:29:39.377Z] > command requires scopes: ["email","openid","https://www.googleapis.com/auth/cloudplatformprojects.readonly","https://www.googleapis.com/auth/firebase","https://www.googleapis.com/auth/cloud-platform"]
[debug] [2026-09-17T15:29:39.378Z] > authorizing via signed-in user (perc.madina@gmail.com)
[debug] [2026-09-17T15:29:39.381Z] Checked if tokens are valid: false, expires at: 1789609984146
[debug] [2026-09-17T15:29:39.382Z] Checked if tokens are valid: false, expires at: 1789609984146
[debug] [2026-09-17T15:29:39.382Z] > refreshing access token with scopes: []
[debug] [2026-09-17T15:29:39.384Z] >>> [apiv2][query] POST https://www.googleapis.com/oauth2/v3/token [none]
[debug] [2026-09-17T15:29:39.385Z] >>> [apiv2][body] POST https://www.googleapis.com/oauth2/v3/token [omitted]
[debug] [2026-09-17T15:29:39.435Z] [Firebase Plugin] VSCode notification server listening on port 40001
[debug] [2026-09-17T15:29:42.381Z] <<< [apiv2][status] POST https://www.googleapis.com/oauth2/v3/token 200
[debug] [2026-09-17T15:29:42.381Z] <<< [apiv2][body] POST https://www.googleapis.com/oauth2/v3/token [omitted]
[debug] [2026-09-17T15:29:42.542Z] [Firebase Plugin] User found:  perc.madina@gmail.com
[info] [Firebase Plugin] (Core:Project) New user detected, fetching projects
[debug] [2026-09-17T15:29:42.544Z] Checked if tokens are valid: true, expires at: 1789662581382
[debug] [2026-09-17T15:29:42.544Z] >>> [apiv2][query] GET https://firebase.googleapis.com/v1beta1/projects pageSize=1000
[info] [Firebase Plugin] Starting SQL Connect toolkit (version 3.4.16) on port 50001
[debug] [2026-09-17T15:29:44.971Z] I0917 22:29:44.950777    9181 control.go:100] [projects/emulator/locations/emulator/services/madina-solution-production-final 7223] UpdateResources(): done
Main schema: sources: schema/schema.gql [1992B] 
Connector "example": sources: example/mutations.gql [1243B] example/queries.gql [1801B] 
 {"metadata":{"emulator":{"name":"dataconnect"},"message":"I0917 22:29:44.950777    9181 control.go:100] [projects/emulator/locations/emulator/services/madina-solution-production-final 7223] UpdateResources(): done\nMain schema: sources: schema/schema.gql [1992B] \nConnector \"example\": sources: example/mutations.gql [1243B] example/queries.gql [1801B] \n"}}
[debug] [2026-09-17T15:29:44.972Z] Ignoring unsupported arg: auto_download {"metadata":{"emulator":{"name":"dataconnect"},"message":"Ignoring unsupported arg: auto_download"}}
[debug] [2026-09-17T15:29:44.972Z] Ignoring unsupported arg: port {"metadata":{"emulator":{"name":"dataconnect"},"message":"Ignoring unsupported arg: port"}}
[debug] [2026-09-17T15:29:44.972Z] Starting SQL Connect Emulator with command {"binary":"/Users/madina.solutions/.cache/firebase/emulators/dataconnect-emulator-3.4.16","args":["--logtostderr","-v=2","dev","--listen=localhost:50001","--config_dir=/Volumes/DATA UTAMA/DEVELOPER/madina-solution-production-final/dataconnect","--enable_output_schema_extensions=true","--enable_output_generated_sdk=true"],"optionalArgs":["listen","config_dir","enable_output_schema_extensions","enable_output_generated_sdk"],"joinArgs":true,"shell":false,"port":9399} {"metadata":{"emulator":{"name":"dataconnect"},"message":"Starting SQL Connect Emulator with command {\"binary\":\"/Users/madina.solutions/.cache/firebase/emulators/dataconnect-emulator-3.4.16\",\"args\":[\"--logtostderr\",\"-v=2\",\"dev\",\"--listen=localhost:50001\",\"--config_dir=/Volumes/DATA UTAMA/DEVELOPER/madina-solution-production-final/dataconnect\",\"--enable_output_schema_extensions=true\",\"--enable_output_generated_sdk=true\"],\"optionalArgs\":[\"listen\",\"config_dir\",\"enable_output_schema_extensions\",\"enable_output_generated_sdk\"],\"joinArgs\":true,\"shell\":false,\"port\":9399}"}}
[info] i  dataconnect: SQL Connect Emulator logging to dataconnect-debug.log {"metadata":{"emulator":{"name":"dataconnect"},"message":"SQL Connect Emulator logging to dataconnect-debug.log"}}
[debug] [2026-09-17T15:29:45.656Z] I0917 22:29:45.628289    9184 load.go:31] Reloading schema and connectors...
 {"metadata":{"emulator":{"name":"dataconnect"},"message":"I0917 22:29:45.628289    9184 load.go:31] Reloading schema and connectors...\n"}}
[debug] [2026-09-17T15:29:46.044Z] I0917 22:29:46.042788    9184 control.go:100] [projects/emulator/locations/emulator/services/madina-solution-production-final 8986] UpdateResources(): done
Main schema: sources: schema/schema.gql [1992B] 
Connector "example": sources: example/mutations.gql [1243B] example/queries.gql [1801B] 
 {"metadata":{"emulator":{"name":"dataconnect"},"message":"I0917 22:29:46.042788    9184 control.go:100] [projects/emulator/locations/emulator/services/madina-solution-production-final 8986] UpdateResources(): done\nMain schema: sources: schema/schema.gql [1992B] \nConnector \"example\": sources: example/mutations.gql [1243B] example/queries.gql [1801B] \n"}}
[debug] [2026-09-17T15:29:46.097Z] I0917 22:29:46.096938    9184 codegen.go:101] [connector "example" javascriptSdk] Generating sources into "/Volumes/DATA UTAMA/DEVELOPER/madina-solution-production-final/src/dataconnect-generated"
 {"metadata":{"emulator":{"name":"dataconnect"},"message":"I0917 22:29:46.096938    9184 codegen.go:101] [connector \"example\" javascriptSdk] Generating sources into \"/Volumes/DATA UTAMA/DEVELOPER/madina-solution-production-final/src/dataconnect-generated\"\n"}}
[debug] [2026-09-17T15:29:46.174Z] I0917 22:29:46.137549    9184 collector.go:107] schema extensions wrote into "/Volumes/DATA UTAMA/DEVELOPER/madina-solution-production-final/dataconnect/.dataconnect/schema"
Generated sources: main/relation.gql [14318B] main/query.gql [5099B] prelude.gql [84995B] main/mutation.gql [13679B] main/implicit.gql [1261B] main/input.gql [29309B] 
I0917 22:29:46.153348    9184 collector.go:107] connector "example" javascriptSdk wrote into "/Volumes/DATA UTAMA/DEVELOPER/madina-solution-production-final/src/dataconnect-generated"
Generated sources: react/index.cjs.js [3439B] .guides/setup.md [1682B] index.d.ts [8408B] esm/package.json [17B] index.cjs.js [5919B] react/README.md [48281B] esm/index.esm.js [5375B] README.md [41217B] react/index.d.ts [3961B] react/package.json [460B] package.json [853B] react/esm/package.json [17B] react/esm/index.esm.js [3269B] .guides/usage.md [3489B] .guides/config.json [236B] 
I0917 22:29:46.160778    9184 installsdk.go:86] Running command: /Users/madina.solutions/.nvm/versions/node/v22.23.2/bin/npm install file:src/dataconnect-generated
 {"metadata":{"emulator":{"name":"dataconnect"},"message":"I0917 22:29:46.137549    9184 collector.go:107] schema extensions wrote into \"/Volumes/DATA UTAMA/DEVELOPER/madina-solution-production-final/dataconnect/.dataconnect/schema\"\nGenerated sources: main/relation.gql [14318B] main/query.gql [5099B] prelude.gql [84995B] main/mutation.gql [13679B] main/implicit.gql [1261B] main/input.gql [29309B] \nI0917 22:29:46.153348    9184 collector.go:107] connector \"example\" javascriptSdk wrote into \"/Volumes/DATA UTAMA/DEVELOPER/madina-solution-production-final/src/dataconnect-generated\"\nGenerated sources: react/index.cjs.js [3439B] .guides/setup.md [1682B] index.d.ts [8408B] esm/package.json [17B] index.cjs.js [5919B] react/README.md [48281B] esm/index.esm.js [5375B] README.md [41217B] react/index.d.ts [3961B] react/package.json [460B] package.json [853B] react/esm/package.json [17B] react/esm/index.esm.js [3269B] .guides/usage.md [3489B] .guides/config.json [236B] \nI0917 22:29:46.160778    9184 installsdk.go:86] Running command: /Users/madina.solutions/.nvm/versions/node/v22.23.2/bin/npm install file:src/dataconnect-generated\n"}}
[debug] [2026-09-17T15:29:46.746Z] <<< [apiv2][status] GET https://firebase.googleapis.com/v1beta1/projects 200
[debug] [2026-09-17T15:29:46.747Z] <<< [apiv2][body] GET https://firebase.googleapis.com/v1beta1/projects [omitted]
[debug] [2026-09-17T15:30:10.698Z] I0917 22:30:10.697875    9184 load.go:109] Finished reloading
 {"metadata":{"emulator":{"name":"dataconnect"},"message":"I0917 22:30:10.697875    9184 load.go:109] Finished reloading\n"}}
[debug] [2026-09-17T15:30:10.714Z] I0917 22:30:10.713970    9184 dev.go:101] Listening on address (HTTP + gRPC): 127.0.0.1:50001
 {"metadata":{"emulator":{"name":"dataconnect"},"message":"I0917 22:30:10.713970    9184 dev.go:101] Listening on address (HTTP + gRPC): 127.0.0.1:50001\n"}}
[debug] [2026-09-17T15:41:14.540Z] [Firebase Plugin] Activating Firebase extension.
[debug] [2026-09-17T15:41:45.478Z] [Firebase Plugin] requireAuthWrapper
[debug] [2026-09-17T15:41:45.480Z] > command requires scopes: ["email","openid","https://www.googleapis.com/auth/cloudplatformprojects.readonly","https://www.googleapis.com/auth/firebase","https://www.googleapis.com/auth/cloud-platform"]
[debug] [2026-09-17T15:41:45.480Z] > authorizing via signed-in user (perc.madina@gmail.com)
[debug] [2026-09-17T15:41:45.483Z] Checked if tokens are valid: true, expires at: 1789662581382
[debug] [2026-09-17T15:41:45.483Z] Checked if tokens are valid: true, expires at: 1789662581382
[debug] [2026-09-17T15:41:45.484Z] [Firebase Plugin] User found:  perc.madina@gmail.com
[info] [Firebase Plugin] (Core:Project) New user detected, fetching projects
[debug] [2026-09-17T15:41:45.485Z] Checked if tokens are valid: true, expires at: 1789662581382
[debug] [2026-09-17T15:41:45.486Z] >>> [apiv2][query] GET https://firebase.googleapis.com/v1beta1/projects pageSize=1000
[debug] [2026-09-17T15:41:46.528Z] [Firebase Plugin] VSCode notification server listening on port 40001
[info] [Firebase Plugin] Starting SQL Connect toolkit (version 3.4.16) on port 50002
[debug] [2026-09-17T15:41:48.918Z] I0917 22:41:48.905132   10725 control.go:100] [projects/emulator/locations/emulator/services/madina-solution-production-final b83c] UpdateResources(): done
Main schema: sources: schema/schema.gql [1992B] 
Connector "example": sources: example/mutations.gql [1243B] example/queries.gql [1801B] 
 {"metadata":{"emulator":{"name":"dataconnect"},"message":"I0917 22:41:48.905132   10725 control.go:100] [projects/emulator/locations/emulator/services/madina-solution-production-final b83c] UpdateResources(): done\nMain schema: sources: schema/schema.gql [1992B] \nConnector \"example\": sources: example/mutations.gql [1243B] example/queries.gql [1801B] \n"}}
[debug] [2026-09-17T15:41:48.919Z] Ignoring unsupported arg: auto_download {"metadata":{"emulator":{"name":"dataconnect"},"message":"Ignoring unsupported arg: auto_download"}}
[debug] [2026-09-17T15:41:48.919Z] Ignoring unsupported arg: port {"metadata":{"emulator":{"name":"dataconnect"},"message":"Ignoring unsupported arg: port"}}
[debug] [2026-09-17T15:41:48.919Z] Starting SQL Connect Emulator with command {"binary":"/Users/madina.solutions/.cache/firebase/emulators/dataconnect-emulator-3.4.16","args":["--logtostderr","-v=2","dev","--listen=localhost:50002","--config_dir=/Volumes/DATA UTAMA/DEVELOPER/madina-solution-production-final/dataconnect","--enable_output_schema_extensions=true","--enable_output_generated_sdk=true"],"optionalArgs":["listen","config_dir","enable_output_schema_extensions","enable_output_generated_sdk"],"joinArgs":true,"shell":false,"port":9399} {"metadata":{"emulator":{"name":"dataconnect"},"message":"Starting SQL Connect Emulator with command {\"binary\":\"/Users/madina.solutions/.cache/firebase/emulators/dataconnect-emulator-3.4.16\",\"args\":[\"--logtostderr\",\"-v=2\",\"dev\",\"--listen=localhost:50002\",\"--config_dir=/Volumes/DATA UTAMA/DEVELOPER/madina-solution-production-final/dataconnect\",\"--enable_output_schema_extensions=true\",\"--enable_output_generated_sdk=true\"],\"optionalArgs\":[\"listen\",\"config_dir\",\"enable_output_schema_extensions\",\"enable_output_generated_sdk\"],\"joinArgs\":true,\"shell\":false,\"port\":9399}"}}
[info] i  dataconnect: SQL Connect Emulator logging to dataconnect-debug.log {"metadata":{"emulator":{"name":"dataconnect"},"message":"SQL Connect Emulator logging to dataconnect-debug.log"}}
[debug] [2026-09-17T15:41:49.450Z] I0917 22:41:49.441064   10727 load.go:31] Reloading schema and connectors...
 {"metadata":{"emulator":{"name":"dataconnect"},"message":"I0917 22:41:49.441064   10727 load.go:31] Reloading schema and connectors...\n"}}
[debug] [2026-09-17T15:41:49.453Z] <<< [apiv2][status] GET https://firebase.googleapis.com/v1beta1/projects 200
[debug] [2026-09-17T15:41:49.453Z] <<< [apiv2][body] GET https://firebase.googleapis.com/v1beta1/projects [omitted]
[debug] [2026-09-17T15:41:49.723Z] I0917 22:41:49.721717   10727 control.go:100] [projects/emulator/locations/emulator/services/madina-solution-production-final cb52] UpdateResources(): done
Main schema: sources: schema/schema.gql [1992B] 
Connector "example": sources: example/mutations.gql [1243B] example/queries.gql [1801B] 
 {"metadata":{"emulator":{"name":"dataconnect"},"message":"I0917 22:41:49.721717   10727 control.go:100] [projects/emulator/locations/emulator/services/madina-solution-production-final cb52] UpdateResources(): done\nMain schema: sources: schema/schema.gql [1992B] \nConnector \"example\": sources: example/mutations.gql [1243B] example/queries.gql [1801B] \n"}}
[debug] [2026-09-17T15:41:50.464Z] I0917 22:41:50.464127   10727 codegen.go:101] [connector "example" javascriptSdk] Generating sources into "/Volumes/DATA UTAMA/DEVELOPER/madina-solution-production-final/src/dataconnect-generated"
 {"metadata":{"emulator":{"name":"dataconnect"},"message":"I0917 22:41:50.464127   10727 codegen.go:101] [connector \"example\" javascriptSdk] Generating sources into \"/Volumes/DATA UTAMA/DEVELOPER/madina-solution-production-final/src/dataconnect-generated\"\n"}}
[debug] [2026-09-17T15:41:50.483Z] I0917 22:41:50.482860   10727 collector.go:107] schema extensions wrote into "/Volumes/DATA UTAMA/DEVELOPER/madina-solution-production-final/dataconnect/.dataconnect/schema"
Generated sources: prelude.gql [84995B] main/mutation.gql [13679B] main/implicit.gql [1261B] main/input.gql [29309B] main/relation.gql [14318B] main/query.gql [5099B] 
 {"metadata":{"emulator":{"name":"dataconnect"},"message":"I0917 22:41:50.482860   10727 collector.go:107] schema extensions wrote into \"/Volumes/DATA UTAMA/DEVELOPER/madina-solution-production-final/dataconnect/.dataconnect/schema\"\nGenerated sources: prelude.gql [84995B] main/mutation.gql [13679B] main/implicit.gql [1261B] main/input.gql [29309B] main/relation.gql [14318B] main/query.gql [5099B] \n"}}
[debug] [2026-09-17T15:41:50.487Z] I0917 22:41:50.487203   10727 collector.go:107] connector "example" javascriptSdk wrote into "/Volumes/DATA UTAMA/DEVELOPER/madina-solution-production-final/src/dataconnect-generated"
Generated sources: .guides/setup.md [1682B] README.md [41217B] .guides/config.json [236B] esm/index.esm.js [5375B] react/package.json [460B] react/esm/package.json [17B] react/index.cjs.js [3439B] index.d.ts [8408B] index.cjs.js [5919B] react/index.d.ts [3961B] react/esm/index.esm.js [3269B] .guides/usage.md [3489B] esm/package.json [17B] package.json [853B] react/README.md [48281B] 
 {"metadata":{"emulator":{"name":"dataconnect"},"message":"I0917 22:41:50.487203   10727 collector.go:107] connector \"example\" javascriptSdk wrote into \"/Volumes/DATA UTAMA/DEVELOPER/madina-solution-production-final/src/dataconnect-generated\"\nGenerated sources: .guides/setup.md [1682B] README.md [41217B] .guides/config.json [236B] esm/index.esm.js [5375B] react/package.json [460B] react/esm/package.json [17B] react/index.cjs.js [3439B] index.d.ts [8408B] index.cjs.js [5919B] react/index.d.ts [3961B] react/esm/index.esm.js [3269B] .guides/usage.md [3489B] esm/package.json [17B] package.json [853B] react/README.md [48281B] \n"}}
[debug] [2026-09-17T15:41:50.520Z] I0917 22:41:50.520694   10727 installsdk.go:55] Package @dataconnect/generated is already installed. Skipping installation
I0917 22:41:50.520726   10727 load.go:109] Finished reloading
 {"metadata":{"emulator":{"name":"dataconnect"},"message":"I0917 22:41:50.520694   10727 installsdk.go:55] Package @dataconnect/generated is already installed. Skipping installation\nI0917 22:41:50.520726   10727 load.go:109] Finished reloading\n"}}
[debug] [2026-09-17T15:41:50.527Z] I0917 22:41:50.526871   10727 dev.go:101] Listening on address (HTTP + gRPC): 127.0.0.1:50002
 {"metadata":{"emulator":{"name":"dataconnect"},"message":"I0917 22:41:50.526871   10727 dev.go:101] Listening on address (HTTP + gRPC): 127.0.0.1:50002\n"}}
[debug] [2026-09-17T15:41:51.394Z] I0917 22:41:51.391603   10727 engine.go:209] [projects/emulator/locations/emulator/services/madina-solution-production-final cb52] ExecuteGraphqlRead query IntrospectionQuery: succeeded. 
 {"metadata":{"emulator":{"name":"dataconnect"},"message":"I0917 22:41:51.391603   10727 engine.go:209] [projects/emulator/locations/emulator/services/madina-solution-production-final cb52] ExecuteGraphqlRead query IntrospectionQuery: succeeded. \n"}}
[info] [Firebase Plugin] Stopping SQL Connect toolkit
[warn] ⚠  SQL Connect Emulator has exited upon receiving signal: SIGINT 
[debug] [2026-09-17T17:05:54.979Z] [Firebase Plugin] Activating Firebase extension.
[debug] [2026-09-17T17:06:00.581Z] [Firebase Plugin] requireAuthWrapper
[debug] [2026-09-17T17:06:00.583Z] > command requires scopes: ["email","openid","https://www.googleapis.com/auth/cloudplatformprojects.readonly","https://www.googleapis.com/auth/firebase","https://www.googleapis.com/auth/cloud-platform"]
[debug] [2026-09-17T17:06:00.583Z] > authorizing via signed-in user (perc.madina@gmail.com)
[debug] [2026-09-17T17:06:00.587Z] Checked if tokens are valid: true, expires at: 1789668320518
[debug] [2026-09-17T17:06:00.587Z] Checked if tokens are valid: true, expires at: 1789668320518
[debug] [2026-09-17T17:06:00.588Z] [Firebase Plugin] User found:  perc.madina@gmail.com
[info] [Firebase Plugin] (Core:Project) New user detected, fetching projects
[debug] [2026-09-17T17:06:00.589Z] Checked if tokens are valid: true, expires at: 1789668320518
[debug] [2026-09-17T17:06:00.591Z] >>> [apiv2][query] GET https://firebase.googleapis.com/v1beta1/projects pageSize=1000
[debug] [2026-09-17T17:06:00.637Z] [Firebase Plugin] VSCode notification server listening on port 40001
[info] [Firebase Plugin] Starting SQL Connect toolkit (version 3.4.16) on port 50002
[debug] [2026-09-17T17:06:28.822Z] I0918 00:06:28.791631   14429 control.go:100] [projects/emulator/locations/emulator/services/madina-solution-production-final 54ad] UpdateResources(): done
Main schema: sources: schema/schema.gql [1992B] 
Connector "example": sources: example/mutations.gql [1243B] example/queries.gql [1801B] 
 {"metadata":{"emulator":{"name":"dataconnect"},"message":"I0918 00:06:28.791631   14429 control.go:100] [projects/emulator/locations/emulator/services/madina-solution-production-final 54ad] UpdateResources(): done\nMain schema: sources: schema/schema.gql [1992B] \nConnector \"example\": sources: example/mutations.gql [1243B] example/queries.gql [1801B] \n"}}
[debug] [2026-09-17T17:06:28.823Z] Ignoring unsupported arg: auto_download {"metadata":{"emulator":{"name":"dataconnect"},"message":"Ignoring unsupported arg: auto_download"}}
[debug] [2026-09-17T17:06:28.824Z] Ignoring unsupported arg: port {"metadata":{"emulator":{"name":"dataconnect"},"message":"Ignoring unsupported arg: port"}}
[debug] [2026-09-17T17:06:28.824Z] Starting SQL Connect Emulator with command {"binary":"/Users/madina.solutions/.cache/firebase/emulators/dataconnect-emulator-3.4.16","args":["--logtostderr","-v=2","dev","--listen=localhost:50002","--config_dir=/Volumes/DATA UTAMA/DEVELOPER/madina-solution-production-final/dataconnect","--enable_output_schema_extensions=true","--enable_output_generated_sdk=true"],"optionalArgs":["listen","config_dir","enable_output_schema_extensions","enable_output_generated_sdk"],"joinArgs":true,"shell":false,"port":9399} {"metadata":{"emulator":{"name":"dataconnect"},"message":"Starting SQL Connect Emulator with command {\"binary\":\"/Users/madina.solutions/.cache/firebase/emulators/dataconnect-emulator-3.4.16\",\"args\":[\"--logtostderr\",\"-v=2\",\"dev\",\"--listen=localhost:50002\",\"--config_dir=/Volumes/DATA UTAMA/DEVELOPER/madina-solution-production-final/dataconnect\",\"--enable_output_schema_extensions=true\",\"--enable_output_generated_sdk=true\"],\"optionalArgs\":[\"listen\",\"config_dir\",\"enable_output_schema_extensions\",\"enable_output_generated_sdk\"],\"joinArgs\":true,\"shell\":false,\"port\":9399}"}}
[info] i  dataconnect: SQL Connect Emulator logging to dataconnect-debug.log {"metadata":{"emulator":{"name":"dataconnect"},"message":"SQL Connect Emulator logging to dataconnect-debug.log"}}
[debug] [2026-09-17T17:06:30.883Z] I0918 00:06:30.455217   14431 load.go:31] Reloading schema and connectors...
 {"metadata":{"emulator":{"name":"dataconnect"},"message":"I0918 00:06:30.455217   14431 load.go:31] Reloading schema and connectors...\n"}}
[debug] [2026-09-17T17:06:31.140Z] I0918 00:06:31.030403   14431 control.go:100] [projects/emulator/locations/emulator/services/madina-solution-production-final 63eb] UpdateResources(): done
Main schema: sources: schema/schema.gql [1992B] 
Connector "example": sources: example/queries.gql [1801B] example/mutations.gql [1243B] 
I0918 00:06:31.081400   14431 codegen.go:101] [connector "example" javascriptSdk] Generating sources into "/Volumes/DATA UTAMA/DEVELOPER/madina-solution-production-final/src/dataconnect-generated"
I0918 00:06:31.127148   14431 collector.go:107] schema extensions wrote into "/Volumes/DATA UTAMA/DEVELOPER/madina-solution-production-final/dataconnect/.dataconnect/schema"
Generated sources: prelude.gql [84995B] main/implicit.gql [1261B] main/input.gql [29309B] main/relation.gql [14318B] main/query.gql [5099B] main/mutation.gql [13679B] 
I0918 00:06:31.132791   14431 collector.go:107] connector "example" javascriptSdk wrote into "/Volumes/DATA UTAMA/DEVELOPER/madina-solution-production-final/src/dataconnect-generated"
Generated sources: esm/index.esm.js [5375B] esm/package.json [17B] index.cjs.js [5919B] package.json [853B] react/package.json [460B] react/README.md [48281B] .guides/config.json [236B] README.md [41217B] react/index.d.ts [3961B] .guides/setup.md [1682B] index.d.ts [8408B] react/esm/package.json [17B] react/index.cjs.js [3439B] react/esm/index.esm.js [3269B] .guides/usage.md [3489B] 
 {"metadata":{"emulator":{"name":"dataconnect"},"message":"I0918 00:06:31.030403   14431 control.go:100] [projects/emulator/locations/emulator/services/madina-solution-production-final 63eb] UpdateResources(): done\nMain schema: sources: schema/schema.gql [1992B] \nConnector \"example\": sources: example/queries.gql [1801B] example/mutations.gql [1243B] \nI0918 00:06:31.081400   14431 codegen.go:101] [connector \"example\" javascriptSdk] Generating sources into \"/Volumes/DATA UTAMA/DEVELOPER/madina-solution-production-final/src/dataconnect-generated\"\nI0918 00:06:31.127148   14431 collector.go:107] schema extensions wrote into \"/Volumes/DATA UTAMA/DEVELOPER/madina-solution-production-final/dataconnect/.dataconnect/schema\"\nGenerated sources: prelude.gql [84995B] main/implicit.gql [1261B] main/input.gql [29309B] main/relation.gql [14318B] main/query.gql [5099B] main/mutation.gql [13679B] \nI0918 00:06:31.132791   14431 collector.go:107] connector \"example\" javascriptSdk wrote into \"/Volumes/DATA UTAMA/DEVELOPER/madina-solution-production-final/src/dataconnect-generated\"\nGenerated sources: esm/index.esm.js [5375B] esm/package.json [17B] index.cjs.js [5919B] package.json [853B] react/package.json [460B] react/README.md [48281B] .guides/config.json [236B] README.md [41217B] react/index.d.ts [3961B] .guides/setup.md [1682B] index.d.ts [8408B] react/esm/package.json [17B] react/index.cjs.js [3439B] react/esm/index.esm.js [3269B] .guides/usage.md [3489B] \n"}}
[debug] [2026-09-17T17:06:31.195Z] I0918 00:06:31.151472   14431 installsdk.go:86] Running command: /Users/madina.solutions/.nvm/versions/node/v22.23.2/bin/npm install file:src/dataconnect-generated
 {"metadata":{"emulator":{"name":"dataconnect"},"message":"I0918 00:06:31.151472   14431 installsdk.go:86] Running command: /Users/madina.solutions/.nvm/versions/node/v22.23.2/bin/npm install file:src/dataconnect-generated\n"}}
[debug] [2026-09-17T17:06:31.460Z] <<< [apiv2][status] GET https://firebase.googleapis.com/v1beta1/projects 200
[debug] [2026-09-17T17:06:31.460Z] <<< [apiv2][body] GET https://firebase.googleapis.com/v1beta1/projects [omitted]
[debug] [2026-09-17T17:06:51.177Z] I0918 00:06:51.060614   14431 load.go:109] Finished reloading
 {"metadata":{"emulator":{"name":"dataconnect"},"message":"I0918 00:06:51.060614   14431 load.go:109] Finished reloading\n"}}
[debug] [2026-09-17T17:06:51.214Z] I0918 00:06:51.213212   14431 dev.go:101] Listening on address (HTTP + gRPC): 127.0.0.1:50002
 {"metadata":{"emulator":{"name":"dataconnect"},"message":"I0918 00:06:51.213212   14431 dev.go:101] Listening on address (HTTP + gRPC): 127.0.0.1:50002\n"}}
[info] [Firebase Plugin] Stopping SQL Connect toolkit
[warn] ⚠  SQL Connect Emulator has exited upon receiving signal: SIGINT 
[debug] [2026-09-17T17:21:00.471Z] [Firebase Plugin] Activating Firebase extension.
[debug] [2026-09-17T17:21:10.553Z] [Firebase Plugin] requireAuthWrapper
[debug] [2026-09-17T17:21:10.555Z] > command requires scopes: ["email","openid","https://www.googleapis.com/auth/cloudplatformprojects.readonly","https://www.googleapis.com/auth/firebase","https://www.googleapis.com/auth/cloud-platform"]
[debug] [2026-09-17T17:21:10.556Z] > authorizing via signed-in user (perc.madina@gmail.com)
[debug] [2026-09-17T17:21:10.913Z] Checked if tokens are valid: true, expires at: 1789668320518
[debug] [2026-09-17T17:21:10.914Z] Checked if tokens are valid: true, expires at: 1789668320518
[debug] [2026-09-17T17:21:10.915Z] [Firebase Plugin] User found:  perc.madina@gmail.com
[info] [Firebase Plugin] (Core:Project) New user detected, fetching projects
[debug] [2026-09-17T17:21:10.916Z] Checked if tokens are valid: true, expires at: 1789668320518
[debug] [2026-09-17T17:21:10.925Z] >>> [apiv2][query] GET https://firebase.googleapis.com/v1beta1/projects pageSize=1000
[debug] [2026-09-17T17:21:10.969Z] [Firebase Plugin] VSCode notification server listening on port 40001
[info] [Firebase Plugin] Starting SQL Connect toolkit (version 3.4.16) on port 50002
[debug] [2026-09-17T17:21:41.241Z] I0918 00:21:41.214638   16835 control.go:100] [projects/emulator/locations/emulator/services/madina-solution-production-final 7d4d] UpdateResources(): done
Main schema: sources: schema/schema.gql [1992B] 
Connector "example": sources: example/mutations.gql [1243B] example/queries.gql [1801B] 
 {"metadata":{"emulator":{"name":"dataconnect"},"message":"I0918 00:21:41.214638   16835 control.go:100] [projects/emulator/locations/emulator/services/madina-solution-production-final 7d4d] UpdateResources(): done\nMain schema: sources: schema/schema.gql [1992B] \nConnector \"example\": sources: example/mutations.gql [1243B] example/queries.gql [1801B] \n"}}
[debug] [2026-09-17T17:21:41.242Z] Ignoring unsupported arg: auto_download {"metadata":{"emulator":{"name":"dataconnect"},"message":"Ignoring unsupported arg: auto_download"}}
[debug] [2026-09-17T17:21:41.242Z] Ignoring unsupported arg: port {"metadata":{"emulator":{"name":"dataconnect"},"message":"Ignoring unsupported arg: port"}}
[debug] [2026-09-17T17:21:41.243Z] Starting SQL Connect Emulator with command {"binary":"/Users/madina.solutions/.cache/firebase/emulators/dataconnect-emulator-3.4.16","args":["--logtostderr","-v=2","dev","--listen=localhost:50002","--config_dir=/Volumes/DATA UTAMA/DEVELOPER/madina-solution-production-final/dataconnect","--enable_output_schema_extensions=true","--enable_output_generated_sdk=true"],"optionalArgs":["listen","config_dir","enable_output_schema_extensions","enable_output_generated_sdk"],"joinArgs":true,"shell":false,"port":9399} {"metadata":{"emulator":{"name":"dataconnect"},"message":"Starting SQL Connect Emulator with command {\"binary\":\"/Users/madina.solutions/.cache/firebase/emulators/dataconnect-emulator-3.4.16\",\"args\":[\"--logtostderr\",\"-v=2\",\"dev\",\"--listen=localhost:50002\",\"--config_dir=/Volumes/DATA UTAMA/DEVELOPER/madina-solution-production-final/dataconnect\",\"--enable_output_schema_extensions=true\",\"--enable_output_generated_sdk=true\"],\"optionalArgs\":[\"listen\",\"config_dir\",\"enable_output_schema_extensions\",\"enable_output_generated_sdk\"],\"joinArgs\":true,\"shell\":false,\"port\":9399}"}}
[info] i  dataconnect: SQL Connect Emulator logging to dataconnect-debug.log {"metadata":{"emulator":{"name":"dataconnect"},"message":"SQL Connect Emulator logging to dataconnect-debug.log"}}
[debug] [2026-09-17T17:21:41.287Z] *** [apiv2] error from fetch(https://firebase.googleapis.com/v1beta1/projects?pageSize=1000, {"headers":{},"method":"GET","signal":{}}): AbortError: This operation was aborted
[debug] [2026-09-17T17:21:41.288Z] Timeout reached making request to https://firebase.googleapis.com/v1beta1/projects?pageSize=1000
[debug] [2026-09-17T17:21:42.092Z] I0918 00:21:41.946597   16840 load.go:31] Reloading schema and connectors...
 {"metadata":{"emulator":{"name":"dataconnect"},"message":"I0918 00:21:41.946597   16840 load.go:31] Reloading schema and connectors...\n"}}
[debug] [2026-09-17T17:21:42.306Z] I0918 00:21:42.129818   16840 control.go:100] [projects/emulator/locations/emulator/services/madina-solution-production-final c714] UpdateResources(): done
Main schema: sources: schema/schema.gql [1992B] 
Connector "example": sources: example/mutations.gql [1243B] example/queries.gql [1801B] 
I0918 00:21:42.227098   16840 codegen.go:101] [connector "example" javascriptSdk] Generating sources into "/Volumes/DATA UTAMA/DEVELOPER/madina-solution-production-final/src/dataconnect-generated"
 {"metadata":{"emulator":{"name":"dataconnect"},"message":"I0918 00:21:42.129818   16840 control.go:100] [projects/emulator/locations/emulator/services/madina-solution-production-final c714] UpdateResources(): done\nMain schema: sources: schema/schema.gql [1992B] \nConnector \"example\": sources: example/mutations.gql [1243B] example/queries.gql [1801B] \nI0918 00:21:42.227098   16840 codegen.go:101] [connector \"example\" javascriptSdk] Generating sources into \"/Volumes/DATA UTAMA/DEVELOPER/madina-solution-production-final/src/dataconnect-generated\"\n"}}
[debug] [2026-09-17T17:21:42.741Z] I0918 00:21:42.462035   16840 collector.go:107] schema extensions wrote into "/Volumes/DATA UTAMA/DEVELOPER/madina-solution-production-final/dataconnect/.dataconnect/schema"
Generated sources: main/query.gql [5099B] main/mutation.gql [13679B] main/implicit.gql [1261B] prelude.gql [84995B] main/input.gql [29309B] main/relation.gql [14318B] 
I0918 00:21:42.650877   16840 collector.go:107] connector "example" javascriptSdk wrote into "/Volumes/DATA UTAMA/DEVELOPER/madina-solution-production-final/src/dataconnect-generated"
Generated sources: package.json [853B] react/index.cjs.js [3439B] react/esm/index.esm.js [3269B] index.d.ts [8408B] index.cjs.js [5919B] react/index.d.ts [3961B] react/README.md [48281B] .guides/usage.md [3489B] .guides/config.json [236B] esm/index.esm.js [5375B] esm/package.json [17B] README.md [41217B] .guides/setup.md [1682B] react/package.json [460B] react/esm/package.json [17B] 
I0918 00:21:42.693838   16840 installsdk.go:86] Running command: /Users/madina.solutions/.nvm/versions/node/v22.23.2/bin/npm install file:src/dataconnect-generated
 {"metadata":{"emulator":{"name":"dataconnect"},"message":"I0918 00:21:42.462035   16840 collector.go:107] schema extensions wrote into \"/Volumes/DATA UTAMA/DEVELOPER/madina-solution-production-final/dataconnect/.dataconnect/schema\"\nGenerated sources: main/query.gql [5099B] main/mutation.gql [13679B] main/implicit.gql [1261B] prelude.gql [84995B] main/input.gql [29309B] main/relation.gql [14318B] \nI0918 00:21:42.650877   16840 collector.go:107] connector \"example\" javascriptSdk wrote into \"/Volumes/DATA UTAMA/DEVELOPER/madina-solution-production-final/src/dataconnect-generated\"\nGenerated sources: package.json [853B] react/index.cjs.js [3439B] react/esm/index.esm.js [3269B] index.d.ts [8408B] index.cjs.js [5919B] react/index.d.ts [3961B] react/README.md [48281B] .guides/usage.md [3489B] .guides/config.json [236B] esm/index.esm.js [5375B] esm/package.json [17B] README.md [41217B] .guides/setup.md [1682B] react/package.json [460B] react/esm/package.json [17B] \nI0918 00:21:42.693838   16840 installsdk.go:86] Running command: /Users/madina.solutions/.nvm/versions/node/v22.23.2/bin/npm install file:src/dataconnect-generated\n"}}
[debug] [2026-09-17T17:22:24.522Z] I0918 00:22:24.521251   16840 load.go:109] Finished reloading
 {"metadata":{"emulator":{"name":"dataconnect"},"message":"I0918 00:22:24.521251   16840 load.go:109] Finished reloading\n"}}
[debug] [2026-09-17T17:22:24.540Z] I0918 00:22:24.538573   16840 dev.go:101] Listening on address (HTTP + gRPC): 127.0.0.1:50002
 {"metadata":{"emulator":{"name":"dataconnect"},"message":"I0918 00:22:24.538573   16840 dev.go:101] Listening on address (HTTP + gRPC): 127.0.0.1:50002\n"}}
[info] [Firebase Plugin] Stopping SQL Connect toolkit
[warn] ⚠  SQL Connect Emulator has exited upon receiving signal: SIGINT 
[debug] [2026-09-17T17:34:09.078Z] [Firebase Plugin] Activating Firebase extension.
[debug] [2026-09-17T17:35:40.645Z] [Firebase Plugin] requireAuthWrapper
[debug] [2026-09-17T17:35:41.587Z] > command requires scopes: ["email","openid","https://www.googleapis.com/auth/cloudplatformprojects.readonly","https://www.googleapis.com/auth/firebase","https://www.googleapis.com/auth/cloud-platform"]
[debug] [2026-09-17T17:35:41.588Z] > authorizing via signed-in user (perc.madina@gmail.com)
[debug] [2026-09-17T17:35:41.594Z] Checked if tokens are valid: true, expires at: 1789668320518
[debug] [2026-09-17T17:35:41.595Z] Checked if tokens are valid: true, expires at: 1789668320518
[debug] [2026-09-17T17:35:41.595Z] [Firebase Plugin] User found:  perc.madina@gmail.com
[info] [Firebase Plugin] (Core:Project) New user detected, fetching projects
[debug] [2026-09-17T17:35:41.597Z] Checked if tokens are valid: true, expires at: 1789668320518
[debug] [2026-09-17T17:35:41.600Z] >>> [apiv2][query] GET https://firebase.googleapis.com/v1beta1/projects pageSize=1000
[debug] [2026-09-17T17:35:41.709Z] [Firebase Plugin] VSCode notification server listening on port 40001
[info] [Firebase Plugin] Starting SQL Connect toolkit (version 3.4.16) on port 50002
[debug] [2026-09-17T17:35:44.748Z] I0918 00:35:44.729698   19154 control.go:100] [projects/emulator/locations/emulator/services/madina-solution-production-final 0b6e] UpdateResources(): done
Main schema: sources: schema/schema.gql [1992B] 
Connector "example": sources: example/mutations.gql [1243B] example/queries.gql [1801B] 
 {"metadata":{"emulator":{"name":"dataconnect"},"message":"I0918 00:35:44.729698   19154 control.go:100] [projects/emulator/locations/emulator/services/madina-solution-production-final 0b6e] UpdateResources(): done\nMain schema: sources: schema/schema.gql [1992B] \nConnector \"example\": sources: example/mutations.gql [1243B] example/queries.gql [1801B] \n"}}
[debug] [2026-09-17T17:35:44.750Z] Ignoring unsupported arg: auto_download {"metadata":{"emulator":{"name":"dataconnect"},"message":"Ignoring unsupported arg: auto_download"}}
[debug] [2026-09-17T17:35:44.750Z] Ignoring unsupported arg: port {"metadata":{"emulator":{"name":"dataconnect"},"message":"Ignoring unsupported arg: port"}}
[debug] [2026-09-17T17:35:44.751Z] Starting SQL Connect Emulator with command {"binary":"/Users/madina.solutions/.cache/firebase/emulators/dataconnect-emulator-3.4.16","args":["--logtostderr","-v=2","dev","--listen=localhost:50002","--config_dir=/Volumes/DATA UTAMA/DEVELOPER/madina-solution-production-final/dataconnect","--enable_output_schema_extensions=true","--enable_output_generated_sdk=true"],"optionalArgs":["listen","config_dir","enable_output_schema_extensions","enable_output_generated_sdk"],"joinArgs":true,"shell":false,"port":9399} {"metadata":{"emulator":{"name":"dataconnect"},"message":"Starting SQL Connect Emulator with command {\"binary\":\"/Users/madina.solutions/.cache/firebase/emulators/dataconnect-emulator-3.4.16\",\"args\":[\"--logtostderr\",\"-v=2\",\"dev\",\"--listen=localhost:50002\",\"--config_dir=/Volumes/DATA UTAMA/DEVELOPER/madina-solution-production-final/dataconnect\",\"--enable_output_schema_extensions=true\",\"--enable_output_generated_sdk=true\"],\"optionalArgs\":[\"listen\",\"config_dir\",\"enable_output_schema_extensions\",\"enable_output_generated_sdk\"],\"joinArgs\":true,\"shell\":false,\"port\":9399}"}}
[info] i  dataconnect: SQL Connect Emulator logging to dataconnect-debug.log {"metadata":{"emulator":{"name":"dataconnect"},"message":"SQL Connect Emulator logging to dataconnect-debug.log"}}
[debug] [2026-09-17T17:35:45.190Z] I0918 00:35:45.152287   19190 load.go:31] Reloading schema and connectors...
 {"metadata":{"emulator":{"name":"dataconnect"},"message":"I0918 00:35:45.152287   19190 load.go:31] Reloading schema and connectors...\n"}}
[debug] [2026-09-17T17:35:45.311Z] I0918 00:35:45.285740   19190 control.go:100] [projects/emulator/locations/emulator/services/madina-solution-production-final 5b66] UpdateResources(): done
Main schema: sources: schema/schema.gql [1992B] 
Connector "example": sources: example/mutations.gql [1243B] example/queries.gql [1801B] 
 {"metadata":{"emulator":{"name":"dataconnect"},"message":"I0918 00:35:45.285740   19190 control.go:100] [projects/emulator/locations/emulator/services/madina-solution-production-final 5b66] UpdateResources(): done\nMain schema: sources: schema/schema.gql [1992B] \nConnector \"example\": sources: example/mutations.gql [1243B] example/queries.gql [1801B] \n"}}
[debug] [2026-09-17T17:35:45.433Z] I0918 00:35:45.421474   19190 codegen.go:101] [connector "example" javascriptSdk] Generating sources into "/Volumes/DATA UTAMA/DEVELOPER/madina-solution-production-final/src/dataconnect-generated"
 {"metadata":{"emulator":{"name":"dataconnect"},"message":"I0918 00:35:45.421474   19190 codegen.go:101] [connector \"example\" javascriptSdk] Generating sources into \"/Volumes/DATA UTAMA/DEVELOPER/madina-solution-production-final/src/dataconnect-generated\"\n"}}
[debug] [2026-09-17T17:35:45.651Z] I0918 00:35:45.615687   19190 collector.go:107] schema extensions wrote into "/Volumes/DATA UTAMA/DEVELOPER/madina-solution-production-final/dataconnect/.dataconnect/schema"
Generated sources: main/relation.gql [14318B] main/query.gql [5099B] prelude.gql [84995B] main/mutation.gql [13679B] main/implicit.gql [1261B] main/input.gql [29309B] 
 {"metadata":{"emulator":{"name":"dataconnect"},"message":"I0918 00:35:45.615687   19190 collector.go:107] schema extensions wrote into \"/Volumes/DATA UTAMA/DEVELOPER/madina-solution-production-final/dataconnect/.dataconnect/schema\"\nGenerated sources: main/relation.gql [14318B] main/query.gql [5099B] prelude.gql [84995B] main/mutation.gql [13679B] main/implicit.gql [1261B] main/input.gql [29309B] \n"}}
[debug] [2026-09-17T17:35:45.658Z] <<< [apiv2][status] GET https://firebase.googleapis.com/v1beta1/projects 200
[debug] [2026-09-17T17:35:45.660Z] <<< [apiv2][body] GET https://firebase.googleapis.com/v1beta1/projects [omitted]
[debug] [2026-09-17T17:35:45.796Z] I0918 00:35:45.689337   19190 collector.go:107] connector "example" javascriptSdk wrote into "/Volumes/DATA UTAMA/DEVELOPER/madina-solution-production-final/src/dataconnect-generated"
Generated sources: esm/index.esm.js [5375B] esm/package.json [17B] react/esm/package.json [17B] .guides/usage.md [3489B] .guides/setup.md [1682B] .guides/config.json [236B] index.d.ts [8408B] index.cjs.js [5919B] react/index.d.ts [3961B] react/package.json [460B] react/esm/index.esm.js [3269B] react/README.md [48281B] package.json [853B] README.md [41217B] react/index.cjs.js [3439B] 
I0918 00:35:45.724966   19190 installsdk.go:86] Running command: /Users/madina.solutions/.nvm/versions/node/v22.23.2/bin/npm install file:src/dataconnect-generated
 {"metadata":{"emulator":{"name":"dataconnect"},"message":"I0918 00:35:45.689337   19190 collector.go:107] connector \"example\" javascriptSdk wrote into \"/Volumes/DATA UTAMA/DEVELOPER/madina-solution-production-final/src/dataconnect-generated\"\nGenerated sources: esm/index.esm.js [5375B] esm/package.json [17B] react/esm/package.json [17B] .guides/usage.md [3489B] .guides/setup.md [1682B] .guides/config.json [236B] index.d.ts [8408B] index.cjs.js [5919B] react/index.d.ts [3961B] react/package.json [460B] react/esm/index.esm.js [3269B] react/README.md [48281B] package.json [853B] README.md [41217B] react/index.cjs.js [3439B] \nI0918 00:35:45.724966   19190 installsdk.go:86] Running command: /Users/madina.solutions/.nvm/versions/node/v22.23.2/bin/npm install file:src/dataconnect-generated\n"}}
[debug] [2026-09-17T17:36:01.113Z] I0918 00:36:01.113672   19190 load.go:109] Finished reloading
 {"metadata":{"emulator":{"name":"dataconnect"},"message":"I0918 00:36:01.113672   19190 load.go:109] Finished reloading\n"}}
[debug] [2026-09-17T17:36:01.116Z] I0918 00:36:01.116022   19190 dev.go:101] Listening on address (HTTP + gRPC): 127.0.0.1:50002
 {"metadata":{"emulator":{"name":"dataconnect"},"message":"I0918 00:36:01.116022   19190 dev.go:101] Listening on address (HTTP + gRPC): 127.0.0.1:50002\n"}}
[info] [Firebase Plugin] Stopping SQL Connect toolkit
[warn] ⚠  SQL Connect Emulator has exited upon receiving signal: SIGINT 
[debug] [2026-09-17T18:04:19.109Z] [Firebase Plugin] Activating Firebase extension.
[debug] [2026-09-17T18:05:14.472Z] [Firebase Plugin] requireAuthWrapper
[debug] [2026-09-17T18:05:14.474Z] > command requires scopes: ["email","openid","https://www.googleapis.com/auth/cloudplatformprojects.readonly","https://www.googleapis.com/auth/firebase","https://www.googleapis.com/auth/cloud-platform"]
[debug] [2026-09-17T18:05:14.475Z] > authorizing via signed-in user (perc.madina@gmail.com)
[debug] [2026-09-17T18:05:14.478Z] Checked if tokens are valid: true, expires at: 1789671829169
[debug] [2026-09-17T18:05:14.479Z] Checked if tokens are valid: true, expires at: 1789671829169
[debug] [2026-09-17T18:05:14.479Z] [Firebase Plugin] User found:  perc.madina@gmail.com
[info] [Firebase Plugin] (Core:Project) New user detected, fetching projects
[debug] [2026-09-17T18:05:14.481Z] Checked if tokens are valid: true, expires at: 1789671829169
[debug] [2026-09-17T18:05:14.483Z] >>> [apiv2][query] GET https://firebase.googleapis.com/v1beta1/projects pageSize=1000
[debug] [2026-09-17T18:05:15.649Z] [Firebase Plugin] VSCode notification server listening on port 40001
[info] [Firebase Plugin] Starting SQL Connect toolkit (version 3.4.16) on port 50002
[debug] [2026-09-17T18:05:20.462Z] I0918 01:05:20.229202   21973 control.go:100] [projects/emulator/locations/emulator/services/madina-solution-production-final 0f61] UpdateResources(): done
Main schema: sources: schema/schema.gql [1992B] 
Connector "example": sources: example/mutations.gql [1243B] example/queries.gql [1801B] 
 {"metadata":{"emulator":{"name":"dataconnect"},"message":"I0918 01:05:20.229202   21973 control.go:100] [projects/emulator/locations/emulator/services/madina-solution-production-final 0f61] UpdateResources(): done\nMain schema: sources: schema/schema.gql [1992B] \nConnector \"example\": sources: example/mutations.gql [1243B] example/queries.gql [1801B] \n"}}
[debug] [2026-09-17T18:05:20.463Z] Ignoring unsupported arg: auto_download {"metadata":{"emulator":{"name":"dataconnect"},"message":"Ignoring unsupported arg: auto_download"}}
[debug] [2026-09-17T18:05:20.463Z] Ignoring unsupported arg: port {"metadata":{"emulator":{"name":"dataconnect"},"message":"Ignoring unsupported arg: port"}}
[debug] [2026-09-17T18:05:20.464Z] Starting SQL Connect Emulator with command {"binary":"/Users/madina.solutions/.cache/firebase/emulators/dataconnect-emulator-3.4.16","args":["--logtostderr","-v=2","dev","--listen=localhost:50002","--config_dir=/Volumes/DATA UTAMA/DEVELOPER/madina-solution-production-final/dataconnect","--enable_output_schema_extensions=true","--enable_output_generated_sdk=true"],"optionalArgs":["listen","config_dir","enable_output_schema_extensions","enable_output_generated_sdk"],"joinArgs":true,"shell":false,"port":9399} {"metadata":{"emulator":{"name":"dataconnect"},"message":"Starting SQL Connect Emulator with command {\"binary\":\"/Users/madina.solutions/.cache/firebase/emulators/dataconnect-emulator-3.4.16\",\"args\":[\"--logtostderr\",\"-v=2\",\"dev\",\"--listen=localhost:50002\",\"--config_dir=/Volumes/DATA UTAMA/DEVELOPER/madina-solution-production-final/dataconnect\",\"--enable_output_schema_extensions=true\",\"--enable_output_generated_sdk=true\"],\"optionalArgs\":[\"listen\",\"config_dir\",\"enable_output_schema_extensions\",\"enable_output_generated_sdk\"],\"joinArgs\":true,\"shell\":false,\"port\":9399}"}}
[info] i  dataconnect: SQL Connect Emulator logging to dataconnect-debug.log {"metadata":{"emulator":{"name":"dataconnect"},"message":"SQL Connect Emulator logging to dataconnect-debug.log"}}
[debug] [2026-09-17T18:05:22.671Z] I0918 01:05:22.147755   21977 load.go:31] Reloading schema and connectors...
I0918 01:05:22.177734   21977 control.go:100] [projects/emulator/locations/emulator/services/madina-solution-production-final ba3b] UpdateResources(): done
Main schema: sources: schema/schema.gql [1992B] 
Connector "example": sources: example/queries.gql [1801B] example/mutations.gql [1243B] 
I0918 01:05:22.231754   21977 codegen.go:101] [connector "example" javascriptSdk] Generating sources into "/Volumes/DATA UTAMA/DEVELOPER/madina-solution-production-final/src/dataconnect-generated"
I0918 01:05:22.265787   21977 collector.go:107] schema extensions wrote into "/Volumes/DATA UTAMA/DEVELOPER/madina-solution-production-final/dataconnect/.dataconnect/schema"
Generated sources: main/mutation.gql [13679B] main/implicit.gql [1261B] main/input.gql [29309B] main/relation.gql [14318B] main/query.gql [5099B] prelude.gql [84995B] 
I0918 01:05:22.268440   21977 collector.go:107] connector "example" javascriptSdk wrote into "/Volumes/DATA UTAMA/DEVELOPER/madina-solution-production-final/src/dataconnect-generated"
Generated sources: react/README.md [48281B] .guides/config.json [236B] esm/package.json [17B] index.cjs.js [5919B] .guides/usage.md [3489B] index.d.ts [8408B] esm/index.esm.js [5375B] react/index.cjs.js [3439B] .guides/setup.md [1682B] package.json [853B] react/index.d.ts [3961B] react/package.json [460B] README.md [41217B] react/esm/package.json [17B] react/esm/index.esm.js [3269B] 
 {"metadata":{"emulator":{"name":"dataconnect"},"message":"I0918 01:05:22.147755   21977 load.go:31] Reloading schema and connectors...\nI0918 01:05:22.177734   21977 control.go:100] [projects/emulator/locations/emulator/services/madina-solution-production-final ba3b] UpdateResources(): done\nMain schema: sources: schema/schema.gql [1992B] \nConnector \"example\": sources: example/queries.gql [1801B] example/mutations.gql [1243B] \nI0918 01:05:22.231754   21977 codegen.go:101] [connector \"example\" javascriptSdk] Generating sources into \"/Volumes/DATA UTAMA/DEVELOPER/madina-solution-production-final/src/dataconnect-generated\"\nI0918 01:05:22.265787   21977 collector.go:107] schema extensions wrote into \"/Volumes/DATA UTAMA/DEVELOPER/madina-solution-production-final/dataconnect/.dataconnect/schema\"\nGenerated sources: main/mutation.gql [13679B] main/implicit.gql [1261B] main/input.gql [29309B] main/relation.gql [14318B] main/query.gql [5099B] prelude.gql [84995B] \nI0918 01:05:22.268440   21977 collector.go:107] connector \"example\" javascriptSdk wrote into \"/Volumes/DATA UTAMA/DEVELOPER/madina-solution-production-final/src/dataconnect-generated\"\nGenerated sources: react/README.md [48281B] .guides/config.json [236B] esm/package.json [17B] index.cjs.js [5919B] .guides/usage.md [3489B] index.d.ts [8408B] esm/index.esm.js [5375B] react/index.cjs.js [3439B] .guides/setup.md [1682B] package.json [853B] react/index.d.ts [3961B] react/package.json [460B] README.md [41217B] react/esm/package.json [17B] react/esm/index.esm.js [3269B] \n"}}
[debug] [2026-09-17T18:05:22.869Z] I0918 01:05:22.818563   21977 installsdk.go:55] Package @dataconnect/generated is already installed. Skipping installation
 {"metadata":{"emulator":{"name":"dataconnect"},"message":"I0918 01:05:22.818563   21977 installsdk.go:55] Package @dataconnect/generated is already installed. Skipping installation\n"}}
[debug] [2026-09-17T18:05:23.182Z] I0918 01:05:22.819839   21977 load.go:109] Finished reloading
 {"metadata":{"emulator":{"name":"dataconnect"},"message":"I0918 01:05:22.819839   21977 load.go:109] Finished reloading\n"}}
[debug] [2026-09-17T18:05:24.319Z] I0918 01:05:24.204617   21977 dev.go:101] Listening on address (HTTP + gRPC): 127.0.0.1:50002
 {"metadata":{"emulator":{"name":"dataconnect"},"message":"I0918 01:05:24.204617   21977 dev.go:101] Listening on address (HTTP + gRPC): 127.0.0.1:50002\n"}}
[debug] [2026-09-17T18:05:24.823Z] <<< [apiv2][status] GET https://firebase.googleapis.com/v1beta1/projects 200
[debug] [2026-09-17T18:05:24.823Z] <<< [apiv2][body] GET https://firebase.googleapis.com/v1beta1/projects [omitted]
[debug] [2026-09-17T18:05:26.844Z] I0918 01:05:26.796158   21977 engine.go:209] [projects/emulator/locations/emulator/services/madina-solution-production-final ba3b] ExecuteGraphqlRead query IntrospectionQuery: succeeded. 
 {"metadata":{"emulator":{"name":"dataconnect"},"message":"I0918 01:05:26.796158   21977 engine.go:209] [projects/emulator/locations/emulator/services/madina-solution-production-final ba3b] ExecuteGraphqlRead query IntrospectionQuery: succeeded. \n"}}
[info] [Firebase Plugin] Stopping SQL Connect toolkit
[warn] ⚠  SQL Connect Emulator has exited upon receiving signal: SIGINT 
[debug] [2026-09-17T18:12:49.604Z] [Firebase Plugin] Activating Firebase extension.
[debug] [2026-09-17T18:12:52.819Z] [Firebase Plugin] requireAuthWrapper
[debug] [2026-09-17T18:12:52.820Z] > command requires scopes: ["email","openid","https://www.googleapis.com/auth/cloudplatformprojects.readonly","https://www.googleapis.com/auth/firebase","https://www.googleapis.com/auth/cloud-platform"]
[debug] [2026-09-17T18:12:52.821Z] > authorizing via signed-in user (perc.madina@gmail.com)
[debug] [2026-09-17T18:12:52.824Z] Checked if tokens are valid: true, expires at: 1789671829169
[debug] [2026-09-17T18:12:52.824Z] Checked if tokens are valid: true, expires at: 1789671829169
[debug] [2026-09-17T18:12:52.825Z] [Firebase Plugin] User found:  perc.madina@gmail.com
[info] [Firebase Plugin] (Core:Project) New user detected, fetching projects
[debug] [2026-09-17T18:12:52.826Z] Checked if tokens are valid: true, expires at: 1789671829169
[debug] [2026-09-17T18:12:52.828Z] >>> [apiv2][query] GET https://firebase.googleapis.com/v1beta1/projects pageSize=1000
[debug] [2026-09-17T18:12:52.861Z] [Firebase Plugin] VSCode notification server listening on port 40001
[info] [Firebase Plugin] Starting SQL Connect toolkit (version 3.4.16) on port 50002
[debug] [2026-09-17T18:13:24.392Z] I0918 01:13:23.720667   23388 control.go:100] [projects/emulator/locations/emulator/services/madina-solution-production-final aaba] UpdateResources(): done
Main schema: sources: schema/schema.gql [1992B] 
Connector "example": sources: example/mutations.gql [1243B] example/queries.gql [1801B] 
 {"metadata":{"emulator":{"name":"dataconnect"},"message":"I0918 01:13:23.720667   23388 control.go:100] [projects/emulator/locations/emulator/services/madina-solution-production-final aaba] UpdateResources(): done\nMain schema: sources: schema/schema.gql [1992B] \nConnector \"example\": sources: example/mutations.gql [1243B] example/queries.gql [1801B] \n"}}
[debug] [2026-09-17T18:13:24.393Z] Ignoring unsupported arg: auto_download {"metadata":{"emulator":{"name":"dataconnect"},"message":"Ignoring unsupported arg: auto_download"}}
[debug] [2026-09-17T18:13:24.393Z] Ignoring unsupported arg: port {"metadata":{"emulator":{"name":"dataconnect"},"message":"Ignoring unsupported arg: port"}}
[debug] [2026-09-17T18:13:24.393Z] Starting SQL Connect Emulator with command {"binary":"/Users/madina.solutions/.cache/firebase/emulators/dataconnect-emulator-3.4.16","args":["--logtostderr","-v=2","dev","--listen=localhost:50002","--config_dir=/Volumes/DATA UTAMA/DEVELOPER/madina-solution-production-final/dataconnect","--enable_output_schema_extensions=true","--enable_output_generated_sdk=true"],"optionalArgs":["listen","config_dir","enable_output_schema_extensions","enable_output_generated_sdk"],"joinArgs":true,"shell":false,"port":9399} {"metadata":{"emulator":{"name":"dataconnect"},"message":"Starting SQL Connect Emulator with command {\"binary\":\"/Users/madina.solutions/.cache/firebase/emulators/dataconnect-emulator-3.4.16\",\"args\":[\"--logtostderr\",\"-v=2\",\"dev\",\"--listen=localhost:50002\",\"--config_dir=/Volumes/DATA UTAMA/DEVELOPER/madina-solution-production-final/dataconnect\",\"--enable_output_schema_extensions=true\",\"--enable_output_generated_sdk=true\"],\"optionalArgs\":[\"listen\",\"config_dir\",\"enable_output_schema_extensions\",\"enable_output_generated_sdk\"],\"joinArgs\":true,\"shell\":false,\"port\":9399}"}}
[info] i  dataconnect: SQL Connect Emulator logging to dataconnect-debug.log {"metadata":{"emulator":{"name":"dataconnect"},"message":"SQL Connect Emulator logging to dataconnect-debug.log"}}
[debug] [2026-09-17T18:13:28.124Z] I0918 01:13:24.888572   23557 load.go:31] Reloading schema and connectors...
I0918 01:13:24.929106   23557 control.go:100] [projects/emulator/locations/emulator/services/madina-solution-production-final ede3] UpdateResources(): done
Main schema: sources: schema/schema.gql [1992B] 
Connector "example": sources: example/mutations.gql [1243B] example/queries.gql [1801B] 
I0918 01:13:24.961115   23557 codegen.go:101] [connector "example" javascriptSdk] Generating sources into "/Volumes/DATA UTAMA/DEVELOPER/madina-solution-production-final/src/dataconnect-generated"
I0918 01:13:25.013927   23557 collector.go:107] schema extensions wrote into "/Volumes/DATA UTAMA/DEVELOPER/madina-solution-production-final/dataconnect/.dataconnect/schema"
Generated sources: main/mutation.gql [13679B] prelude.gql [84995B] main/implicit.gql [1261B] main/input.gql [29309B] main/relation.gql [14318B] main/query.gql [5099B] 
I0918 01:13:25.017334   23557 collector.go:107] connector "example" javascriptSdk wrote into "/Volumes/DATA UTAMA/DEVELOPER/madina-solution-production-final/src/dataconnect-generated"
Generated sources: README.md [41217B] react/esm/package.json [17B] .guides/config.json [236B] esm/index.esm.js [5375B] esm/package.json [17B] package.json [853B] react/index.d.ts [3961B] .guides/setup.md [1682B] index.cjs.js [5919B] react/package.json [460B] react/index.cjs.js [3439B] react/README.md [48281B] .guides/usage.md [3489B] index.d.ts [8408B] react/esm/index.esm.js [3269B] 
I0918 01:13:25.148944   23557 installsdk.go:55] Package @dataconnect/generated is already installed. Skipping installation
I0918 01:13:25.149741   23557 load.go:109] Finished reloading
I0918 01:13:25.162657   23557 dev.go:101] Listening on address (HTTP + gRPC): 127.0.0.1:50002
 {"metadata":{"emulator":{"name":"dataconnect"},"message":"I0918 01:13:24.888572   23557 load.go:31] Reloading schema and connectors...\nI0918 01:13:24.929106   23557 control.go:100] [projects/emulator/locations/emulator/services/madina-solution-production-final ede3] UpdateResources(): done\nMain schema: sources: schema/schema.gql [1992B] \nConnector \"example\": sources: example/mutations.gql [1243B] example/queries.gql [1801B] \nI0918 01:13:24.961115   23557 codegen.go:101] [connector \"example\" javascriptSdk] Generating sources into \"/Volumes/DATA UTAMA/DEVELOPER/madina-solution-production-final/src/dataconnect-generated\"\nI0918 01:13:25.013927   23557 collector.go:107] schema extensions wrote into \"/Volumes/DATA UTAMA/DEVELOPER/madina-solution-production-final/dataconnect/.dataconnect/schema\"\nGenerated sources: main/mutation.gql [13679B] prelude.gql [84995B] main/implicit.gql [1261B] main/input.gql [29309B] main/relation.gql [14318B] main/query.gql [5099B] \nI0918 01:13:25.017334   23557 collector.go:107] connector \"example\" javascriptSdk wrote into \"/Volumes/DATA UTAMA/DEVELOPER/madina-solution-production-final/src/dataconnect-generated\"\nGenerated sources: README.md [41217B] react/esm/package.json [17B] .guides/config.json [236B] esm/index.esm.js [5375B] esm/package.json [17B] package.json [853B] react/index.d.ts [3961B] .guides/setup.md [1682B] index.cjs.js [5919B] react/package.json [460B] react/index.cjs.js [3439B] react/README.md [48281B] .guides/usage.md [3489B] index.d.ts [8408B] react/esm/index.esm.js [3269B] \nI0918 01:13:25.148944   23557 installsdk.go:55] Package @dataconnect/generated is already installed. Skipping installation\nI0918 01:13:25.149741   23557 load.go:109] Finished reloading\nI0918 01:13:25.162657   23557 dev.go:101] Listening on address (HTTP + gRPC): 127.0.0.1:50002\n"}}
[debug] [2026-09-17T18:13:28.162Z] *** [apiv2] error from fetch(https://firebase.googleapis.com/v1beta1/projects?pageSize=1000, {"headers":{},"method":"GET","signal":{}}): AbortError: This operation was aborted
[debug] [2026-09-17T18:13:28.164Z] Timeout reached making request to https://firebase.googleapis.com/v1beta1/projects?pageSize=1000
[error] [Firebase Plugin]request to http://localhost:50002/v1/projects/p/locations/l/services/madina-solution-production-final:executeGraphqlRead failed, reason:  {"type":"system","errno":"ETIMEDOUT","code":"ETIMEDOUT","vslsStack":[{},{},{},{},{},{},{},{},{},{}]}
[error] [Firebase Plugin] error:  {}
[info] [Firebase Plugin] Stopping SQL Connect toolkit
[warn] ⚠  SQL Connect Emulator has exited upon receiving signal: SIGINT 
[debug] [2026-09-17T19:20:41.072Z] [Firebase Plugin] Activating Firebase extension.
[debug] [2026-09-17T19:21:22.901Z] [Firebase Plugin] requireAuthWrapper
[debug] [2026-09-17T19:21:22.903Z] > command requires scopes: ["email","openid","https://www.googleapis.com/auth/cloudplatformprojects.readonly","https://www.googleapis.com/auth/firebase","https://www.googleapis.com/auth/cloud-platform"]
[debug] [2026-09-17T19:21:22.904Z] > authorizing via signed-in user (perc.madina@gmail.com)
[debug] [2026-09-17T19:21:22.907Z] Checked if tokens are valid: false, expires at: 1789671829169
[debug] [2026-09-17T19:21:22.907Z] Checked if tokens are valid: false, expires at: 1789671829169
[debug] [2026-09-17T19:21:22.908Z] > refreshing access token with scopes: []
[debug] [2026-09-17T19:21:22.910Z] >>> [apiv2][query] POST https://www.googleapis.com/oauth2/v3/token [none]
[debug] [2026-09-17T19:21:22.911Z] >>> [apiv2][body] POST https://www.googleapis.com/oauth2/v3/token [omitted]
[debug] [2026-09-17T19:21:25.137Z] [Firebase Plugin] VSCode notification server listening on port 40001
[info] [Firebase Plugin] Starting SQL Connect toolkit (version 3.4.16) on port 50002
[debug] [2026-09-17T19:21:29.884Z] I0918 02:21:29.823656   27855 control.go:100] [projects/emulator/locations/emulator/services/madina-solution-production-final e67c] UpdateResources(): done
Main schema: sources: schema/schema.gql [1992B] 
Connector "example": sources: example/mutations.gql [1243B] example/queries.gql [1801B] 
 {"metadata":{"emulator":{"name":"dataconnect"},"message":"I0918 02:21:29.823656   27855 control.go:100] [projects/emulator/locations/emulator/services/madina-solution-production-final e67c] UpdateResources(): done\nMain schema: sources: schema/schema.gql [1992B] \nConnector \"example\": sources: example/mutations.gql [1243B] example/queries.gql [1801B] \n"}}
[debug] [2026-09-17T19:21:29.885Z] Ignoring unsupported arg: auto_download {"metadata":{"emulator":{"name":"dataconnect"},"message":"Ignoring unsupported arg: auto_download"}}
[debug] [2026-09-17T19:21:29.885Z] Ignoring unsupported arg: port {"metadata":{"emulator":{"name":"dataconnect"},"message":"Ignoring unsupported arg: port"}}
[debug] [2026-09-17T19:21:29.886Z] Starting SQL Connect Emulator with command {"binary":"/Users/madina.solutions/.cache/firebase/emulators/dataconnect-emulator-3.4.16","args":["--logtostderr","-v=2","dev","--listen=localhost:50002","--config_dir=/Volumes/DATA UTAMA/DEVELOPER/madina-solution-production-final/dataconnect","--enable_output_schema_extensions=true","--enable_output_generated_sdk=true"],"optionalArgs":["listen","config_dir","enable_output_schema_extensions","enable_output_generated_sdk"],"joinArgs":true,"shell":false,"port":9399} {"metadata":{"emulator":{"name":"dataconnect"},"message":"Starting SQL Connect Emulator with command {\"binary\":\"/Users/madina.solutions/.cache/firebase/emulators/dataconnect-emulator-3.4.16\",\"args\":[\"--logtostderr\",\"-v=2\",\"dev\",\"--listen=localhost:50002\",\"--config_dir=/Volumes/DATA UTAMA/DEVELOPER/madina-solution-production-final/dataconnect\",\"--enable_output_schema_extensions=true\",\"--enable_output_generated_sdk=true\"],\"optionalArgs\":[\"listen\",\"config_dir\",\"enable_output_schema_extensions\",\"enable_output_generated_sdk\"],\"joinArgs\":true,\"shell\":false,\"port\":9399}"}}
[info] i  dataconnect: SQL Connect Emulator logging to dataconnect-debug.log {"metadata":{"emulator":{"name":"dataconnect"},"message":"SQL Connect Emulator logging to dataconnect-debug.log"}}
[debug] [2026-09-17T19:21:31.118Z] I0918 02:21:31.079713   27888 load.go:31] Reloading schema and connectors...
 {"metadata":{"emulator":{"name":"dataconnect"},"message":"I0918 02:21:31.079713   27888 load.go:31] Reloading schema and connectors...\n"}}
[debug] [2026-09-17T19:21:31.144Z] I0918 02:21:31.140640   27888 control.go:100] [projects/emulator/locations/emulator/services/madina-solution-production-final 74a5] UpdateResources(): done
Main schema: sources: schema/schema.gql [1992B] 
Connector "example": sources: example/mutations.gql [1243B] example/queries.gql [1801B] 
 {"metadata":{"emulator":{"name":"dataconnect"},"message":"I0918 02:21:31.140640   27888 control.go:100] [projects/emulator/locations/emulator/services/madina-solution-production-final 74a5] UpdateResources(): done\nMain schema: sources: schema/schema.gql [1992B] \nConnector \"example\": sources: example/mutations.gql [1243B] example/queries.gql [1801B] \n"}}
[debug] [2026-09-17T19:21:31.179Z] <<< [apiv2][status] POST https://www.googleapis.com/oauth2/v3/token 200
[debug] [2026-09-17T19:21:31.179Z] <<< [apiv2][body] POST https://www.googleapis.com/oauth2/v3/token [omitted]
[debug] [2026-09-17T19:21:31.219Z] [Firebase Plugin] User found:  perc.madina@gmail.com
[info] [Firebase Plugin] (Core:Project) New user detected, fetching projects
[debug] [2026-09-17T19:21:31.221Z] Checked if tokens are valid: true, expires at: 1789676490180
[debug] [2026-09-17T19:21:31.351Z] >>> [apiv2][query] GET https://firebase.googleapis.com/v1beta1/projects pageSize=1000
[debug] [2026-09-17T19:21:31.485Z] I0918 02:21:31.341309   27888 codegen.go:101] [connector "example" javascriptSdk] Generating sources into "/Volumes/DATA UTAMA/DEVELOPER/madina-solution-production-final/src/dataconnect-generated"
I0918 02:21:31.387241   27888 collector.go:107] schema extensions wrote into "/Volumes/DATA UTAMA/DEVELOPER/madina-solution-production-final/dataconnect/.dataconnect/schema"
Generated sources: prelude.gql [84995B] main/implicit.gql [1261B] main/input.gql [29309B] main/relation.gql [14318B] main/query.gql [5099B] main/mutation.gql [13679B] 
I0918 02:21:31.392340   27888 collector.go:107] connector "example" javascriptSdk wrote into "/Volumes/DATA UTAMA/DEVELOPER/madina-solution-production-final/src/dataconnect-generated"
Generated sources: esm/package.json [17B] react/index.d.ts [3961B] .guides/usage.md [3489B] .guides/setup.md [1682B] react/package.json [460B] react/index.cjs.js [3439B] .guides/config.json [236B] index.cjs.js [5919B] README.md [41217B] react/README.md [48281B] index.d.ts [8408B] package.json [853B] react/esm/package.json [17B] react/esm/index.esm.js [3269B] esm/index.esm.js [5375B] 
 {"metadata":{"emulator":{"name":"dataconnect"},"message":"I0918 02:21:31.341309   27888 codegen.go:101] [connector \"example\" javascriptSdk] Generating sources into \"/Volumes/DATA UTAMA/DEVELOPER/madina-solution-production-final/src/dataconnect-generated\"\nI0918 02:21:31.387241   27888 collector.go:107] schema extensions wrote into \"/Volumes/DATA UTAMA/DEVELOPER/madina-solution-production-final/dataconnect/.dataconnect/schema\"\nGenerated sources: prelude.gql [84995B] main/implicit.gql [1261B] main/input.gql [29309B] main/relation.gql [14318B] main/query.gql [5099B] main/mutation.gql [13679B] \nI0918 02:21:31.392340   27888 collector.go:107] connector \"example\" javascriptSdk wrote into \"/Volumes/DATA UTAMA/DEVELOPER/madina-solution-production-final/src/dataconnect-generated\"\nGenerated sources: esm/package.json [17B] react/index.d.ts [3961B] .guides/usage.md [3489B] .guides/setup.md [1682B] react/package.json [460B] react/index.cjs.js [3439B] .guides/config.json [236B] index.cjs.js [5919B] README.md [41217B] react/README.md [48281B] index.d.ts [8408B] package.json [853B] react/esm/package.json [17B] react/esm/index.esm.js [3269B] esm/index.esm.js [5375B] \n"}}
[debug] [2026-09-17T19:21:31.869Z] I0918 02:21:31.698219   27888 installsdk.go:86] Running command: /Users/madina.solutions/.nvm/versions/node/v22.23.2/bin/npm install file:src/dataconnect-generated
 {"metadata":{"emulator":{"name":"dataconnect"},"message":"I0918 02:21:31.698219   27888 installsdk.go:86] Running command: /Users/madina.solutions/.nvm/versions/node/v22.23.2/bin/npm install file:src/dataconnect-generated\n"}}
[debug] [2026-09-17T19:21:33.250Z] <<< [apiv2][status] GET https://firebase.googleapis.com/v1beta1/projects 200
[debug] [2026-09-17T19:21:33.250Z] <<< [apiv2][body] GET https://firebase.googleapis.com/v1beta1/projects [omitted]
[debug] [2026-09-17T19:22:22.573Z] I0918 02:22:04.813509   27888 load.go:109] Finished reloading
I0918 02:22:04.862698   27888 dev.go:101] Listening on address (HTTP + gRPC): 127.0.0.1:50002
 {"metadata":{"emulator":{"name":"dataconnect"},"message":"I0918 02:22:04.813509   27888 load.go:109] Finished reloading\nI0918 02:22:04.862698   27888 dev.go:101] Listening on address (HTTP + gRPC): 127.0.0.1:50002\n"}}
[debug] [2026-09-17T20:09:29.703Z] [Firebase Plugin] Activating Firebase extension.
[debug] [2026-09-17T20:10:10.026Z] [Firebase Plugin] requireAuthWrapper
[debug] [2026-09-17T20:10:10.028Z] > command requires scopes: ["email","openid","https://www.googleapis.com/auth/cloudplatformprojects.readonly","https://www.googleapis.com/auth/firebase","https://www.googleapis.com/auth/cloud-platform"]
[debug] [2026-09-17T20:10:10.029Z] > authorizing via signed-in user (perc.madina@gmail.com)
[debug] [2026-09-17T20:10:10.033Z] Checked if tokens are valid: false, expires at: 1789676490180
[debug] [2026-09-17T20:10:10.033Z] Checked if tokens are valid: false, expires at: 1789676490180
[debug] [2026-09-17T20:10:10.034Z] > refreshing access token with scopes: []
[debug] [2026-09-17T20:10:10.040Z] >>> [apiv2][query] POST https://www.googleapis.com/oauth2/v3/token [none]
[debug] [2026-09-17T20:10:10.041Z] >>> [apiv2][body] POST https://www.googleapis.com/oauth2/v3/token [omitted]
[debug] [2026-09-17T20:10:11.049Z] [Firebase Plugin] VSCode notification server listening on port 40001
[info] [Firebase Plugin] Starting SQL Connect toolkit (version 3.4.16) on port 50001
[debug] [2026-09-17T20:10:14.082Z] I0918 03:10:14.058224    3090 control.go:100] [projects/emulator/locations/emulator/services/madina-solution-production-final d452] UpdateResources(): done
Main schema: sources: schema/schema.gql [1992B] 
Connector "example": sources: example/mutations.gql [1243B] example/queries.gql [1801B] 
 {"metadata":{"emulator":{"name":"dataconnect"},"message":"I0918 03:10:14.058224    3090 control.go:100] [projects/emulator/locations/emulator/services/madina-solution-production-final d452] UpdateResources(): done\nMain schema: sources: schema/schema.gql [1992B] \nConnector \"example\": sources: example/mutations.gql [1243B] example/queries.gql [1801B] \n"}}
[debug] [2026-09-17T20:10:14.083Z] Ignoring unsupported arg: auto_download {"metadata":{"emulator":{"name":"dataconnect"},"message":"Ignoring unsupported arg: auto_download"}}
[debug] [2026-09-17T20:10:14.084Z] Ignoring unsupported arg: port {"metadata":{"emulator":{"name":"dataconnect"},"message":"Ignoring unsupported arg: port"}}
[debug] [2026-09-17T20:10:14.084Z] Starting SQL Connect Emulator with command {"binary":"/Users/madina.solutions/.cache/firebase/emulators/dataconnect-emulator-3.4.16","args":["--logtostderr","-v=2","dev","--listen=localhost:50001","--config_dir=/Volumes/DATA UTAMA/DEVELOPER/madina-solution-production-final/dataconnect","--enable_output_schema_extensions=true","--enable_output_generated_sdk=true"],"optionalArgs":["listen","config_dir","enable_output_schema_extensions","enable_output_generated_sdk"],"joinArgs":true,"shell":false,"port":9399} {"metadata":{"emulator":{"name":"dataconnect"},"message":"Starting SQL Connect Emulator with command {\"binary\":\"/Users/madina.solutions/.cache/firebase/emulators/dataconnect-emulator-3.4.16\",\"args\":[\"--logtostderr\",\"-v=2\",\"dev\",\"--listen=localhost:50001\",\"--config_dir=/Volumes/DATA UTAMA/DEVELOPER/madina-solution-production-final/dataconnect\",\"--enable_output_schema_extensions=true\",\"--enable_output_generated_sdk=true\"],\"optionalArgs\":[\"listen\",\"config_dir\",\"enable_output_schema_extensions\",\"enable_output_generated_sdk\"],\"joinArgs\":true,\"shell\":false,\"port\":9399}"}}
[info] i  dataconnect: SQL Connect Emulator logging to dataconnect-debug.log {"metadata":{"emulator":{"name":"dataconnect"},"message":"SQL Connect Emulator logging to dataconnect-debug.log"}}
[debug] [2026-09-17T20:10:14.493Z] I0918 03:10:14.296361    3094 load.go:31] Reloading schema and connectors...
 {"metadata":{"emulator":{"name":"dataconnect"},"message":"I0918 03:10:14.296361    3094 load.go:31] Reloading schema and connectors...\n"}}
[debug] [2026-09-17T20:10:14.655Z] I0918 03:10:14.559665    3094 control.go:100] [projects/emulator/locations/emulator/services/madina-solution-production-final 0151] UpdateResources(): done
Main schema: sources: schema/schema.gql [1992B] 
Connector "example": sources: example/mutations.gql [1243B] example/queries.gql [1801B] 
 {"metadata":{"emulator":{"name":"dataconnect"},"message":"I0918 03:10:14.559665    3094 control.go:100] [projects/emulator/locations/emulator/services/madina-solution-production-final 0151] UpdateResources(): done\nMain schema: sources: schema/schema.gql [1992B] \nConnector \"example\": sources: example/mutations.gql [1243B] example/queries.gql [1801B] \n"}}
[debug] [2026-09-17T20:10:14.742Z] I0918 03:10:14.709812    3094 codegen.go:101] [connector "example" javascriptSdk] Generating sources into "/Volumes/DATA UTAMA/DEVELOPER/madina-solution-production-final/src/dataconnect-generated"
 {"metadata":{"emulator":{"name":"dataconnect"},"message":"I0918 03:10:14.709812    3094 codegen.go:101] [connector \"example\" javascriptSdk] Generating sources into \"/Volumes/DATA UTAMA/DEVELOPER/madina-solution-production-final/src/dataconnect-generated\"\n"}}
[debug] [2026-09-17T20:10:15.932Z] I0918 03:10:14.843184    3094 collector.go:107] schema extensions wrote into "/Volumes/DATA UTAMA/DEVELOPER/madina-solution-production-final/dataconnect/.dataconnect/schema"
Generated sources: prelude.gql [84995B] main/implicit.gql [1261B] main/input.gql [29309B] main/relation.gql [14318B] main/query.gql [5099B] main/mutation.gql [13679B] 
I0918 03:10:14.846628    3094 collector.go:107] connector "example" javascriptSdk wrote into "/Volumes/DATA UTAMA/DEVELOPER/madina-solution-production-final/src/dataconnect-generated"
Generated sources: README.md [41217B] react/package.json [460B] react/esm/index.esm.js [3269B] react/README.md [48281B] .guides/usage.md [3489B] .guides/config.json [236B] esm/index.esm.js [5375B] esm/package.json [17B] package.json [853B] react/index.d.ts [3961B] react/esm/package.json [17B] react/index.cjs.js [3439B] index.cjs.js [5919B] index.d.ts [8408B] .guides/setup.md [1682B] 
I0918 03:10:14.943715    3094 installsdk.go:55] Package @dataconnect/generated is already installed. Skipping installation
I0918 03:10:14.943765    3094 load.go:109] Finished reloading
I0918 03:10:14.970026    3094 dev.go:101] Listening on address (HTTP + gRPC): 127.0.0.1:50001
 {"metadata":{"emulator":{"name":"dataconnect"},"message":"I0918 03:10:14.843184    3094 collector.go:107] schema extensions wrote into \"/Volumes/DATA UTAMA/DEVELOPER/madina-solution-production-final/dataconnect/.dataconnect/schema\"\nGenerated sources: prelude.gql [84995B] main/implicit.gql [1261B] main/input.gql [29309B] main/relation.gql [14318B] main/query.gql [5099B] main/mutation.gql [13679B] \nI0918 03:10:14.846628    3094 collector.go:107] connector \"example\" javascriptSdk wrote into \"/Volumes/DATA UTAMA/DEVELOPER/madina-solution-production-final/src/dataconnect-generated\"\nGenerated sources: README.md [41217B] react/package.json [460B] react/esm/index.esm.js [3269B] react/README.md [48281B] .guides/usage.md [3489B] .guides/config.json [236B] esm/index.esm.js [5375B] esm/package.json [17B] package.json [853B] react/index.d.ts [3961B] react/esm/package.json [17B] react/index.cjs.js [3439B] index.cjs.js [5919B] index.d.ts [8408B] .guides/setup.md [1682B] \nI0918 03:10:14.943715    3094 installsdk.go:55] Package @dataconnect/generated is already installed. Skipping installation\nI0918 03:10:14.943765    3094 load.go:109] Finished reloading\nI0918 03:10:14.970026    3094 dev.go:101] Listening on address (HTTP + gRPC): 127.0.0.1:50001\n"}}
[debug] [2026-09-17T20:10:16.474Z] <<< [apiv2][status] POST https://www.googleapis.com/oauth2/v3/token 200
[debug] [2026-09-17T20:10:16.475Z] <<< [apiv2][body] POST https://www.googleapis.com/oauth2/v3/token [omitted]
[debug] [2026-09-17T20:10:16.564Z] [Firebase Plugin] User found:  perc.madina@gmail.com
[info] [Firebase Plugin] (Core:Project) New user detected, fetching projects
[debug] [2026-09-17T20:10:16.574Z] Checked if tokens are valid: true, expires at: 1789679415476
[debug] [2026-09-17T20:10:16.582Z] >>> [apiv2][query] GET https://firebase.googleapis.com/v1beta1/projects pageSize=1000
[debug] [2026-09-17T20:10:16.817Z] I0918 03:10:16.757600    3094 engine.go:209] [projects/emulator/locations/emulator/services/madina-solution-production-final 0151] ExecuteGraphqlRead query IntrospectionQuery: succeeded. 
 {"metadata":{"emulator":{"name":"dataconnect"},"message":"I0918 03:10:16.757600    3094 engine.go:209] [projects/emulator/locations/emulator/services/madina-solution-production-final 0151] ExecuteGraphqlRead query IntrospectionQuery: succeeded. \n"}}
[debug] [2026-09-17T20:10:19.254Z] <<< [apiv2][status] GET https://firebase.googleapis.com/v1beta1/projects 200
[debug] [2026-09-17T20:10:19.254Z] <<< [apiv2][body] GET https://firebase.googleapis.com/v1beta1/projects [omitted]
[debug] [2026-09-18T01:33:47.458Z] [Firebase Plugin] Activating Firebase extension.
[debug] [2026-09-18T01:34:27.085Z] [Firebase Plugin] requireAuthWrapper
[debug] [2026-09-18T01:34:27.086Z] > command requires scopes: ["email","openid","https://www.googleapis.com/auth/cloudplatformprojects.readonly","https://www.googleapis.com/auth/firebase","https://www.googleapis.com/auth/cloud-platform"]
[debug] [2026-09-18T01:34:27.087Z] > authorizing via signed-in user (perc.madina@gmail.com)
[debug] [2026-09-18T01:34:27.092Z] Checked if tokens are valid: false, expires at: 1789679415476
[debug] [2026-09-18T01:34:27.093Z] Checked if tokens are valid: false, expires at: 1789679415476
[debug] [2026-09-18T01:34:27.093Z] > refreshing access token with scopes: []
[debug] [2026-09-18T01:34:27.095Z] >>> [apiv2][query] POST https://www.googleapis.com/oauth2/v3/token [none]
[debug] [2026-09-18T01:34:27.096Z] >>> [apiv2][body] POST https://www.googleapis.com/oauth2/v3/token [omitted]
[debug] [2026-09-18T01:34:28.216Z] [Firebase Plugin] VSCode notification server listening on port 40001
[info] [Firebase Plugin] Starting SQL Connect toolkit (version 3.4.16) on port 50001
[debug] [2026-09-18T01:34:30.615Z] I0918 08:34:30.591287    2200 control.go:100] [projects/emulator/locations/emulator/services/madina-solution-production-final e81d] UpdateResources(): done
Main schema: sources: schema/schema.gql [1992B] 
Connector "example": sources: example/queries.gql [1801B] example/mutations.gql [1243B] 
 {"metadata":{"emulator":{"name":"dataconnect"},"message":"I0918 08:34:30.591287    2200 control.go:100] [projects/emulator/locations/emulator/services/madina-solution-production-final e81d] UpdateResources(): done\nMain schema: sources: schema/schema.gql [1992B] \nConnector \"example\": sources: example/queries.gql [1801B] example/mutations.gql [1243B] \n"}}
[debug] [2026-09-18T01:34:30.616Z] Ignoring unsupported arg: auto_download {"metadata":{"emulator":{"name":"dataconnect"},"message":"Ignoring unsupported arg: auto_download"}}
[debug] [2026-09-18T01:34:30.617Z] Ignoring unsupported arg: port {"metadata":{"emulator":{"name":"dataconnect"},"message":"Ignoring unsupported arg: port"}}
[debug] [2026-09-18T01:34:30.618Z] Starting SQL Connect Emulator with command {"binary":"/Users/madina.solutions/.cache/firebase/emulators/dataconnect-emulator-3.4.16","args":["--logtostderr","-v=2","dev","--listen=localhost:50001","--config_dir=/Volumes/DATA UTAMA/DEVELOPER/madina-solution-production-final/dataconnect","--enable_output_schema_extensions=true","--enable_output_generated_sdk=true"],"optionalArgs":["listen","config_dir","enable_output_schema_extensions","enable_output_generated_sdk"],"joinArgs":true,"shell":false,"port":9399} {"metadata":{"emulator":{"name":"dataconnect"},"message":"Starting SQL Connect Emulator with command {\"binary\":\"/Users/madina.solutions/.cache/firebase/emulators/dataconnect-emulator-3.4.16\",\"args\":[\"--logtostderr\",\"-v=2\",\"dev\",\"--listen=localhost:50001\",\"--config_dir=/Volumes/DATA UTAMA/DEVELOPER/madina-solution-production-final/dataconnect\",\"--enable_output_schema_extensions=true\",\"--enable_output_generated_sdk=true\"],\"optionalArgs\":[\"listen\",\"config_dir\",\"enable_output_schema_extensions\",\"enable_output_generated_sdk\"],\"joinArgs\":true,\"shell\":false,\"port\":9399}"}}
[info] i  dataconnect: SQL Connect Emulator logging to dataconnect-debug.log {"metadata":{"emulator":{"name":"dataconnect"},"message":"SQL Connect Emulator logging to dataconnect-debug.log"}}
[debug] [2026-09-18T01:34:31.493Z] I0918 08:34:31.416475    2203 load.go:31] Reloading schema and connectors...
 {"metadata":{"emulator":{"name":"dataconnect"},"message":"I0918 08:34:31.416475    2203 load.go:31] Reloading schema and connectors...\n"}}
[debug] [2026-09-18T01:34:42.472Z] I0918 08:34:32.336666    2203 control.go:100] [projects/emulator/locations/emulator/services/madina-solution-production-final c2f9] UpdateResources(): done
Main schema: sources: schema/schema.gql [1992B] 
Connector "example": sources: example/mutations.gql [1243B] example/queries.gql [1801B] 
I0918 08:34:32.690769    2203 codegen.go:101] [connector "example" javascriptSdk] Generating sources into "/Volumes/DATA UTAMA/DEVELOPER/madina-solution-production-final/src/dataconnect-generated"
I0918 08:34:32.787728    2203 collector.go:107] schema extensions wrote into "/Volumes/DATA UTAMA/DEVELOPER/madina-solution-production-final/dataconnect/.dataconnect/schema"
Generated sources: prelude.gql [84995B] main/query.gql [5099B] main/mutation.gql [13679B] main/implicit.gql [1261B] main/input.gql [29309B] main/relation.gql [14318B] 
I0918 08:34:32.896301    2203 collector.go:107] connector "example" javascriptSdk wrote into "/Volumes/DATA UTAMA/DEVELOPER/madina-solution-production-final/src/dataconnect-generated"
Generated sources: index.d.ts [8408B] esm/index.esm.js [5375B] index.cjs.js [5919B] README.md [41217B] react/esm/package.json [17B] react/index.cjs.js [3439B] react/README.md [48281B] .guides/config.json [236B] package.json [853B] react/package.json [460B] .guides/usage.md [3489B] react/index.d.ts [3961B] react/esm/index.esm.js [3269B] esm/package.json [17B] .guides/setup.md [1682B] 
I0918 08:34:33.012298    2203 installsdk.go:55] Package @dataconnect/generated is already installed. Skipping installation
I0918 08:34:33.012468    2203 load.go:109] Finished reloading
I0918 08:34:33.030584    2203 dev.go:101] Listening on address (HTTP + gRPC): 127.0.0.1:50001
 {"metadata":{"emulator":{"name":"dataconnect"},"message":"I0918 08:34:32.336666    2203 control.go:100] [projects/emulator/locations/emulator/services/madina-solution-production-final c2f9] UpdateResources(): done\nMain schema: sources: schema/schema.gql [1992B] \nConnector \"example\": sources: example/mutations.gql [1243B] example/queries.gql [1801B] \nI0918 08:34:32.690769    2203 codegen.go:101] [connector \"example\" javascriptSdk] Generating sources into \"/Volumes/DATA UTAMA/DEVELOPER/madina-solution-production-final/src/dataconnect-generated\"\nI0918 08:34:32.787728    2203 collector.go:107] schema extensions wrote into \"/Volumes/DATA UTAMA/DEVELOPER/madina-solution-production-final/dataconnect/.dataconnect/schema\"\nGenerated sources: prelude.gql [84995B] main/query.gql [5099B] main/mutation.gql [13679B] main/implicit.gql [1261B] main/input.gql [29309B] main/relation.gql [14318B] \nI0918 08:34:32.896301    2203 collector.go:107] connector \"example\" javascriptSdk wrote into \"/Volumes/DATA UTAMA/DEVELOPER/madina-solution-production-final/src/dataconnect-generated\"\nGenerated sources: index.d.ts [8408B] esm/index.esm.js [5375B] index.cjs.js [5919B] README.md [41217B] react/esm/package.json [17B] react/index.cjs.js [3439B] react/README.md [48281B] .guides/config.json [236B] package.json [853B] react/package.json [460B] .guides/usage.md [3489B] react/index.d.ts [3961B] react/esm/index.esm.js [3269B] esm/package.json [17B] .guides/setup.md [1682B] \nI0918 08:34:33.012298    2203 installsdk.go:55] Package @dataconnect/generated is already installed. Skipping installation\nI0918 08:34:33.012468    2203 load.go:109] Finished reloading\nI0918 08:34:33.030584    2203 dev.go:101] Listening on address (HTTP + gRPC): 127.0.0.1:50001\n"}}
[debug] [2026-09-18T01:35:04.378Z] <<< [apiv2][status] POST https://www.googleapis.com/oauth2/v3/token 200
[debug] [2026-09-18T01:35:04.378Z] <<< [apiv2][body] POST https://www.googleapis.com/oauth2/v3/token [omitted]
[debug] [2026-09-18T01:35:04.776Z] [Firebase Plugin] User found:  perc.madina@gmail.com
[info] [Firebase Plugin] (Core:Project) New user detected, fetching projects
[debug] [2026-09-18T01:35:04.778Z] Checked if tokens are valid: true, expires at: 1789698903379
[debug] [2026-09-18T01:35:04.780Z] >>> [apiv2][query] GET https://firebase.googleapis.com/v1beta1/projects pageSize=1000
[debug] [2026-09-18T01:35:06.308Z] <<< [apiv2][status] GET https://firebase.googleapis.com/v1beta1/projects 200
[debug] [2026-09-18T01:35:06.308Z] <<< [apiv2][body] GET https://firebase.googleapis.com/v1beta1/projects [omitted]
[info] [Firebase Plugin] Stopping SQL Connect toolkit
[warn] ⚠  SQL Connect Emulator has exited upon receiving signal: SIGINT 
[debug] [2026-09-18T03:11:16.934Z] [Firebase Plugin] Activating Firebase extension.
[debug] [2026-09-18T03:11:23.649Z] [Firebase Plugin] requireAuthWrapper
[debug] [2026-09-18T03:11:23.651Z] > command requires scopes: ["email","openid","https://www.googleapis.com/auth/cloudplatformprojects.readonly","https://www.googleapis.com/auth/firebase","https://www.googleapis.com/auth/cloud-platform"]
[debug] [2026-09-18T03:11:23.652Z] > authorizing via signed-in user (perc.madina@gmail.com)
[debug] [2026-09-18T03:11:23.655Z] Checked if tokens are valid: true, expires at: 1789704410329
[debug] [2026-09-18T03:11:23.656Z] Checked if tokens are valid: true, expires at: 1789704410329
[debug] [2026-09-18T03:11:23.656Z] [Firebase Plugin] User found:  perc.madina@gmail.com
[info] [Firebase Plugin] (Core:Project) New user detected, fetching projects
[debug] [2026-09-18T03:11:23.659Z] Checked if tokens are valid: true, expires at: 1789704410329
[debug] [2026-09-18T03:11:24.024Z] >>> [apiv2][query] GET https://firebase.googleapis.com/v1beta1/projects pageSize=1000
[debug] [2026-09-18T03:11:24.054Z] [Firebase Plugin] VSCode notification server listening on port 40001
[info] [Firebase Plugin] Starting SQL Connect toolkit (version 3.4.16) on port 50001
[debug] [2026-09-18T03:11:44.991Z] I0918 10:11:44.961357    6964 control.go:100] [projects/emulator/locations/emulator/services/madina-solution-production-final 6223] UpdateResources(): done
Main schema: sources: schema/schema.gql [1992B] 
Connector "example": sources: example/mutations.gql [1243B] example/queries.gql [1801B] 
 {"metadata":{"emulator":{"name":"dataconnect"},"message":"I0918 10:11:44.961357    6964 control.go:100] [projects/emulator/locations/emulator/services/madina-solution-production-final 6223] UpdateResources(): done\nMain schema: sources: schema/schema.gql [1992B] \nConnector \"example\": sources: example/mutations.gql [1243B] example/queries.gql [1801B] \n"}}
[debug] [2026-09-18T03:11:44.992Z] Ignoring unsupported arg: auto_download {"metadata":{"emulator":{"name":"dataconnect"},"message":"Ignoring unsupported arg: auto_download"}}
[debug] [2026-09-18T03:11:44.993Z] Ignoring unsupported arg: port {"metadata":{"emulator":{"name":"dataconnect"},"message":"Ignoring unsupported arg: port"}}
[debug] [2026-09-18T03:11:44.993Z] Starting SQL Connect Emulator with command {"binary":"/Users/madina.solutions/.cache/firebase/emulators/dataconnect-emulator-3.4.16","args":["--logtostderr","-v=2","dev","--listen=localhost:50001","--config_dir=/Volumes/DATA UTAMA/DEVELOPER/madina-solution-production-final/dataconnect","--enable_output_schema_extensions=true","--enable_output_generated_sdk=true"],"optionalArgs":["listen","config_dir","enable_output_schema_extensions","enable_output_generated_sdk"],"joinArgs":true,"shell":false,"port":9399} {"metadata":{"emulator":{"name":"dataconnect"},"message":"Starting SQL Connect Emulator with command {\"binary\":\"/Users/madina.solutions/.cache/firebase/emulators/dataconnect-emulator-3.4.16\",\"args\":[\"--logtostderr\",\"-v=2\",\"dev\",\"--listen=localhost:50001\",\"--config_dir=/Volumes/DATA UTAMA/DEVELOPER/madina-solution-production-final/dataconnect\",\"--enable_output_schema_extensions=true\",\"--enable_output_generated_sdk=true\"],\"optionalArgs\":[\"listen\",\"config_dir\",\"enable_output_schema_extensions\",\"enable_output_generated_sdk\"],\"joinArgs\":true,\"shell\":false,\"port\":9399}"}}
[info] i  dataconnect: SQL Connect Emulator logging to dataconnect-debug.log {"metadata":{"emulator":{"name":"dataconnect"},"message":"SQL Connect Emulator logging to dataconnect-debug.log"}}
[debug] [2026-09-18T03:11:46.444Z] I0918 10:11:46.251380    6965 load.go:31] Reloading schema and connectors...
I0918 10:11:46.339378    6965 control.go:100] [projects/emulator/locations/emulator/services/madina-solution-production-final 049f] UpdateResources(): done
Main schema: sources: schema/schema.gql [1992B] 
Connector "example": sources: example/mutations.gql [1243B] example/queries.gql [1801B] 
I0918 10:11:46.431354    6965 codegen.go:101] [connector "example" javascriptSdk] Generating sources into "/Volumes/DATA UTAMA/DEVELOPER/madina-solution-production-final/src/dataconnect-generated"
 {"metadata":{"emulator":{"name":"dataconnect"},"message":"I0918 10:11:46.251380    6965 load.go:31] Reloading schema and connectors...\nI0918 10:11:46.339378    6965 control.go:100] [projects/emulator/locations/emulator/services/madina-solution-production-final 049f] UpdateResources(): done\nMain schema: sources: schema/schema.gql [1992B] \nConnector \"example\": sources: example/mutations.gql [1243B] example/queries.gql [1801B] \nI0918 10:11:46.431354    6965 codegen.go:101] [connector \"example\" javascriptSdk] Generating sources into \"/Volumes/DATA UTAMA/DEVELOPER/madina-solution-production-final/src/dataconnect-generated\"\n"}}
[debug] [2026-09-18T03:11:46.629Z] I0918 10:11:46.561540    6965 collector.go:107] schema extensions wrote into "/Volumes/DATA UTAMA/DEVELOPER/madina-solution-production-final/dataconnect/.dataconnect/schema"
Generated sources: main/mutation.gql [13679B] prelude.gql [84995B] main/implicit.gql [1261B] main/input.gql [29309B] main/relation.gql [14318B] main/query.gql [5099B] 
I0918 10:11:46.579732    6965 collector.go:107] connector "example" javascriptSdk wrote into "/Volumes/DATA UTAMA/DEVELOPER/madina-solution-production-final/src/dataconnect-generated"
Generated sources: index.cjs.js [5919B] react/README.md [48281B] README.md [41217B] react/esm/package.json [17B] react/index.cjs.js [3439B] react/esm/index.esm.js [3269B] .guides/config.json [236B] index.d.ts [8408B] esm/index.esm.js [5375B] esm/package.json [17B] .guides/usage.md [3489B] .guides/setup.md [1682B] package.json [853B] react/index.d.ts [3961B] react/package.json [460B] 
 {"metadata":{"emulator":{"name":"dataconnect"},"message":"I0918 10:11:46.561540    6965 collector.go:107] schema extensions wrote into \"/Volumes/DATA UTAMA/DEVELOPER/madina-solution-production-final/dataconnect/.dataconnect/schema\"\nGenerated sources: main/mutation.gql [13679B] prelude.gql [84995B] main/implicit.gql [1261B] main/input.gql [29309B] main/relation.gql [14318B] main/query.gql [5099B] \nI0918 10:11:46.579732    6965 collector.go:107] connector \"example\" javascriptSdk wrote into \"/Volumes/DATA UTAMA/DEVELOPER/madina-solution-production-final/src/dataconnect-generated\"\nGenerated sources: index.cjs.js [5919B] react/README.md [48281B] README.md [41217B] react/esm/package.json [17B] react/index.cjs.js [3439B] react/esm/index.esm.js [3269B] .guides/config.json [236B] index.d.ts [8408B] esm/index.esm.js [5375B] esm/package.json [17B] .guides/usage.md [3489B] .guides/setup.md [1682B] package.json [853B] react/index.d.ts [3961B] react/package.json [460B] \n"}}
[debug] [2026-09-18T03:11:46.803Z] I0918 10:11:46.639225    6965 installsdk.go:86] Running command: /Users/madina.solutions/.nvm/versions/node/v22.23.2/bin/npm install file:src/dataconnect-generated
 {"metadata":{"emulator":{"name":"dataconnect"},"message":"I0918 10:11:46.639225    6965 installsdk.go:86] Running command: /Users/madina.solutions/.nvm/versions/node/v22.23.2/bin/npm install file:src/dataconnect-generated\n"}}
[debug] [2026-09-18T03:11:49.629Z] <<< [apiv2][status] GET https://firebase.googleapis.com/v1beta1/projects 200
[debug] [2026-09-18T03:11:49.632Z] <<< [apiv2][body] GET https://firebase.googleapis.com/v1beta1/projects [omitted]
[debug] [2026-09-18T03:13:08.586Z] I0918 10:13:00.589027    6965 load.go:109] Finished reloading
I0918 10:13:01.188068    6965 dev.go:101] Listening on address (HTTP + gRPC): 127.0.0.1:50001
 {"metadata":{"emulator":{"name":"dataconnect"},"message":"I0918 10:13:00.589027    6965 load.go:109] Finished reloading\nI0918 10:13:01.188068    6965 dev.go:101] Listening on address (HTTP + gRPC): 127.0.0.1:50001\n"}}
[info] [Firebase Plugin] Stopping SQL Connect toolkit
[warn] ⚠  SQL Connect Emulator has exited upon receiving signal: SIGINT 
[debug] [2026-09-18T03:40:33.062Z] [Firebase Plugin] Activating Firebase extension.
[debug] [2026-09-18T03:40:42.196Z] [Firebase Plugin] requireAuthWrapper
[debug] [2026-09-18T03:40:42.197Z] > command requires scopes: ["email","openid","https://www.googleapis.com/auth/cloudplatformprojects.readonly","https://www.googleapis.com/auth/firebase","https://www.googleapis.com/auth/cloud-platform"]
[debug] [2026-09-18T03:40:42.198Z] > authorizing via signed-in user (perc.madina@gmail.com)
[debug] [2026-09-18T03:40:42.201Z] Checked if tokens are valid: true, expires at: 1789704410329
[debug] [2026-09-18T03:40:42.202Z] Checked if tokens are valid: true, expires at: 1789704410329
[debug] [2026-09-18T03:40:42.202Z] [Firebase Plugin] User found:  perc.madina@gmail.com
[info] [Firebase Plugin] (Core:Project) New user detected, fetching projects
[debug] [2026-09-18T03:40:42.203Z] Checked if tokens are valid: true, expires at: 1789704410329
[debug] [2026-09-18T03:40:42.205Z] >>> [apiv2][query] GET https://firebase.googleapis.com/v1beta1/projects pageSize=1000
[debug] [2026-09-18T03:40:42.550Z] [Firebase Plugin] VSCode notification server listening on port 40001
[info] [Firebase Plugin] Starting SQL Connect toolkit (version 3.4.16) on port 50001
[debug] [2026-09-18T03:41:10.899Z] I0918 10:41:10.883379   11257 control.go:100] [projects/emulator/locations/emulator/services/madina-solution-production-final 58a1] UpdateResources(): done
Main schema: sources: schema/schema.gql [1992B] 
Connector "example": sources: example/queries.gql [1801B] example/mutations.gql [1243B] 
 {"metadata":{"emulator":{"name":"dataconnect"},"message":"I0918 10:41:10.883379   11257 control.go:100] [projects/emulator/locations/emulator/services/madina-solution-production-final 58a1] UpdateResources(): done\nMain schema: sources: schema/schema.gql [1992B] \nConnector \"example\": sources: example/queries.gql [1801B] example/mutations.gql [1243B] \n"}}
[debug] [2026-09-18T03:41:10.900Z] Ignoring unsupported arg: auto_download {"metadata":{"emulator":{"name":"dataconnect"},"message":"Ignoring unsupported arg: auto_download"}}
[debug] [2026-09-18T03:41:10.900Z] Ignoring unsupported arg: port {"metadata":{"emulator":{"name":"dataconnect"},"message":"Ignoring unsupported arg: port"}}
[debug] [2026-09-18T03:41:10.900Z] Starting SQL Connect Emulator with command {"binary":"/Users/madina.solutions/.cache/firebase/emulators/dataconnect-emulator-3.4.16","args":["--logtostderr","-v=2","dev","--listen=localhost:50001","--config_dir=/Volumes/DATA UTAMA/DEVELOPER/madina-solution-production-final/dataconnect","--enable_output_schema_extensions=true","--enable_output_generated_sdk=true"],"optionalArgs":["listen","config_dir","enable_output_schema_extensions","enable_output_generated_sdk"],"joinArgs":true,"shell":false,"port":9399} {"metadata":{"emulator":{"name":"dataconnect"},"message":"Starting SQL Connect Emulator with command {\"binary\":\"/Users/madina.solutions/.cache/firebase/emulators/dataconnect-emulator-3.4.16\",\"args\":[\"--logtostderr\",\"-v=2\",\"dev\",\"--listen=localhost:50001\",\"--config_dir=/Volumes/DATA UTAMA/DEVELOPER/madina-solution-production-final/dataconnect\",\"--enable_output_schema_extensions=true\",\"--enable_output_generated_sdk=true\"],\"optionalArgs\":[\"listen\",\"config_dir\",\"enable_output_schema_extensions\",\"enable_output_generated_sdk\"],\"joinArgs\":true,\"shell\":false,\"port\":9399}"}}
[info] i  dataconnect: SQL Connect Emulator logging to dataconnect-debug.log {"metadata":{"emulator":{"name":"dataconnect"},"message":"SQL Connect Emulator logging to dataconnect-debug.log"}}
[debug] [2026-09-18T03:41:11.289Z] I0918 10:41:11.171652   11258 load.go:31] Reloading schema and connectors...
I0918 10:41:11.204285   11258 control.go:100] [projects/emulator/locations/emulator/services/madina-solution-production-final 29d8] UpdateResources(): done
Main schema: sources: schema/schema.gql [1992B] 
Connector "example": sources: example/mutations.gql [1243B] example/queries.gql [1801B] 
I0918 10:41:11.242103   11258 codegen.go:101] [connector "example" javascriptSdk] Generating sources into "/Volumes/DATA UTAMA/DEVELOPER/madina-solution-production-final/src/dataconnect-generated"
 {"metadata":{"emulator":{"name":"dataconnect"},"message":"I0918 10:41:11.171652   11258 load.go:31] Reloading schema and connectors...\nI0918 10:41:11.204285   11258 control.go:100] [projects/emulator/locations/emulator/services/madina-solution-production-final 29d8] UpdateResources(): done\nMain schema: sources: schema/schema.gql [1992B] \nConnector \"example\": sources: example/mutations.gql [1243B] example/queries.gql [1801B] \nI0918 10:41:11.242103   11258 codegen.go:101] [connector \"example\" javascriptSdk] Generating sources into \"/Volumes/DATA UTAMA/DEVELOPER/madina-solution-production-final/src/dataconnect-generated\"\n"}}
[debug] [2026-09-18T03:41:11.498Z] I0918 10:41:11.325308   11258 collector.go:107] schema extensions wrote into "/Volumes/DATA UTAMA/DEVELOPER/madina-solution-production-final/dataconnect/.dataconnect/schema"
Generated sources: main/mutation.gql [13679B] main/implicit.gql [1261B] main/input.gql [29309B] main/relation.gql [14318B] prelude.gql [84995B] main/query.gql [5099B] 
I0918 10:41:11.465450   11258 collector.go:107] connector "example" javascriptSdk wrote into "/Volumes/DATA UTAMA/DEVELOPER/madina-solution-production-final/src/dataconnect-generated"
Generated sources: react/package.json [460B] react/README.md [48281B] index.cjs.js [5919B] package.json [853B] esm/index.esm.js [5375B] esm/package.json [17B] README.md [41217B] react/index.d.ts [3961B] .guides/usage.md [3489B] .guides/setup.md [1682B] .guides/config.json [236B] react/esm/package.json [17B] react/index.cjs.js [3439B] react/esm/index.esm.js [3269B] index.d.ts [8408B] 
 {"metadata":{"emulator":{"name":"dataconnect"},"message":"I0918 10:41:11.325308   11258 collector.go:107] schema extensions wrote into \"/Volumes/DATA UTAMA/DEVELOPER/madina-solution-production-final/dataconnect/.dataconnect/schema\"\nGenerated sources: main/mutation.gql [13679B] main/implicit.gql [1261B] main/input.gql [29309B] main/relation.gql [14318B] prelude.gql [84995B] main/query.gql [5099B] \nI0918 10:41:11.465450   11258 collector.go:107] connector \"example\" javascriptSdk wrote into \"/Volumes/DATA UTAMA/DEVELOPER/madina-solution-production-final/src/dataconnect-generated\"\nGenerated sources: react/package.json [460B] react/README.md [48281B] index.cjs.js [5919B] package.json [853B] esm/index.esm.js [5375B] esm/package.json [17B] README.md [41217B] react/index.d.ts [3961B] .guides/usage.md [3489B] .guides/setup.md [1682B] .guides/config.json [236B] react/esm/package.json [17B] react/index.cjs.js [3439B] react/esm/index.esm.js [3269B] index.d.ts [8408B] \n"}}
[debug] [2026-09-18T03:41:11.881Z] I0918 10:41:11.581503   11258 installsdk.go:86] Running command: /Users/madina.solutions/.nvm/versions/node/v22.23.2/bin/npm install file:src/dataconnect-generated
 {"metadata":{"emulator":{"name":"dataconnect"},"message":"I0918 10:41:11.581503   11258 installsdk.go:86] Running command: /Users/madina.solutions/.nvm/versions/node/v22.23.2/bin/npm install file:src/dataconnect-generated\n"}}
[debug] [2026-09-18T03:41:16.258Z] <<< [apiv2][status] GET https://firebase.googleapis.com/v1beta1/projects 200
[debug] [2026-09-18T03:41:16.258Z] <<< [apiv2][body] GET https://firebase.googleapis.com/v1beta1/projects [omitted]
[debug] [2026-09-18T03:42:15.842Z] I0918 10:42:08.455196   11258 load.go:109] Finished reloading
I0918 10:42:08.767467   11258 dev.go:101] Listening on address (HTTP + gRPC): 127.0.0.1:50001
 {"metadata":{"emulator":{"name":"dataconnect"},"message":"I0918 10:42:08.455196   11258 load.go:109] Finished reloading\nI0918 10:42:08.767467   11258 dev.go:101] Listening on address (HTTP + gRPC): 127.0.0.1:50001\n"}}
[debug] [2026-09-18T03:42:52.422Z] [Firebase Plugin] Activating Firebase extension.
[info] [Firebase Plugin] Unable to check firebase-tools installation: TypeError: fetch failed
[debug] [2026-09-18T03:43:13.219Z] [Firebase Plugin] requireAuthWrapper
[debug] [2026-09-18T03:43:13.220Z] > command requires scopes: ["email","openid","https://www.googleapis.com/auth/cloudplatformprojects.readonly","https://www.googleapis.com/auth/firebase","https://www.googleapis.com/auth/cloud-platform"]
[debug] [2026-09-18T03:43:13.221Z] > authorizing via signed-in user (perc.madina@gmail.com)
[debug] [2026-09-18T03:43:13.224Z] Checked if tokens are valid: true, expires at: 1789704410329
[debug] [2026-09-18T03:43:13.225Z] Checked if tokens are valid: true, expires at: 1789704410329
[debug] [2026-09-18T03:43:13.225Z] [Firebase Plugin] User found:  perc.madina@gmail.com
[info] [Firebase Plugin] (Core:Project) New user detected, fetching projects
[debug] [2026-09-18T03:43:13.226Z] Checked if tokens are valid: true, expires at: 1789704410329
[debug] [2026-09-18T03:43:13.228Z] >>> [apiv2][query] GET https://firebase.googleapis.com/v1beta1/projects pageSize=1000
[debug] [2026-09-18T03:43:13.317Z] [Firebase Plugin] VSCode notification server listening on port 40001
[info] [Firebase Plugin] Starting SQL Connect toolkit (version 3.4.16) on port 50002
[debug] [2026-09-18T03:43:16.396Z] I0918 10:43:16.377660   13944 control.go:100] [projects/emulator/locations/emulator/services/madina-solution-production-final 0e23] UpdateResources(): done
Main schema: sources: schema/schema.gql [1992B] 
Connector "example": sources: example/mutations.gql [1243B] example/queries.gql [1801B] 
 {"metadata":{"emulator":{"name":"dataconnect"},"message":"I0918 10:43:16.377660   13944 control.go:100] [projects/emulator/locations/emulator/services/madina-solution-production-final 0e23] UpdateResources(): done\nMain schema: sources: schema/schema.gql [1992B] \nConnector \"example\": sources: example/mutations.gql [1243B] example/queries.gql [1801B] \n"}}
[debug] [2026-09-18T03:43:16.397Z] Ignoring unsupported arg: auto_download {"metadata":{"emulator":{"name":"dataconnect"},"message":"Ignoring unsupported arg: auto_download"}}
[debug] [2026-09-18T03:43:16.397Z] Ignoring unsupported arg: port {"metadata":{"emulator":{"name":"dataconnect"},"message":"Ignoring unsupported arg: port"}}
[debug] [2026-09-18T03:43:16.398Z] Starting SQL Connect Emulator with command {"binary":"/Users/madina.solutions/.cache/firebase/emulators/dataconnect-emulator-3.4.16","args":["--logtostderr","-v=2","dev","--listen=localhost:50002","--config_dir=/Volumes/DATA UTAMA/DEVELOPER/madina-solution-production-final/dataconnect","--enable_output_schema_extensions=true","--enable_output_generated_sdk=true"],"optionalArgs":["listen","config_dir","enable_output_schema_extensions","enable_output_generated_sdk"],"joinArgs":true,"shell":false,"port":9399} {"metadata":{"emulator":{"name":"dataconnect"},"message":"Starting SQL Connect Emulator with command {\"binary\":\"/Users/madina.solutions/.cache/firebase/emulators/dataconnect-emulator-3.4.16\",\"args\":[\"--logtostderr\",\"-v=2\",\"dev\",\"--listen=localhost:50002\",\"--config_dir=/Volumes/DATA UTAMA/DEVELOPER/madina-solution-production-final/dataconnect\",\"--enable_output_schema_extensions=true\",\"--enable_output_generated_sdk=true\"],\"optionalArgs\":[\"listen\",\"config_dir\",\"enable_output_schema_extensions\",\"enable_output_generated_sdk\"],\"joinArgs\":true,\"shell\":false,\"port\":9399}"}}
[info] i  dataconnect: SQL Connect Emulator logging to dataconnect-debug.log {"metadata":{"emulator":{"name":"dataconnect"},"message":"SQL Connect Emulator logging to dataconnect-debug.log"}}
[debug] [2026-09-18T03:43:17.106Z] I0918 10:43:16.468993   13945 load.go:31] Reloading schema and connectors...
I0918 10:43:16.496280   13945 control.go:100] [projects/emulator/locations/emulator/services/madina-solution-production-final 1d8e] UpdateResources(): done
Main schema: sources: schema/schema.gql [1992B] 
Connector "example": sources: example/mutations.gql [1243B] example/queries.gql [1801B] 
I0918 10:43:17.092432   13945 codegen.go:101] [connector "example" javascriptSdk] Generating sources into "/Volumes/DATA UTAMA/DEVELOPER/madina-solution-production-final/src/dataconnect-generated"
 {"metadata":{"emulator":{"name":"dataconnect"},"message":"I0918 10:43:16.468993   13945 load.go:31] Reloading schema and connectors...\nI0918 10:43:16.496280   13945 control.go:100] [projects/emulator/locations/emulator/services/madina-solution-production-final 1d8e] UpdateResources(): done\nMain schema: sources: schema/schema.gql [1992B] \nConnector \"example\": sources: example/mutations.gql [1243B] example/queries.gql [1801B] \nI0918 10:43:17.092432   13945 codegen.go:101] [connector \"example\" javascriptSdk] Generating sources into \"/Volumes/DATA UTAMA/DEVELOPER/madina-solution-production-final/src/dataconnect-generated\"\n"}}
[debug] [2026-09-18T03:43:17.594Z] I0918 10:43:17.380661   13945 collector.go:107] schema extensions wrote into "/Volumes/DATA UTAMA/DEVELOPER/madina-solution-production-final/dataconnect/.dataconnect/schema"
Generated sources: main/query.gql [5099B] prelude.gql [84995B] main/mutation.gql [13679B] main/implicit.gql [1261B] main/input.gql [29309B] main/relation.gql [14318B] 
I0918 10:43:17.382887   13945 collector.go:107] connector "example" javascriptSdk wrote into "/Volumes/DATA UTAMA/DEVELOPER/madina-solution-production-final/src/dataconnect-generated"
Generated sources: react/index.cjs.js [3439B] .guides/usage.md [3489B] index.cjs.js [5919B] package.json [853B] react/package.json [460B] react/esm/package.json [17B] .guides/setup.md [1682B] esm/index.esm.js [5375B] react/index.d.ts [3961B] react/esm/index.esm.js [3269B] .guides/config.json [236B] index.d.ts [8408B] esm/package.json [17B] README.md [41217B] react/README.md [48281B] 
 {"metadata":{"emulator":{"name":"dataconnect"},"message":"I0918 10:43:17.380661   13945 collector.go:107] schema extensions wrote into \"/Volumes/DATA UTAMA/DEVELOPER/madina-solution-production-final/dataconnect/.dataconnect/schema\"\nGenerated sources: main/query.gql [5099B] prelude.gql [84995B] main/mutation.gql [13679B] main/implicit.gql [1261B] main/input.gql [29309B] main/relation.gql [14318B] \nI0918 10:43:17.382887   13945 collector.go:107] connector \"example\" javascriptSdk wrote into \"/Volumes/DATA UTAMA/DEVELOPER/madina-solution-production-final/src/dataconnect-generated\"\nGenerated sources: react/index.cjs.js [3439B] .guides/usage.md [3489B] index.cjs.js [5919B] package.json [853B] react/package.json [460B] react/esm/package.json [17B] .guides/setup.md [1682B] esm/index.esm.js [5375B] react/index.d.ts [3961B] react/esm/index.esm.js [3269B] .guides/config.json [236B] index.d.ts [8408B] esm/package.json [17B] README.md [41217B] react/README.md [48281B] \n"}}
[debug] [2026-09-18T03:43:17.918Z] I0918 10:43:17.862340   13945 installsdk.go:55] Package @dataconnect/generated is already installed. Skipping installation
I0918 10:43:17.862391   13945 load.go:109] Finished reloading
 {"metadata":{"emulator":{"name":"dataconnect"},"message":"I0918 10:43:17.862340   13945 installsdk.go:55] Package @dataconnect/generated is already installed. Skipping installation\nI0918 10:43:17.862391   13945 load.go:109] Finished reloading\n"}}
[debug] [2026-09-18T03:43:18.300Z] I0918 10:43:18.266373   13945 dev.go:101] Listening on address (HTTP + gRPC): 127.0.0.1:50002
 {"metadata":{"emulator":{"name":"dataconnect"},"message":"I0918 10:43:18.266373   13945 dev.go:101] Listening on address (HTTP + gRPC): 127.0.0.1:50002\n"}}
[debug] [2026-09-18T03:43:18.384Z] <<< [apiv2][status] GET https://firebase.googleapis.com/v1beta1/projects 200
[debug] [2026-09-18T03:43:18.385Z] <<< [apiv2][body] GET https://firebase.googleapis.com/v1beta1/projects [omitted]
[debug] [2026-09-18T03:43:19.616Z] I0918 10:43:19.442055   13945 engine.go:209] [projects/emulator/locations/emulator/services/madina-solution-production-final 1d8e] ExecuteGraphqlRead query IntrospectionQuery: succeeded. 
 {"metadata":{"emulator":{"name":"dataconnect"},"message":"I0918 10:43:19.442055   13945 engine.go:209] [projects/emulator/locations/emulator/services/madina-solution-production-final 1d8e] ExecuteGraphqlRead query IntrospectionQuery: succeeded. \n"}}
[info] [Firebase Plugin] Stopping SQL Connect toolkit
[warn] ⚠  SQL Connect Emulator has exited upon receiving signal: SIGINT 
[debug] [2026-09-18T04:01:10.340Z] [Firebase Plugin] Activating Firebase extension.
[debug] [2026-09-18T04:01:14.944Z] [Firebase Plugin] requireAuthWrapper
[debug] [2026-09-18T04:01:14.945Z] > command requires scopes: ["email","openid","https://www.googleapis.com/auth/cloudplatformprojects.readonly","https://www.googleapis.com/auth/firebase","https://www.googleapis.com/auth/cloud-platform"]
[debug] [2026-09-18T04:01:14.946Z] > authorizing via signed-in user (perc.madina@gmail.com)
[debug] [2026-09-18T04:01:14.949Z] Checked if tokens are valid: true, expires at: 1789707644064
[debug] [2026-09-18T04:01:14.949Z] Checked if tokens are valid: true, expires at: 1789707644064
[debug] [2026-09-18T04:01:14.950Z] [Firebase Plugin] User found:  perc.madina@gmail.com
[info] [Firebase Plugin] (Core:Project) New user detected, fetching projects
[debug] [2026-09-18T04:01:14.952Z] Checked if tokens are valid: true, expires at: 1789707644064
[debug] [2026-09-18T04:01:14.953Z] >>> [apiv2][query] GET https://firebase.googleapis.com/v1beta1/projects pageSize=1000
[debug] [2026-09-18T04:01:14.983Z] [Firebase Plugin] VSCode notification server listening on port 40001
[info] [Firebase Plugin] Starting SQL Connect toolkit (version 3.4.16) on port 50002
[debug] [2026-09-18T04:01:39.342Z] I0918 11:01:39.320952   17514 control.go:100] [projects/emulator/locations/emulator/services/madina-solution-production-final 7db2] UpdateResources(): done
Main schema: sources: schema/schema.gql [1992B] 
Connector "example": sources: example/mutations.gql [1243B] example/queries.gql [1801B] 
 {"metadata":{"emulator":{"name":"dataconnect"},"message":"I0918 11:01:39.320952   17514 control.go:100] [projects/emulator/locations/emulator/services/madina-solution-production-final 7db2] UpdateResources(): done\nMain schema: sources: schema/schema.gql [1992B] \nConnector \"example\": sources: example/mutations.gql [1243B] example/queries.gql [1801B] \n"}}
[debug] [2026-09-18T04:01:39.343Z] Ignoring unsupported arg: auto_download {"metadata":{"emulator":{"name":"dataconnect"},"message":"Ignoring unsupported arg: auto_download"}}
[debug] [2026-09-18T04:01:39.343Z] Ignoring unsupported arg: port {"metadata":{"emulator":{"name":"dataconnect"},"message":"Ignoring unsupported arg: port"}}
[debug] [2026-09-18T04:01:39.343Z] Starting SQL Connect Emulator with command {"binary":"/Users/madina.solutions/.cache/firebase/emulators/dataconnect-emulator-3.4.16","args":["--logtostderr","-v=2","dev","--listen=localhost:50002","--config_dir=/Volumes/DATA UTAMA/DEVELOPER/madina-solution-production-final/dataconnect","--enable_output_schema_extensions=true","--enable_output_generated_sdk=true"],"optionalArgs":["listen","config_dir","enable_output_schema_extensions","enable_output_generated_sdk"],"joinArgs":true,"shell":false,"port":9399} {"metadata":{"emulator":{"name":"dataconnect"},"message":"Starting SQL Connect Emulator with command {\"binary\":\"/Users/madina.solutions/.cache/firebase/emulators/dataconnect-emulator-3.4.16\",\"args\":[\"--logtostderr\",\"-v=2\",\"dev\",\"--listen=localhost:50002\",\"--config_dir=/Volumes/DATA UTAMA/DEVELOPER/madina-solution-production-final/dataconnect\",\"--enable_output_schema_extensions=true\",\"--enable_output_generated_sdk=true\"],\"optionalArgs\":[\"listen\",\"config_dir\",\"enable_output_schema_extensions\",\"enable_output_generated_sdk\"],\"joinArgs\":true,\"shell\":false,\"port\":9399}"}}
[info] i  dataconnect: SQL Connect Emulator logging to dataconnect-debug.log {"metadata":{"emulator":{"name":"dataconnect"},"message":"SQL Connect Emulator logging to dataconnect-debug.log"}}
[debug] [2026-09-18T04:01:40.956Z] I0918 11:01:40.552459   17515 load.go:31] Reloading schema and connectors...
 {"metadata":{"emulator":{"name":"dataconnect"},"message":"I0918 11:01:40.552459   17515 load.go:31] Reloading schema and connectors...\n"}}
[debug] [2026-09-18T04:01:41.123Z] I0918 11:01:41.118325   17515 control.go:100] [projects/emulator/locations/emulator/services/madina-solution-production-final 7f3d] UpdateResources(): done
Main schema: sources: schema/schema.gql [1992B] 
Connector "example": sources: example/mutations.gql [1243B] example/queries.gql [1801B] 
 {"metadata":{"emulator":{"name":"dataconnect"},"message":"I0918 11:01:41.118325   17515 control.go:100] [projects/emulator/locations/emulator/services/madina-solution-production-final 7f3d] UpdateResources(): done\nMain schema: sources: schema/schema.gql [1992B] \nConnector \"example\": sources: example/mutations.gql [1243B] example/queries.gql [1801B] \n"}}
[debug] [2026-09-18T04:01:41.181Z] <<< [apiv2][status] GET https://firebase.googleapis.com/v1beta1/projects 200
[debug] [2026-09-18T04:01:41.184Z] <<< [apiv2][body] GET https://firebase.googleapis.com/v1beta1/projects [omitted]
[debug] [2026-09-18T04:01:41.702Z] I0918 11:01:41.587899   17515 codegen.go:101] [connector "example" javascriptSdk] Generating sources into "/Volumes/DATA UTAMA/DEVELOPER/madina-solution-production-final/src/dataconnect-generated"
 {"metadata":{"emulator":{"name":"dataconnect"},"message":"I0918 11:01:41.587899   17515 codegen.go:101] [connector \"example\" javascriptSdk] Generating sources into \"/Volumes/DATA UTAMA/DEVELOPER/madina-solution-production-final/src/dataconnect-generated\"\n"}}
[debug] [2026-09-18T04:01:43.118Z] I0918 11:01:42.658819   17515 collector.go:107] schema extensions wrote into "/Volumes/DATA UTAMA/DEVELOPER/madina-solution-production-final/dataconnect/.dataconnect/schema"
Generated sources: main/query.gql [5099B] main/mutation.gql [13679B] main/implicit.gql [1261B] prelude.gql [84995B] main/input.gql [29309B] main/relation.gql [14318B] 
I0918 11:01:42.982226   17515 collector.go:107] connector "example" javascriptSdk wrote into "/Volumes/DATA UTAMA/DEVELOPER/madina-solution-production-final/src/dataconnect-generated"
Generated sources: react/esm/package.json [17B] .guides/usage.md [3489B] .guides/config.json [236B] .guides/setup.md [1682B] esm/index.esm.js [5375B] esm/package.json [17B] index.cjs.js [5919B] package.json [853B] react/esm/index.esm.js [3269B] README.md [41217B] react/index.cjs.js [3439B] react/README.md [48281B] index.d.ts [8408B] react/index.d.ts [3961B] react/package.json [460B] 
I0918 11:01:42.998059   17515 installsdk.go:86] Running command: /Users/madina.solutions/.nvm/versions/node/v22.23.2/bin/npm install file:src/dataconnect-generated
 {"metadata":{"emulator":{"name":"dataconnect"},"message":"I0918 11:01:42.658819   17515 collector.go:107] schema extensions wrote into \"/Volumes/DATA UTAMA/DEVELOPER/madina-solution-production-final/dataconnect/.dataconnect/schema\"\nGenerated sources: main/query.gql [5099B] main/mutation.gql [13679B] main/implicit.gql [1261B] prelude.gql [84995B] main/input.gql [29309B] main/relation.gql [14318B] \nI0918 11:01:42.982226   17515 collector.go:107] connector \"example\" javascriptSdk wrote into \"/Volumes/DATA UTAMA/DEVELOPER/madina-solution-production-final/src/dataconnect-generated\"\nGenerated sources: react/esm/package.json [17B] .guides/usage.md [3489B] .guides/config.json [236B] .guides/setup.md [1682B] esm/index.esm.js [5375B] esm/package.json [17B] index.cjs.js [5919B] package.json [853B] react/esm/index.esm.js [3269B] README.md [41217B] react/index.cjs.js [3439B] react/README.md [48281B] index.d.ts [8408B] react/index.d.ts [3961B] react/package.json [460B] \nI0918 11:01:42.998059   17515 installsdk.go:86] Running command: /Users/madina.solutions/.nvm/versions/node/v22.23.2/bin/npm install file:src/dataconnect-generated\n"}}
[debug] [2026-09-18T04:02:32.828Z] I0918 11:02:29.878568   17515 load.go:109] Finished reloading
I0918 11:02:30.949482   17515 dev.go:101] Listening on address (HTTP + gRPC): 127.0.0.1:50002
 {"metadata":{"emulator":{"name":"dataconnect"},"message":"I0918 11:02:29.878568   17515 load.go:109] Finished reloading\nI0918 11:02:30.949482   17515 dev.go:101] Listening on address (HTTP + gRPC): 127.0.0.1:50002\n"}}
[info] [Firebase Plugin] Stopping SQL Connect toolkit
[warn] ⚠  SQL Connect Emulator has exited upon receiving signal: SIGINT 
[debug] [2026-09-18T05:27:38.034Z] [Firebase Plugin] Activating Firebase extension.
[debug] [2026-09-18T05:27:46.444Z] [Firebase Plugin] requireAuthWrapper
[debug] [2026-09-18T05:27:46.445Z] > command requires scopes: ["email","openid","https://www.googleapis.com/auth/cloudplatformprojects.readonly","https://www.googleapis.com/auth/firebase","https://www.googleapis.com/auth/cloud-platform"]
[debug] [2026-09-18T05:27:46.446Z] > authorizing via signed-in user (perc.madina@gmail.com)
[debug] [2026-09-18T05:27:46.449Z] Checked if tokens are valid: false, expires at: 1789707644064
[debug] [2026-09-18T05:27:46.449Z] Checked if tokens are valid: false, expires at: 1789707644064
[debug] [2026-09-18T05:27:46.450Z] > refreshing access token with scopes: []
[debug] [2026-09-18T05:27:46.452Z] >>> [apiv2][query] POST https://www.googleapis.com/oauth2/v3/token [none]
[debug] [2026-09-18T05:27:46.452Z] >>> [apiv2][body] POST https://www.googleapis.com/oauth2/v3/token [omitted]
[debug] [2026-09-18T05:27:46.836Z] [Firebase Plugin] VSCode notification server listening on port 40001
[info] [Firebase Plugin] Starting SQL Connect toolkit (version 3.4.16) on port 50002
[debug] [2026-09-18T05:28:20.943Z] I0918 12:28:20.902799   26680 control.go:100] [projects/emulator/locations/emulator/services/madina-solution-production-final 1c55] UpdateResources(): done
Main schema: sources: schema/schema.gql [1992B] 
Connector "example": sources: example/mutations.gql [1243B] example/queries.gql [1801B] 
 {"metadata":{"emulator":{"name":"dataconnect"},"message":"I0918 12:28:20.902799   26680 control.go:100] [projects/emulator/locations/emulator/services/madina-solution-production-final 1c55] UpdateResources(): done\nMain schema: sources: schema/schema.gql [1992B] \nConnector \"example\": sources: example/mutations.gql [1243B] example/queries.gql [1801B] \n"}}
[debug] [2026-09-18T05:28:20.943Z] Ignoring unsupported arg: auto_download {"metadata":{"emulator":{"name":"dataconnect"},"message":"Ignoring unsupported arg: auto_download"}}
[debug] [2026-09-18T05:28:20.944Z] Ignoring unsupported arg: port {"metadata":{"emulator":{"name":"dataconnect"},"message":"Ignoring unsupported arg: port"}}
[debug] [2026-09-18T05:28:20.945Z] Starting SQL Connect Emulator with command {"binary":"/Users/madina.solutions/.cache/firebase/emulators/dataconnect-emulator-3.4.16","args":["--logtostderr","-v=2","dev","--listen=localhost:50002","--config_dir=/Volumes/DATA UTAMA/DEVELOPER/madina-solution-production-final/dataconnect","--enable_output_schema_extensions=true","--enable_output_generated_sdk=true"],"optionalArgs":["listen","config_dir","enable_output_schema_extensions","enable_output_generated_sdk"],"joinArgs":true,"shell":false,"port":9399} {"metadata":{"emulator":{"name":"dataconnect"},"message":"Starting SQL Connect Emulator with command {\"binary\":\"/Users/madina.solutions/.cache/firebase/emulators/dataconnect-emulator-3.4.16\",\"args\":[\"--logtostderr\",\"-v=2\",\"dev\",\"--listen=localhost:50002\",\"--config_dir=/Volumes/DATA UTAMA/DEVELOPER/madina-solution-production-final/dataconnect\",\"--enable_output_schema_extensions=true\",\"--enable_output_generated_sdk=true\"],\"optionalArgs\":[\"listen\",\"config_dir\",\"enable_output_schema_extensions\",\"enable_output_generated_sdk\"],\"joinArgs\":true,\"shell\":false,\"port\":9399}"}}
[info] i  dataconnect: SQL Connect Emulator logging to dataconnect-debug.log {"metadata":{"emulator":{"name":"dataconnect"},"message":"SQL Connect Emulator logging to dataconnect-debug.log"}}
[debug] [2026-09-18T05:28:21.300Z] I0918 12:28:21.109447   26681 load.go:31] Reloading schema and connectors...
I0918 12:28:21.223105   26681 control.go:100] [projects/emulator/locations/emulator/services/madina-solution-production-final 080f] UpdateResources(): done
Main schema: sources: schema/schema.gql [1992B] 
Connector "example": sources: example/queries.gql [1801B] example/mutations.gql [1243B] 
 {"metadata":{"emulator":{"name":"dataconnect"},"message":"I0918 12:28:21.109447   26681 load.go:31] Reloading schema and connectors...\nI0918 12:28:21.223105   26681 control.go:100] [projects/emulator/locations/emulator/services/madina-solution-production-final 080f] UpdateResources(): done\nMain schema: sources: schema/schema.gql [1992B] \nConnector \"example\": sources: example/queries.gql [1801B] example/mutations.gql [1243B] \n"}}
[debug] [2026-09-18T05:28:21.594Z] I0918 12:28:21.394729   26681 codegen.go:101] [connector "example" javascriptSdk] Generating sources into "/Volumes/DATA UTAMA/DEVELOPER/madina-solution-production-final/src/dataconnect-generated"
 {"metadata":{"emulator":{"name":"dataconnect"},"message":"I0918 12:28:21.394729   26681 codegen.go:101] [connector \"example\" javascriptSdk] Generating sources into \"/Volumes/DATA UTAMA/DEVELOPER/madina-solution-production-final/src/dataconnect-generated\"\n"}}
[debug] [2026-09-18T05:28:21.873Z] I0918 12:28:21.601665   26681 collector.go:107] schema extensions wrote into "/Volumes/DATA UTAMA/DEVELOPER/madina-solution-production-final/dataconnect/.dataconnect/schema"
Generated sources: main/query.gql [5099B] main/mutation.gql [13679B] main/implicit.gql [1261B] main/input.gql [29309B] main/relation.gql [14318B] prelude.gql [84995B] 
I0918 12:28:21.780132   26681 collector.go:107] connector "example" javascriptSdk wrote into "/Volumes/DATA UTAMA/DEVELOPER/madina-solution-production-final/src/dataconnect-generated"
Generated sources: react/index.d.ts [3961B] react/index.cjs.js [3439B] .guides/usage.md [3489B] .guides/config.json [236B] index.d.ts [8408B] esm/package.json [17B] react/esm/index.esm.js [3269B] react/package.json [460B] esm/index.esm.js [5375B] package.json [853B] README.md [41217B] react/esm/package.json [17B] react/README.md [48281B] .guides/setup.md [1682B] index.cjs.js [5919B] 
 {"metadata":{"emulator":{"name":"dataconnect"},"message":"I0918 12:28:21.601665   26681 collector.go:107] schema extensions wrote into \"/Volumes/DATA UTAMA/DEVELOPER/madina-solution-production-final/dataconnect/.dataconnect/schema\"\nGenerated sources: main/query.gql [5099B] main/mutation.gql [13679B] main/implicit.gql [1261B] main/input.gql [29309B] main/relation.gql [14318B] prelude.gql [84995B] \nI0918 12:28:21.780132   26681 collector.go:107] connector \"example\" javascriptSdk wrote into \"/Volumes/DATA UTAMA/DEVELOPER/madina-solution-production-final/src/dataconnect-generated\"\nGenerated sources: react/index.d.ts [3961B] react/index.cjs.js [3439B] .guides/usage.md [3489B] .guides/config.json [236B] index.d.ts [8408B] esm/package.json [17B] react/esm/index.esm.js [3269B] react/package.json [460B] esm/index.esm.js [5375B] package.json [853B] README.md [41217B] react/esm/package.json [17B] react/README.md [48281B] .guides/setup.md [1682B] index.cjs.js [5919B] \n"}}
[debug] [2026-09-18T05:28:22.273Z] I0918 12:28:21.877348   26681 installsdk.go:86] Running command: /Users/madina.solutions/.nvm/versions/node/v22.23.2/bin/npm install file:src/dataconnect-generated
 {"metadata":{"emulator":{"name":"dataconnect"},"message":"I0918 12:28:21.877348   26681 installsdk.go:86] Running command: /Users/madina.solutions/.nvm/versions/node/v22.23.2/bin/npm install file:src/dataconnect-generated\n"}}
[debug] [2026-09-18T05:28:25.885Z] <<< [apiv2][status] POST https://www.googleapis.com/oauth2/v3/token 200
[debug] [2026-09-18T05:28:25.885Z] <<< [apiv2][body] POST https://www.googleapis.com/oauth2/v3/token [omitted]
[debug] [2026-09-18T05:28:25.936Z] [Firebase Plugin] User found:  perc.madina@gmail.com
[info] [Firebase Plugin] (Core:Project) New user detected, fetching projects
[debug] [2026-09-18T05:28:25.940Z] Checked if tokens are valid: true, expires at: 1789712904886
[debug] [2026-09-18T05:28:25.941Z] >>> [apiv2][query] GET https://firebase.googleapis.com/v1beta1/projects pageSize=1000
[debug] [2026-09-18T05:28:29.793Z] <<< [apiv2][status] GET https://firebase.googleapis.com/v1beta1/projects 200
[debug] [2026-09-18T05:28:29.795Z] <<< [apiv2][body] GET https://firebase.googleapis.com/v1beta1/projects [omitted]
[debug] [2026-09-18T05:29:23.925Z] I0918 12:29:07.449793   26681 load.go:109] Finished reloading
I0918 12:29:07.787327   26681 dev.go:101] Listening on address (HTTP + gRPC): 127.0.0.1:50002
 {"metadata":{"emulator":{"name":"dataconnect"},"message":"I0918 12:29:07.449793   26681 load.go:109] Finished reloading\nI0918 12:29:07.787327   26681 dev.go:101] Listening on address (HTTP + gRPC): 127.0.0.1:50002\n"}}
[info] [Firebase Plugin] Stopping SQL Connect toolkit
[warn] ⚠  SQL Connect Emulator has exited upon receiving signal: SIGINT 
[debug] [2026-09-18T05:47:01.593Z] [Firebase Plugin] Activating Firebase extension.
[info] [Firebase Plugin] Unable to check firebase-tools installation: TypeError: fetch failed
[debug] [2026-09-18T05:47:31.025Z] [Firebase Plugin] requireAuthWrapper
[debug] [2026-09-18T05:47:32.151Z] > command requires scopes: ["email","openid","https://www.googleapis.com/auth/cloudplatformprojects.readonly","https://www.googleapis.com/auth/firebase","https://www.googleapis.com/auth/cloud-platform"]
[debug] [2026-09-18T05:47:32.152Z] > authorizing via signed-in user (perc.madina@gmail.com)
[debug] [2026-09-18T05:47:32.155Z] Checked if tokens are valid: true, expires at: 1789712904886
[debug] [2026-09-18T05:47:32.155Z] Checked if tokens are valid: true, expires at: 1789712904886
[debug] [2026-09-18T05:47:32.156Z] [Firebase Plugin] User found:  perc.madina@gmail.com
[info] [Firebase Plugin] (Core:Project) New user detected, fetching projects
[debug] [2026-09-18T05:47:32.157Z] Checked if tokens are valid: true, expires at: 1789712904886
[debug] [2026-09-18T05:47:32.159Z] >>> [apiv2][query] GET https://firebase.googleapis.com/v1beta1/projects pageSize=1000
[debug] [2026-09-18T05:47:32.191Z] [Firebase Plugin] VSCode notification server listening on port 40001
[debug] [2026-09-18T05:47:34.117Z] <<< [apiv2][status] GET https://firebase.googleapis.com/v1beta1/projects 200
[debug] [2026-09-18T05:47:34.118Z] <<< [apiv2][body] GET https://firebase.googleapis.com/v1beta1/projects [omitted]
[info] [Firebase Plugin] Starting SQL Connect toolkit (version 3.4.16) on port 50002
[debug] [2026-09-18T05:47:38.434Z] I0918 12:47:38.411545   30237 control.go:100] [projects/emulator/locations/emulator/services/madina-solution-production-final 55af] UpdateResources(): done
Main schema: sources: schema/schema.gql [1992B] 
Connector "example": sources: example/mutations.gql [1243B] example/queries.gql [1801B] 
 {"metadata":{"emulator":{"name":"dataconnect"},"message":"I0918 12:47:38.411545   30237 control.go:100] [projects/emulator/locations/emulator/services/madina-solution-production-final 55af] UpdateResources(): done\nMain schema: sources: schema/schema.gql [1992B] \nConnector \"example\": sources: example/mutations.gql [1243B] example/queries.gql [1801B] \n"}}
[debug] [2026-09-18T05:47:38.435Z] Ignoring unsupported arg: auto_download {"metadata":{"emulator":{"name":"dataconnect"},"message":"Ignoring unsupported arg: auto_download"}}
[debug] [2026-09-18T05:47:38.435Z] Ignoring unsupported arg: port {"metadata":{"emulator":{"name":"dataconnect"},"message":"Ignoring unsupported arg: port"}}
[debug] [2026-09-18T05:47:38.435Z] Starting SQL Connect Emulator with command {"binary":"/Users/madina.solutions/.cache/firebase/emulators/dataconnect-emulator-3.4.16","args":["--logtostderr","-v=2","dev","--listen=localhost:50002","--config_dir=/Volumes/DATA UTAMA/DEVELOPER/madina-solution-production-final/dataconnect","--enable_output_schema_extensions=true","--enable_output_generated_sdk=true"],"optionalArgs":["listen","config_dir","enable_output_schema_extensions","enable_output_generated_sdk"],"joinArgs":true,"shell":false,"port":9399} {"metadata":{"emulator":{"name":"dataconnect"},"message":"Starting SQL Connect Emulator with command {\"binary\":\"/Users/madina.solutions/.cache/firebase/emulators/dataconnect-emulator-3.4.16\",\"args\":[\"--logtostderr\",\"-v=2\",\"dev\",\"--listen=localhost:50002\",\"--config_dir=/Volumes/DATA UTAMA/DEVELOPER/madina-solution-production-final/dataconnect\",\"--enable_output_schema_extensions=true\",\"--enable_output_generated_sdk=true\"],\"optionalArgs\":[\"listen\",\"config_dir\",\"enable_output_schema_extensions\",\"enable_output_generated_sdk\"],\"joinArgs\":true,\"shell\":false,\"port\":9399}"}}
[info] i  dataconnect: SQL Connect Emulator logging to dataconnect-debug.log {"metadata":{"emulator":{"name":"dataconnect"},"message":"SQL Connect Emulator logging to dataconnect-debug.log"}}
[debug] [2026-09-18T05:47:41.008Z] I0918 12:47:40.852850   30374 load.go:31] Reloading schema and connectors...
I0918 12:47:40.916445   30374 control.go:100] [projects/emulator/locations/emulator/services/madina-solution-production-final fc63] UpdateResources(): done
Main schema: sources: schema/schema.gql [1992B] 
Connector "example": sources: example/queries.gql [1801B] example/mutations.gql [1243B] 
I0918 12:47:40.964423   30374 codegen.go:101] [connector "example" javascriptSdk] Generating sources into "/Volumes/DATA UTAMA/DEVELOPER/madina-solution-production-final/src/dataconnect-generated"
 {"metadata":{"emulator":{"name":"dataconnect"},"message":"I0918 12:47:40.852850   30374 load.go:31] Reloading schema and connectors...\nI0918 12:47:40.916445   30374 control.go:100] [projects/emulator/locations/emulator/services/madina-solution-production-final fc63] UpdateResources(): done\nMain schema: sources: schema/schema.gql [1992B] \nConnector \"example\": sources: example/queries.gql [1801B] example/mutations.gql [1243B] \nI0918 12:47:40.964423   30374 codegen.go:101] [connector \"example\" javascriptSdk] Generating sources into \"/Volumes/DATA UTAMA/DEVELOPER/madina-solution-production-final/src/dataconnect-generated\"\n"}}
[debug] [2026-09-18T05:47:41.545Z] I0918 12:47:41.078184   30374 collector.go:107] schema extensions wrote into "/Volumes/DATA UTAMA/DEVELOPER/madina-solution-production-final/dataconnect/.dataconnect/schema"
Generated sources: main/query.gql [5099B] main/mutation.gql [13679B] main/implicit.gql [1261B] main/input.gql [29309B] prelude.gql [84995B] main/relation.gql [14318B] 
I0918 12:47:41.433577   30374 collector.go:107] connector "example" javascriptSdk wrote into "/Volumes/DATA UTAMA/DEVELOPER/madina-solution-production-final/src/dataconnect-generated"
Generated sources: .guides/setup.md [1682B] README.md [41217B] .guides/config.json [236B] esm/index.esm.js [5375B] esm/package.json [17B] package.json [853B] react/index.d.ts [3961B] .guides/usage.md [3489B] react/package.json [460B] react/index.cjs.js [3439B] react/esm/index.esm.js [3269B] index.d.ts [8408B] index.cjs.js [5919B] react/esm/package.json [17B] react/README.md [48281B] 
I0918 12:47:41.485527   30374 installsdk.go:86] Running command: /Users/madina.solutions/.nvm/versions/node/v22.23.2/bin/npm install file:src/dataconnect-generated
 {"metadata":{"emulator":{"name":"dataconnect"},"message":"I0918 12:47:41.078184   30374 collector.go:107] schema extensions wrote into \"/Volumes/DATA UTAMA/DEVELOPER/madina-solution-production-final/dataconnect/.dataconnect/schema\"\nGenerated sources: main/query.gql [5099B] main/mutation.gql [13679B] main/implicit.gql [1261B] main/input.gql [29309B] prelude.gql [84995B] main/relation.gql [14318B] \nI0918 12:47:41.433577   30374 collector.go:107] connector \"example\" javascriptSdk wrote into \"/Volumes/DATA UTAMA/DEVELOPER/madina-solution-production-final/src/dataconnect-generated\"\nGenerated sources: .guides/setup.md [1682B] README.md [41217B] .guides/config.json [236B] esm/index.esm.js [5375B] esm/package.json [17B] package.json [853B] react/index.d.ts [3961B] .guides/usage.md [3489B] react/package.json [460B] react/index.cjs.js [3439B] react/esm/index.esm.js [3269B] index.d.ts [8408B] index.cjs.js [5919B] react/esm/package.json [17B] react/README.md [48281B] \nI0918 12:47:41.485527   30374 installsdk.go:86] Running command: /Users/madina.solutions/.nvm/versions/node/v22.23.2/bin/npm install file:src/dataconnect-generated\n"}}
[debug] [2026-09-18T05:48:26.024Z] I0918 12:48:25.117505   30374 load.go:109] Finished reloading
 {"metadata":{"emulator":{"name":"dataconnect"},"message":"I0918 12:48:25.117505   30374 load.go:109] Finished reloading\n"}}
[debug] [2026-09-18T05:48:26.057Z] I0918 12:48:26.055610   30374 dev.go:101] Listening on address (HTTP + gRPC): 127.0.0.1:50002
 {"metadata":{"emulator":{"name":"dataconnect"},"message":"I0918 12:48:26.055610   30374 dev.go:101] Listening on address (HTTP + gRPC): 127.0.0.1:50002\n"}}
[info] [Firebase Plugin] Stopping SQL Connect toolkit
[warn] ⚠  SQL Connect Emulator has exited upon receiving signal: SIGINT 
[debug] [2026-09-18T08:47:28.464Z] [Firebase Plugin] Activating Firebase extension.
[debug] [2026-09-18T08:48:14.401Z] [Firebase Plugin] requireAuthWrapper
[debug] [2026-09-18T08:48:14.403Z] > command requires scopes: ["email","openid","https://www.googleapis.com/auth/cloudplatformprojects.readonly","https://www.googleapis.com/auth/firebase","https://www.googleapis.com/auth/cloud-platform"]
[debug] [2026-09-18T08:48:14.403Z] > authorizing via signed-in user (perc.madina@gmail.com)
[debug] [2026-09-18T08:48:14.407Z] Checked if tokens are valid: false, expires at: 1789712904886
[debug] [2026-09-18T08:48:14.407Z] Checked if tokens are valid: false, expires at: 1789712904886
[debug] [2026-09-18T08:48:14.408Z] > refreshing access token with scopes: []
[debug] [2026-09-18T08:48:14.410Z] >>> [apiv2][query] POST https://www.googleapis.com/oauth2/v3/token [none]
[debug] [2026-09-18T08:48:14.410Z] >>> [apiv2][body] POST https://www.googleapis.com/oauth2/v3/token [omitted]
[debug] [2026-09-18T08:48:15.460Z] [Firebase Plugin] VSCode notification server listening on port 40001
[debug] [2026-09-18T08:48:16.854Z] <<< [apiv2][status] POST https://www.googleapis.com/oauth2/v3/token 200
[debug] [2026-09-18T08:48:16.854Z] <<< [apiv2][body] POST https://www.googleapis.com/oauth2/v3/token [omitted]
[debug] [2026-09-18T08:48:17.196Z] [Firebase Plugin] User found:  perc.madina@gmail.com
[info] [Firebase Plugin] (Core:Project) New user detected, fetching projects
[debug] [2026-09-18T08:48:17.197Z] Checked if tokens are valid: true, expires at: 1789724895855
[debug] [2026-09-18T08:48:17.198Z] >>> [apiv2][query] GET https://firebase.googleapis.com/v1beta1/projects pageSize=1000
[info] [Firebase Plugin] Starting SQL Connect toolkit (version 3.4.16) on port 50002
[debug] [2026-09-18T08:48:19.545Z] I0918 15:48:19.518308   37005 control.go:100] [projects/emulator/locations/emulator/services/madina-solution-production-final 9e28] UpdateResources(): done
Main schema: sources: schema/schema.gql [1992B] 
Connector "example": sources: example/mutations.gql [1243B] example/queries.gql [1801B] 
 {"metadata":{"emulator":{"name":"dataconnect"},"message":"I0918 15:48:19.518308   37005 control.go:100] [projects/emulator/locations/emulator/services/madina-solution-production-final 9e28] UpdateResources(): done\nMain schema: sources: schema/schema.gql [1992B] \nConnector \"example\": sources: example/mutations.gql [1243B] example/queries.gql [1801B] \n"}}
[debug] [2026-09-18T08:48:19.546Z] Ignoring unsupported arg: auto_download {"metadata":{"emulator":{"name":"dataconnect"},"message":"Ignoring unsupported arg: auto_download"}}
[debug] [2026-09-18T08:48:19.546Z] Ignoring unsupported arg: port {"metadata":{"emulator":{"name":"dataconnect"},"message":"Ignoring unsupported arg: port"}}
[debug] [2026-09-18T08:48:19.547Z] Starting SQL Connect Emulator with command {"binary":"/Users/madina.solutions/.cache/firebase/emulators/dataconnect-emulator-3.4.16","args":["--logtostderr","-v=2","dev","--listen=localhost:50002","--config_dir=/Volumes/DATA UTAMA/DEVELOPER/madina-solution-production-final/dataconnect","--enable_output_schema_extensions=true","--enable_output_generated_sdk=true"],"optionalArgs":["listen","config_dir","enable_output_schema_extensions","enable_output_generated_sdk"],"joinArgs":true,"shell":false,"port":9399} {"metadata":{"emulator":{"name":"dataconnect"},"message":"Starting SQL Connect Emulator with command {\"binary\":\"/Users/madina.solutions/.cache/firebase/emulators/dataconnect-emulator-3.4.16\",\"args\":[\"--logtostderr\",\"-v=2\",\"dev\",\"--listen=localhost:50002\",\"--config_dir=/Volumes/DATA UTAMA/DEVELOPER/madina-solution-production-final/dataconnect\",\"--enable_output_schema_extensions=true\",\"--enable_output_generated_sdk=true\"],\"optionalArgs\":[\"listen\",\"config_dir\",\"enable_output_schema_extensions\",\"enable_output_generated_sdk\"],\"joinArgs\":true,\"shell\":false,\"port\":9399}"}}
[info] i  dataconnect: SQL Connect Emulator logging to dataconnect-debug.log {"metadata":{"emulator":{"name":"dataconnect"},"message":"SQL Connect Emulator logging to dataconnect-debug.log"}}
[debug] [2026-09-18T08:48:20.490Z] I0918 15:48:20.439303   37133 load.go:31] Reloading schema and connectors...
I0918 15:48:20.473382   37133 control.go:100] [projects/emulator/locations/emulator/services/madina-solution-production-final 359d] UpdateResources(): done
Main schema: sources: schema/schema.gql [1992B] 
Connector "example": sources: example/mutations.gql [1243B] example/queries.gql [1801B] 
 {"metadata":{"emulator":{"name":"dataconnect"},"message":"I0918 15:48:20.439303   37133 load.go:31] Reloading schema and connectors...\nI0918 15:48:20.473382   37133 control.go:100] [projects/emulator/locations/emulator/services/madina-solution-production-final 359d] UpdateResources(): done\nMain schema: sources: schema/schema.gql [1992B] \nConnector \"example\": sources: example/mutations.gql [1243B] example/queries.gql [1801B] \n"}}
[debug] [2026-09-18T08:48:20.890Z] I0918 15:48:20.858605   37133 codegen.go:101] [connector "example" javascriptSdk] Generating sources into "/Volumes/DATA UTAMA/DEVELOPER/madina-solution-production-final/src/dataconnect-generated"
 {"metadata":{"emulator":{"name":"dataconnect"},"message":"I0918 15:48:20.858605   37133 codegen.go:101] [connector \"example\" javascriptSdk] Generating sources into \"/Volumes/DATA UTAMA/DEVELOPER/madina-solution-production-final/src/dataconnect-generated\"\n"}}
[debug] [2026-09-18T08:48:21.014Z] <<< [apiv2][status] GET https://firebase.googleapis.com/v1beta1/projects 200
[debug] [2026-09-18T08:48:21.014Z] <<< [apiv2][body] GET https://firebase.googleapis.com/v1beta1/projects [omitted]
[debug] [2026-09-18T08:48:21.099Z] I0918 15:48:21.046548   37133 collector.go:107] schema extensions wrote into "/Volumes/DATA UTAMA/DEVELOPER/madina-solution-production-final/dataconnect/.dataconnect/schema"
Generated sources: main/implicit.gql [1261B] main/input.gql [29309B] main/relation.gql [14318B] main/query.gql [5099B] main/mutation.gql [13679B] prelude.gql [84995B] 
I0918 15:48:21.053723   37133 collector.go:107] connector "example" javascriptSdk wrote into "/Volumes/DATA UTAMA/DEVELOPER/madina-solution-production-final/src/dataconnect-generated"
Generated sources: .guides/usage.md [3489B] esm/index.esm.js [5375B] README.md [41217B] react/package.json [460B] esm/package.json [17B] index.cjs.js [5919B] react/index.cjs.js [3439B] .guides/setup.md [1682B] .guides/config.json [236B] index.d.ts [8408B] package.json [853B] react/README.md [48281B] react/index.d.ts [3961B] react/esm/package.json [17B] react/esm/index.esm.js [3269B] 
 {"metadata":{"emulator":{"name":"dataconnect"},"message":"I0918 15:48:21.046548   37133 collector.go:107] schema extensions wrote into \"/Volumes/DATA UTAMA/DEVELOPER/madina-solution-production-final/dataconnect/.dataconnect/schema\"\nGenerated sources: main/implicit.gql [1261B] main/input.gql [29309B] main/relation.gql [14318B] main/query.gql [5099B] main/mutation.gql [13679B] prelude.gql [84995B] \nI0918 15:48:21.053723   37133 collector.go:107] connector \"example\" javascriptSdk wrote into \"/Volumes/DATA UTAMA/DEVELOPER/madina-solution-production-final/src/dataconnect-generated\"\nGenerated sources: .guides/usage.md [3489B] esm/index.esm.js [5375B] README.md [41217B] react/package.json [460B] esm/package.json [17B] index.cjs.js [5919B] react/index.cjs.js [3439B] .guides/setup.md [1682B] .guides/config.json [236B] index.d.ts [8408B] package.json [853B] react/README.md [48281B] react/index.d.ts [3961B] react/esm/package.json [17B] react/esm/index.esm.js [3269B] \n"}}
[debug] [2026-09-18T08:48:21.102Z] I0918 15:48:21.074678   37133 installsdk.go:86] Running command: /Users/madina.solutions/.nvm/versions/node/v22.23.2/bin/npm install file:src/dataconnect-generated
 {"metadata":{"emulator":{"name":"dataconnect"},"message":"I0918 15:48:21.074678   37133 installsdk.go:86] Running command: /Users/madina.solutions/.nvm/versions/node/v22.23.2/bin/npm install file:src/dataconnect-generated\n"}}
[debug] [2026-09-18T08:49:06.457Z] I0918 15:49:06.330756   37133 load.go:109] Finished reloading
 {"metadata":{"emulator":{"name":"dataconnect"},"message":"I0918 15:49:06.330756   37133 load.go:109] Finished reloading\n"}}
[debug] [2026-09-18T08:49:06.925Z] I0918 15:49:06.879538   37133 dev.go:101] Listening on address (HTTP + gRPC): 127.0.0.1:50002
 {"metadata":{"emulator":{"name":"dataconnect"},"message":"I0918 15:49:06.879538   37133 dev.go:101] Listening on address (HTTP + gRPC): 127.0.0.1:50002\n"}}
[info] [Firebase Plugin] Stopping SQL Connect toolkit
[warn] ⚠  SQL Connect Emulator has exited upon receiving signal: SIGINT 
[debug] [2026-09-18T10:56:35.204Z] [Firebase Plugin] Activating Firebase extension.
[debug] [2026-09-18T10:57:11.097Z] [Firebase Plugin] requireAuthWrapper
[debug] [2026-09-18T10:57:11.098Z] > command requires scopes: ["email","openid","https://www.googleapis.com/auth/cloudplatformprojects.readonly","https://www.googleapis.com/auth/firebase","https://www.googleapis.com/auth/cloud-platform"]
[debug] [2026-09-18T10:57:11.099Z] > authorizing via signed-in user (perc.madina@gmail.com)
[debug] [2026-09-18T10:57:11.102Z] Checked if tokens are valid: false, expires at: 1789724895855
[debug] [2026-09-18T10:57:11.102Z] Checked if tokens are valid: false, expires at: 1789724895855
[debug] [2026-09-18T10:57:11.103Z] > refreshing access token with scopes: []
[debug] [2026-09-18T10:57:11.105Z] >>> [apiv2][query] POST https://www.googleapis.com/oauth2/v3/token [none]
[debug] [2026-09-18T10:57:11.106Z] >>> [apiv2][body] POST https://www.googleapis.com/oauth2/v3/token [omitted]
[debug] [2026-09-18T10:57:11.185Z] [Firebase Plugin] VSCode notification server listening on port 40001
[info] [Firebase Plugin] Starting SQL Connect toolkit (version 3.4.16) on port 50002
[debug] [2026-09-18T10:57:12.842Z] I0918 17:57:12.819463   43866 control.go:100] [projects/emulator/locations/emulator/services/madina-solution-production-final ed21] UpdateResources(): done
Main schema: sources: schema/schema.gql [1992B] 
Connector "example": sources: example/mutations.gql [1243B] example/queries.gql [1801B] 
 {"metadata":{"emulator":{"name":"dataconnect"},"message":"I0918 17:57:12.819463   43866 control.go:100] [projects/emulator/locations/emulator/services/madina-solution-production-final ed21] UpdateResources(): done\nMain schema: sources: schema/schema.gql [1992B] \nConnector \"example\": sources: example/mutations.gql [1243B] example/queries.gql [1801B] \n"}}
[debug] [2026-09-18T10:57:12.843Z] Ignoring unsupported arg: auto_download {"metadata":{"emulator":{"name":"dataconnect"},"message":"Ignoring unsupported arg: auto_download"}}
[debug] [2026-09-18T10:57:12.844Z] Ignoring unsupported arg: port {"metadata":{"emulator":{"name":"dataconnect"},"message":"Ignoring unsupported arg: port"}}
[debug] [2026-09-18T10:57:12.844Z] Starting SQL Connect Emulator with command {"binary":"/Users/madina.solutions/.cache/firebase/emulators/dataconnect-emulator-3.4.16","args":["--logtostderr","-v=2","dev","--listen=localhost:50002","--config_dir=/Volumes/DATA UTAMA/DEVELOPER/madina-solution-production-final/dataconnect","--enable_output_schema_extensions=true","--enable_output_generated_sdk=true"],"optionalArgs":["listen","config_dir","enable_output_schema_extensions","enable_output_generated_sdk"],"joinArgs":true,"shell":false,"port":9399} {"metadata":{"emulator":{"name":"dataconnect"},"message":"Starting SQL Connect Emulator with command {\"binary\":\"/Users/madina.solutions/.cache/firebase/emulators/dataconnect-emulator-3.4.16\",\"args\":[\"--logtostderr\",\"-v=2\",\"dev\",\"--listen=localhost:50002\",\"--config_dir=/Volumes/DATA UTAMA/DEVELOPER/madina-solution-production-final/dataconnect\",\"--enable_output_schema_extensions=true\",\"--enable_output_generated_sdk=true\"],\"optionalArgs\":[\"listen\",\"config_dir\",\"enable_output_schema_extensions\",\"enable_output_generated_sdk\"],\"joinArgs\":true,\"shell\":false,\"port\":9399}"}}
[info] i  dataconnect: SQL Connect Emulator logging to dataconnect-debug.log {"metadata":{"emulator":{"name":"dataconnect"},"message":"SQL Connect Emulator logging to dataconnect-debug.log"}}
[debug] [2026-09-18T10:57:14.007Z] I0918 17:57:13.109229   43989 load.go:31] Reloading schema and connectors...
I0918 17:57:13.141527   43989 control.go:100] [projects/emulator/locations/emulator/services/madina-solution-production-final 1c64] UpdateResources(): done
Main schema: sources: schema/schema.gql [1992B] 
Connector "example": sources: example/mutations.gql [1243B] example/queries.gql [1801B] 
I0918 17:57:13.189267   43989 codegen.go:101] [connector "example" javascriptSdk] Generating sources into "/Volumes/DATA UTAMA/DEVELOPER/madina-solution-production-final/src/dataconnect-generated"
I0918 17:57:13.309104   43989 collector.go:107] schema extensions wrote into "/Volumes/DATA UTAMA/DEVELOPER/madina-solution-production-final/dataconnect/.dataconnect/schema"
Generated sources: prelude.gql [84995B] main/implicit.gql [1261B] main/input.gql [29309B] main/relation.gql [14318B] main/query.gql [5099B] main/mutation.gql [13679B] 
I0918 17:57:13.377741   43989 collector.go:107] connector "example" javascriptSdk wrote into "/Volumes/DATA UTAMA/DEVELOPER/madina-solution-production-final/src/dataconnect-generated"
Generated sources: react/esm/index.esm.js [3269B] .guides/usage.md [3489B] README.md [41217B] .guides/setup.md [1682B] .guides/config.json [236B] esm/package.json [17B] react/index.cjs.js [3439B] react/README.md [48281B] index.d.ts [8408B] index.cjs.js [5919B] package.json [853B] react/index.d.ts [3961B] react/esm/package.json [17B] esm/index.esm.js [5375B] react/package.json [460B] 
I0918 17:57:13.572284   43989 installsdk.go:86] Running command: /Users/madina.solutions/.nvm/versions/node/v22.23.2/bin/npm install file:src/dataconnect-generated
 {"metadata":{"emulator":{"name":"dataconnect"},"message":"I0918 17:57:13.109229   43989 load.go:31] Reloading schema and connectors...\nI0918 17:57:13.141527   43989 control.go:100] [projects/emulator/locations/emulator/services/madina-solution-production-final 1c64] UpdateResources(): done\nMain schema: sources: schema/schema.gql [1992B] \nConnector \"example\": sources: example/mutations.gql [1243B] example/queries.gql [1801B] \nI0918 17:57:13.189267   43989 codegen.go:101] [connector \"example\" javascriptSdk] Generating sources into \"/Volumes/DATA UTAMA/DEVELOPER/madina-solution-production-final/src/dataconnect-generated\"\nI0918 17:57:13.309104   43989 collector.go:107] schema extensions wrote into \"/Volumes/DATA UTAMA/DEVELOPER/madina-solution-production-final/dataconnect/.dataconnect/schema\"\nGenerated sources: prelude.gql [84995B] main/implicit.gql [1261B] main/input.gql [29309B] main/relation.gql [14318B] main/query.gql [5099B] main/mutation.gql [13679B] \nI0918 17:57:13.377741   43989 collector.go:107] connector \"example\" javascriptSdk wrote into \"/Volumes/DATA UTAMA/DEVELOPER/madina-solution-production-final/src/dataconnect-generated\"\nGenerated sources: react/esm/index.esm.js [3269B] .guides/usage.md [3489B] README.md [41217B] .guides/setup.md [1682B] .guides/config.json [236B] esm/package.json [17B] react/index.cjs.js [3439B] react/README.md [48281B] index.d.ts [8408B] index.cjs.js [5919B] package.json [853B] react/index.d.ts [3961B] react/esm/package.json [17B] esm/index.esm.js [5375B] react/package.json [460B] \nI0918 17:57:13.572284   43989 installsdk.go:86] Running command: /Users/madina.solutions/.nvm/versions/node/v22.23.2/bin/npm install file:src/dataconnect-generated\n"}}
[debug] [2026-09-18T10:57:14.467Z] <<< [apiv2][status] POST https://www.googleapis.com/oauth2/v3/token 200
[debug] [2026-09-18T10:57:14.468Z] <<< [apiv2][body] POST https://www.googleapis.com/oauth2/v3/token [omitted]
[debug] [2026-09-18T10:57:14.561Z] [Firebase Plugin] User found:  perc.madina@gmail.com
[info] [Firebase Plugin] (Core:Project) New user detected, fetching projects
[debug] [2026-09-18T10:57:14.563Z] Checked if tokens are valid: true, expires at: 1789732633468
[debug] [2026-09-18T10:57:14.564Z] >>> [apiv2][query] GET https://firebase.googleapis.com/v1beta1/projects pageSize=1000
[debug] [2026-09-18T10:57:15.503Z] <<< [apiv2][status] GET https://firebase.googleapis.com/v1beta1/projects 200
[debug] [2026-09-18T10:57:15.504Z] <<< [apiv2][body] GET https://firebase.googleapis.com/v1beta1/projects [omitted]
[debug] [2026-09-18T10:57:39.721Z] I0918 17:57:39.719817   43989 load.go:109] Finished reloading
 {"metadata":{"emulator":{"name":"dataconnect"},"message":"I0918 17:57:39.719817   43989 load.go:109] Finished reloading\n"}}
[debug] [2026-09-18T10:57:39.735Z] I0918 17:57:39.733732   43989 dev.go:101] Listening on address (HTTP + gRPC): 127.0.0.1:50002
 {"metadata":{"emulator":{"name":"dataconnect"},"message":"I0918 17:57:39.733732   43989 dev.go:101] Listening on address (HTTP + gRPC): 127.0.0.1:50002\n"}}
[info] [Firebase Plugin] Stopping SQL Connect toolkit
[warn] ⚠  SQL Connect Emulator has exited upon receiving signal: SIGINT 
[debug] [2026-09-18T12:11:50.979Z] [Firebase Plugin] Activating Firebase extension.
[debug] [2026-09-18T12:12:40.530Z] [Firebase Plugin] requireAuthWrapper
[debug] [2026-09-18T12:12:40.532Z] > command requires scopes: ["email","openid","https://www.googleapis.com/auth/cloudplatformprojects.readonly","https://www.googleapis.com/auth/firebase","https://www.googleapis.com/auth/cloud-platform"]
[debug] [2026-09-18T12:12:40.533Z] > authorizing via signed-in user (perc.madina@gmail.com)
[debug] [2026-09-18T12:12:40.537Z] Checked if tokens are valid: false, expires at: 1789732633468
[debug] [2026-09-18T12:12:40.538Z] Checked if tokens are valid: false, expires at: 1789732633468
[debug] [2026-09-18T12:12:40.538Z] > refreshing access token with scopes: []
[debug] [2026-09-18T12:12:40.540Z] >>> [apiv2][query] POST https://www.googleapis.com/oauth2/v3/token [none]
[debug] [2026-09-18T12:12:40.541Z] >>> [apiv2][body] POST https://www.googleapis.com/oauth2/v3/token [omitted]
[debug] [2026-09-18T12:12:41.477Z] [Firebase Plugin] VSCode notification server listening on port 40001
[debug] [2026-09-18T12:12:44.458Z] <<< [apiv2][status] POST https://www.googleapis.com/oauth2/v3/token 200
[debug] [2026-09-18T12:12:44.458Z] <<< [apiv2][body] POST https://www.googleapis.com/oauth2/v3/token [omitted]
[debug] [2026-09-18T12:12:44.808Z] [Firebase Plugin] User found:  perc.madina@gmail.com
[info] [Firebase Plugin] (Core:Project) New user detected, fetching projects
[debug] [2026-09-18T12:12:44.810Z] Checked if tokens are valid: true, expires at: 1789737163458
[debug] [2026-09-18T12:12:44.811Z] >>> [apiv2][query] GET https://firebase.googleapis.com/v1beta1/projects pageSize=1000
[info] [Firebase Plugin] Starting SQL Connect toolkit (version 3.4.16) on port 50002
[debug] [2026-09-18T12:12:45.964Z] I0918 19:12:45.942573   50039 control.go:100] [projects/emulator/locations/emulator/services/madina-solution-production-final 4024] UpdateResources(): done
Main schema: sources: schema/schema.gql [1992B] 
Connector "example": sources: example/mutations.gql [1243B] example/queries.gql [1801B] 
 {"metadata":{"emulator":{"name":"dataconnect"},"message":"I0918 19:12:45.942573   50039 control.go:100] [projects/emulator/locations/emulator/services/madina-solution-production-final 4024] UpdateResources(): done\nMain schema: sources: schema/schema.gql [1992B] \nConnector \"example\": sources: example/mutations.gql [1243B] example/queries.gql [1801B] \n"}}
[debug] [2026-09-18T12:12:45.965Z] Ignoring unsupported arg: auto_download {"metadata":{"emulator":{"name":"dataconnect"},"message":"Ignoring unsupported arg: auto_download"}}
[debug] [2026-09-18T12:12:45.966Z] Ignoring unsupported arg: port {"metadata":{"emulator":{"name":"dataconnect"},"message":"Ignoring unsupported arg: port"}}
[debug] [2026-09-18T12:12:45.966Z] Starting SQL Connect Emulator with command {"binary":"/Users/madina.solutions/.cache/firebase/emulators/dataconnect-emulator-3.4.16","args":["--logtostderr","-v=2","dev","--listen=localhost:50002","--config_dir=/Volumes/DATA UTAMA/DEVELOPER/madina-solution-production-final/dataconnect","--enable_output_schema_extensions=true","--enable_output_generated_sdk=true"],"optionalArgs":["listen","config_dir","enable_output_schema_extensions","enable_output_generated_sdk"],"joinArgs":true,"shell":false,"port":9399} {"metadata":{"emulator":{"name":"dataconnect"},"message":"Starting SQL Connect Emulator with command {\"binary\":\"/Users/madina.solutions/.cache/firebase/emulators/dataconnect-emulator-3.4.16\",\"args\":[\"--logtostderr\",\"-v=2\",\"dev\",\"--listen=localhost:50002\",\"--config_dir=/Volumes/DATA UTAMA/DEVELOPER/madina-solution-production-final/dataconnect\",\"--enable_output_schema_extensions=true\",\"--enable_output_generated_sdk=true\"],\"optionalArgs\":[\"listen\",\"config_dir\",\"enable_output_schema_extensions\",\"enable_output_generated_sdk\"],\"joinArgs\":true,\"shell\":false,\"port\":9399}"}}
[info] i  dataconnect: SQL Connect Emulator logging to dataconnect-debug.log {"metadata":{"emulator":{"name":"dataconnect"},"message":"SQL Connect Emulator logging to dataconnect-debug.log"}}
[debug] [2026-09-18T12:12:46.815Z] I0918 19:12:46.763992   50190 load.go:31] Reloading schema and connectors...
 {"metadata":{"emulator":{"name":"dataconnect"},"message":"I0918 19:12:46.763992   50190 load.go:31] Reloading schema and connectors...\n"}}
[debug] [2026-09-18T12:12:46.991Z] I0918 19:12:46.899473   50190 control.go:100] [projects/emulator/locations/emulator/services/madina-solution-production-final 7a95] UpdateResources(): done
Main schema: sources: schema/schema.gql [1992B] 
Connector "example": sources: example/mutations.gql [1243B] example/queries.gql [1801B] 
I0918 19:12:46.944575   50190 codegen.go:101] [connector "example" javascriptSdk] Generating sources into "/Volumes/DATA UTAMA/DEVELOPER/madina-solution-production-final/src/dataconnect-generated"
I0918 19:12:46.990038   50190 collector.go:107] schema extensions wrote into "/Volumes/DATA UTAMA/DEVELOPER/madina-solution-production-final/dataconnect/.dataconnect/schema"
Generated sources: main/query.gql [5099B] prelude.gql [84995B] main/mutation.gql [13679B] main/implicit.gql [1261B] main/input.gql [29309B] main/relation.gql [14318B] 
 {"metadata":{"emulator":{"name":"dataconnect"},"message":"I0918 19:12:46.899473   50190 control.go:100] [projects/emulator/locations/emulator/services/madina-solution-production-final 7a95] UpdateResources(): done\nMain schema: sources: schema/schema.gql [1992B] \nConnector \"example\": sources: example/mutations.gql [1243B] example/queries.gql [1801B] \nI0918 19:12:46.944575   50190 codegen.go:101] [connector \"example\" javascriptSdk] Generating sources into \"/Volumes/DATA UTAMA/DEVELOPER/madina-solution-production-final/src/dataconnect-generated\"\nI0918 19:12:46.990038   50190 collector.go:107] schema extensions wrote into \"/Volumes/DATA UTAMA/DEVELOPER/madina-solution-production-final/dataconnect/.dataconnect/schema\"\nGenerated sources: main/query.gql [5099B] prelude.gql [84995B] main/mutation.gql [13679B] main/implicit.gql [1261B] main/input.gql [29309B] main/relation.gql [14318B] \n"}}
[debug] [2026-09-18T12:12:47.114Z] I0918 19:12:47.061450   50190 collector.go:107] connector "example" javascriptSdk wrote into "/Volumes/DATA UTAMA/DEVELOPER/madina-solution-production-final/src/dataconnect-generated"
Generated sources: .guides/setup.md [1682B] esm/index.esm.js [5375B] index.cjs.js [5919B] README.md [41217B] react/index.cjs.js [3439B] esm/package.json [17B] react/esm/package.json [17B] react/README.md [48281B] index.d.ts [8408B] package.json [853B] react/index.d.ts [3961B] react/package.json [460B] .guides/config.json [236B] react/esm/index.esm.js [3269B] .guides/usage.md [3489B] 
I0918 19:12:47.082529   50190 installsdk.go:86] Running command: /Users/madina.solutions/.nvm/versions/node/v22.23.2/bin/npm install file:src/dataconnect-generated
 {"metadata":{"emulator":{"name":"dataconnect"},"message":"I0918 19:12:47.061450   50190 collector.go:107] connector \"example\" javascriptSdk wrote into \"/Volumes/DATA UTAMA/DEVELOPER/madina-solution-production-final/src/dataconnect-generated\"\nGenerated sources: .guides/setup.md [1682B] esm/index.esm.js [5375B] index.cjs.js [5919B] README.md [41217B] react/index.cjs.js [3439B] esm/package.json [17B] react/esm/package.json [17B] react/README.md [48281B] index.d.ts [8408B] package.json [853B] react/index.d.ts [3961B] react/package.json [460B] .guides/config.json [236B] react/esm/index.esm.js [3269B] .guides/usage.md [3489B] \nI0918 19:12:47.082529   50190 installsdk.go:86] Running command: /Users/madina.solutions/.nvm/versions/node/v22.23.2/bin/npm install file:src/dataconnect-generated\n"}}
[debug] [2026-09-18T12:12:47.344Z] <<< [apiv2][status] GET https://firebase.googleapis.com/v1beta1/projects 200
[debug] [2026-09-18T12:12:47.345Z] <<< [apiv2][body] GET https://firebase.googleapis.com/v1beta1/projects [omitted]
[debug] [2026-09-18T12:13:58.564Z] I0918 19:13:45.229282   50190 load.go:109] Finished reloading
I0918 19:13:45.764368   50190 dev.go:101] Listening on address (HTTP + gRPC): 127.0.0.1:50002
 {"metadata":{"emulator":{"name":"dataconnect"},"message":"I0918 19:13:45.229282   50190 load.go:109] Finished reloading\nI0918 19:13:45.764368   50190 dev.go:101] Listening on address (HTTP + gRPC): 127.0.0.1:50002\n"}}
[info] [Firebase Plugin] Stopping SQL Connect toolkit
[warn] ⚠  SQL Connect Emulator has exited upon receiving signal: SIGINT 
[debug] [2026-09-18T12:30:59.732Z] [Firebase Plugin] Activating Firebase extension.
[info] [Firebase Plugin] Unable to check firebase-tools installation: TypeError: fetch failed
[debug] [2026-09-18T12:31:20.963Z] [Firebase Plugin] requireAuthWrapper
[debug] [2026-09-18T12:31:20.966Z] > command requires scopes: ["email","openid","https://www.googleapis.com/auth/cloudplatformprojects.readonly","https://www.googleapis.com/auth/firebase","https://www.googleapis.com/auth/cloud-platform"]
[debug] [2026-09-18T12:31:20.967Z] > authorizing via signed-in user (perc.madina@gmail.com)
[debug] [2026-09-18T12:31:20.971Z] Checked if tokens are valid: true, expires at: 1789737163458
[debug] [2026-09-18T12:31:20.971Z] Checked if tokens are valid: true, expires at: 1789737163458
[debug] [2026-09-18T12:31:20.972Z] [Firebase Plugin] User found:  perc.madina@gmail.com
[info] [Firebase Plugin] (Core:Project) New user detected, fetching projects
[debug] [2026-09-18T12:31:20.973Z] Checked if tokens are valid: true, expires at: 1789737163458
[debug] [2026-09-18T12:31:20.975Z] >>> [apiv2][query] GET https://firebase.googleapis.com/v1beta1/projects pageSize=1000
[debug] [2026-09-18T12:31:21.037Z] [Firebase Plugin] VSCode notification server listening on port 40001
[info] [Firebase Plugin] Starting SQL Connect toolkit (version 3.4.16) on port 50002
[debug] [2026-09-18T12:31:36.126Z] I0918 19:31:36.092612   53254 control.go:100] [projects/emulator/locations/emulator/services/madina-solution-production-final b51d] UpdateResources(): done
Main schema: sources: schema/schema.gql [1992B] 
Connector "example": sources: example/mutations.gql [1243B] example/queries.gql [1801B] 
 {"metadata":{"emulator":{"name":"dataconnect"},"message":"I0918 19:31:36.092612   53254 control.go:100] [projects/emulator/locations/emulator/services/madina-solution-production-final b51d] UpdateResources(): done\nMain schema: sources: schema/schema.gql [1992B] \nConnector \"example\": sources: example/mutations.gql [1243B] example/queries.gql [1801B] \n"}}
[debug] [2026-09-18T12:31:36.128Z] Ignoring unsupported arg: auto_download {"metadata":{"emulator":{"name":"dataconnect"},"message":"Ignoring unsupported arg: auto_download"}}
[debug] [2026-09-18T12:31:36.128Z] Ignoring unsupported arg: port {"metadata":{"emulator":{"name":"dataconnect"},"message":"Ignoring unsupported arg: port"}}
[debug] [2026-09-18T12:31:36.129Z] Starting SQL Connect Emulator with command {"binary":"/Users/madina.solutions/.cache/firebase/emulators/dataconnect-emulator-3.4.16","args":["--logtostderr","-v=2","dev","--listen=localhost:50002","--config_dir=/Volumes/DATA UTAMA/DEVELOPER/madina-solution-production-final/dataconnect","--enable_output_schema_extensions=true","--enable_output_generated_sdk=true"],"optionalArgs":["listen","config_dir","enable_output_schema_extensions","enable_output_generated_sdk"],"joinArgs":true,"shell":false,"port":9399} {"metadata":{"emulator":{"name":"dataconnect"},"message":"Starting SQL Connect Emulator with command {\"binary\":\"/Users/madina.solutions/.cache/firebase/emulators/dataconnect-emulator-3.4.16\",\"args\":[\"--logtostderr\",\"-v=2\",\"dev\",\"--listen=localhost:50002\",\"--config_dir=/Volumes/DATA UTAMA/DEVELOPER/madina-solution-production-final/dataconnect\",\"--enable_output_schema_extensions=true\",\"--enable_output_generated_sdk=true\"],\"optionalArgs\":[\"listen\",\"config_dir\",\"enable_output_schema_extensions\",\"enable_output_generated_sdk\"],\"joinArgs\":true,\"shell\":false,\"port\":9399}"}}
[info] i  dataconnect: SQL Connect Emulator logging to dataconnect-debug.log {"metadata":{"emulator":{"name":"dataconnect"},"message":"SQL Connect Emulator logging to dataconnect-debug.log"}}
[debug] [2026-09-18T12:31:39.298Z] I0918 19:31:39.087973   53256 load.go:31] Reloading schema and connectors...
 {"metadata":{"emulator":{"name":"dataconnect"},"message":"I0918 19:31:39.087973   53256 load.go:31] Reloading schema and connectors...\n"}}
[debug] [2026-09-18T12:31:39.339Z] <<< [apiv2][status] GET https://firebase.googleapis.com/v1beta1/projects 200
[debug] [2026-09-18T12:31:39.340Z] <<< [apiv2][body] GET https://firebase.googleapis.com/v1beta1/projects [omitted]
[debug] [2026-09-18T12:31:39.738Z] I0918 19:31:39.699127   53256 control.go:100] [projects/emulator/locations/emulator/services/madina-solution-production-final edad] UpdateResources(): done
Main schema: sources: schema/schema.gql [1992B] 
Connector "example": sources: example/mutations.gql [1243B] example/queries.gql [1801B] 
 {"metadata":{"emulator":{"name":"dataconnect"},"message":"I0918 19:31:39.699127   53256 control.go:100] [projects/emulator/locations/emulator/services/madina-solution-production-final edad] UpdateResources(): done\nMain schema: sources: schema/schema.gql [1992B] \nConnector \"example\": sources: example/mutations.gql [1243B] example/queries.gql [1801B] \n"}}
[debug] [2026-09-18T12:31:39.893Z] I0918 19:31:39.804631   53256 codegen.go:101] [connector "example" javascriptSdk] Generating sources into "/Volumes/DATA UTAMA/DEVELOPER/madina-solution-production-final/src/dataconnect-generated"
 {"metadata":{"emulator":{"name":"dataconnect"},"message":"I0918 19:31:39.804631   53256 codegen.go:101] [connector \"example\" javascriptSdk] Generating sources into \"/Volumes/DATA UTAMA/DEVELOPER/madina-solution-production-final/src/dataconnect-generated\"\n"}}
[debug] [2026-09-18T12:31:40.109Z] I0918 19:31:39.931271   53256 collector.go:107] schema extensions wrote into "/Volumes/DATA UTAMA/DEVELOPER/madina-solution-production-final/dataconnect/.dataconnect/schema"
Generated sources: prelude.gql [84995B] main/mutation.gql [13679B] main/implicit.gql [1261B] main/input.gql [29309B] main/relation.gql [14318B] main/query.gql [5099B] 
I0918 19:31:39.981724   53256 collector.go:107] connector "example" javascriptSdk wrote into "/Volumes/DATA UTAMA/DEVELOPER/madina-solution-production-final/src/dataconnect-generated"
Generated sources: index.cjs.js [5919B] react/esm/package.json [17B] react/esm/index.esm.js [3269B] .guides/config.json [236B] esm/package.json [17B] package.json [853B] README.md [41217B] react/index.d.ts [3961B] index.d.ts [8408B] esm/index.esm.js [5375B] react/package.json [460B] .guides/usage.md [3489B] react/index.cjs.js [3439B] react/README.md [48281B] .guides/setup.md [1682B] 
I0918 19:31:40.038955   53256 installsdk.go:86] Running command: /Users/madina.solutions/.nvm/versions/node/v22.23.2/bin/npm install file:src/dataconnect-generated
 {"metadata":{"emulator":{"name":"dataconnect"},"message":"I0918 19:31:39.931271   53256 collector.go:107] schema extensions wrote into \"/Volumes/DATA UTAMA/DEVELOPER/madina-solution-production-final/dataconnect/.dataconnect/schema\"\nGenerated sources: prelude.gql [84995B] main/mutation.gql [13679B] main/implicit.gql [1261B] main/input.gql [29309B] main/relation.gql [14318B] main/query.gql [5099B] \nI0918 19:31:39.981724   53256 collector.go:107] connector \"example\" javascriptSdk wrote into \"/Volumes/DATA UTAMA/DEVELOPER/madina-solution-production-final/src/dataconnect-generated\"\nGenerated sources: index.cjs.js [5919B] react/esm/package.json [17B] react/esm/index.esm.js [3269B] .guides/config.json [236B] esm/package.json [17B] package.json [853B] README.md [41217B] react/index.d.ts [3961B] index.d.ts [8408B] esm/index.esm.js [5375B] react/package.json [460B] .guides/usage.md [3489B] react/index.cjs.js [3439B] react/README.md [48281B] .guides/setup.md [1682B] \nI0918 19:31:40.038955   53256 installsdk.go:86] Running command: /Users/madina.solutions/.nvm/versions/node/v22.23.2/bin/npm install file:src/dataconnect-generated\n"}}
[debug] [2026-09-18T12:32:48.204Z] I0918 19:32:40.382296   53256 load.go:109] Finished reloading
I0918 19:32:40.437080   53256 dev.go:101] Listening on address (HTTP + gRPC): 127.0.0.1:50002
 {"metadata":{"emulator":{"name":"dataconnect"},"message":"I0918 19:32:40.382296   53256 load.go:109] Finished reloading\nI0918 19:32:40.437080   53256 dev.go:101] Listening on address (HTTP + gRPC): 127.0.0.1:50002\n"}}
[info] [Firebase Plugin] Stopping SQL Connect toolkit
[warn] ⚠  SQL Connect Emulator has exited upon receiving signal: SIGINT 
[debug] [2026-09-18T12:51:32.272Z] [Firebase Plugin] Activating Firebase extension.
[debug] [2026-09-18T12:52:28.400Z] [Firebase Plugin] requireAuthWrapper
[debug] [2026-09-18T12:52:28.401Z] > command requires scopes: ["email","openid","https://www.googleapis.com/auth/cloudplatformprojects.readonly","https://www.googleapis.com/auth/firebase","https://www.googleapis.com/auth/cloud-platform"]
[debug] [2026-09-18T12:52:28.401Z] > authorizing via signed-in user (perc.madina@gmail.com)
[debug] [2026-09-18T12:52:28.404Z] Checked if tokens are valid: true, expires at: 1789737163458
[debug] [2026-09-18T12:52:28.405Z] Checked if tokens are valid: true, expires at: 1789737163458
[debug] [2026-09-18T12:52:28.405Z] [Firebase Plugin] User found:  perc.madina@gmail.com
[info] [Firebase Plugin] (Core:Project) New user detected, fetching projects
[debug] [2026-09-18T12:52:28.407Z] Checked if tokens are valid: true, expires at: 1789737163458
[debug] [2026-09-18T12:52:28.408Z] >>> [apiv2][query] GET https://firebase.googleapis.com/v1beta1/projects pageSize=1000
[debug] [2026-09-18T12:52:28.433Z] [Firebase Plugin] VSCode notification server listening on port 40001
[debug] [2026-09-18T12:53:05.263Z] *** [apiv2] error from fetch(https://firebase.googleapis.com/v1beta1/projects?pageSize=1000, {"headers":{},"method":"GET","signal":{}}): AbortError: This operation was aborted
[debug] [2026-09-18T12:53:05.264Z] Timeout reached making request to https://firebase.googleapis.com/v1beta1/projects?pageSize=1000
[info] [Firebase Plugin] Starting SQL Connect toolkit (version 3.4.16) on port 50002
[debug] [2026-09-18T12:53:10.989Z] I0918 19:53:10.942008   57522 control.go:100] [projects/emulator/locations/emulator/services/madina-solution-production-final 0e29] UpdateResources(): done
Main schema: sources: schema/schema.gql [1992B] 
Connector "example": sources: example/mutations.gql [1243B] example/queries.gql [1801B] 
 {"metadata":{"emulator":{"name":"dataconnect"},"message":"I0918 19:53:10.942008   57522 control.go:100] [projects/emulator/locations/emulator/services/madina-solution-production-final 0e29] UpdateResources(): done\nMain schema: sources: schema/schema.gql [1992B] \nConnector \"example\": sources: example/mutations.gql [1243B] example/queries.gql [1801B] \n"}}
[debug] [2026-09-18T12:53:10.990Z] Ignoring unsupported arg: auto_download {"metadata":{"emulator":{"name":"dataconnect"},"message":"Ignoring unsupported arg: auto_download"}}
[debug] [2026-09-18T12:53:10.990Z] Ignoring unsupported arg: port {"metadata":{"emulator":{"name":"dataconnect"},"message":"Ignoring unsupported arg: port"}}
[debug] [2026-09-18T12:53:10.990Z] Starting SQL Connect Emulator with command {"binary":"/Users/madina.solutions/.cache/firebase/emulators/dataconnect-emulator-3.4.16","args":["--logtostderr","-v=2","dev","--listen=localhost:50002","--config_dir=/Volumes/DATA UTAMA/DEVELOPER/madina-solution-production-final/dataconnect","--enable_output_schema_extensions=true","--enable_output_generated_sdk=true"],"optionalArgs":["listen","config_dir","enable_output_schema_extensions","enable_output_generated_sdk"],"joinArgs":true,"shell":false,"port":9399} {"metadata":{"emulator":{"name":"dataconnect"},"message":"Starting SQL Connect Emulator with command {\"binary\":\"/Users/madina.solutions/.cache/firebase/emulators/dataconnect-emulator-3.4.16\",\"args\":[\"--logtostderr\",\"-v=2\",\"dev\",\"--listen=localhost:50002\",\"--config_dir=/Volumes/DATA UTAMA/DEVELOPER/madina-solution-production-final/dataconnect\",\"--enable_output_schema_extensions=true\",\"--enable_output_generated_sdk=true\"],\"optionalArgs\":[\"listen\",\"config_dir\",\"enable_output_schema_extensions\",\"enable_output_generated_sdk\"],\"joinArgs\":true,\"shell\":false,\"port\":9399}"}}
[info] i  dataconnect: SQL Connect Emulator logging to dataconnect-debug.log {"metadata":{"emulator":{"name":"dataconnect"},"message":"SQL Connect Emulator logging to dataconnect-debug.log"}}
[debug] [2026-09-18T12:53:15.366Z] I0918 19:53:14.299609   57542 load.go:31] Reloading schema and connectors...
I0918 19:53:14.661514   57542 control.go:100] [projects/emulator/locations/emulator/services/madina-solution-production-final 4c9c] UpdateResources(): done
Main schema: sources: schema/schema.gql [1992B] 
Connector "example": sources: example/mutations.gql [1243B] example/queries.gql [1801B] 
 {"metadata":{"emulator":{"name":"dataconnect"},"message":"I0918 19:53:14.299609   57542 load.go:31] Reloading schema and connectors...\nI0918 19:53:14.661514   57542 control.go:100] [projects/emulator/locations/emulator/services/madina-solution-production-final 4c9c] UpdateResources(): done\nMain schema: sources: schema/schema.gql [1992B] \nConnector \"example\": sources: example/mutations.gql [1243B] example/queries.gql [1801B] \n"}}
[debug] [2026-09-18T12:53:15.394Z] I0918 19:53:15.375541   57542 codegen.go:101] [connector "example" javascriptSdk] Generating sources into "/Volumes/DATA UTAMA/DEVELOPER/madina-solution-production-final/src/dataconnect-generated"
 {"metadata":{"emulator":{"name":"dataconnect"},"message":"I0918 19:53:15.375541   57542 codegen.go:101] [connector \"example\" javascriptSdk] Generating sources into \"/Volumes/DATA UTAMA/DEVELOPER/madina-solution-production-final/src/dataconnect-generated\"\n"}}
[debug] [2026-09-18T12:53:15.774Z] I0918 19:53:15.584379   57542 collector.go:107] schema extensions wrote into "/Volumes/DATA UTAMA/DEVELOPER/madina-solution-production-final/dataconnect/.dataconnect/schema"
Generated sources: main/relation.gql [14318B] main/query.gql [5099B] main/mutation.gql [13679B] prelude.gql [84995B] main/implicit.gql [1261B] main/input.gql [29309B] 
I0918 19:53:15.694115   57542 collector.go:107] connector "example" javascriptSdk wrote into "/Volumes/DATA UTAMA/DEVELOPER/madina-solution-production-final/src/dataconnect-generated"
Generated sources: react/package.json [460B] react/esm/package.json [17B] react/index.cjs.js [3439B] esm/index.esm.js [5375B] index.cjs.js [5919B] react/esm/index.esm.js [3269B] react/index.d.ts [3961B] .guides/config.json [236B] react/README.md [48281B] .guides/setup.md [1682B] .guides/usage.md [3489B] index.d.ts [8408B] esm/package.json [17B] package.json [853B] README.md [41217B] 
 {"metadata":{"emulator":{"name":"dataconnect"},"message":"I0918 19:53:15.584379   57542 collector.go:107] schema extensions wrote into \"/Volumes/DATA UTAMA/DEVELOPER/madina-solution-production-final/dataconnect/.dataconnect/schema\"\nGenerated sources: main/relation.gql [14318B] main/query.gql [5099B] main/mutation.gql [13679B] prelude.gql [84995B] main/implicit.gql [1261B] main/input.gql [29309B] \nI0918 19:53:15.694115   57542 collector.go:107] connector \"example\" javascriptSdk wrote into \"/Volumes/DATA UTAMA/DEVELOPER/madina-solution-production-final/src/dataconnect-generated\"\nGenerated sources: react/package.json [460B] react/esm/package.json [17B] react/index.cjs.js [3439B] esm/index.esm.js [5375B] index.cjs.js [5919B] react/esm/index.esm.js [3269B] react/index.d.ts [3961B] .guides/config.json [236B] react/README.md [48281B] .guides/setup.md [1682B] .guides/usage.md [3489B] index.d.ts [8408B] esm/package.json [17B] package.json [853B] README.md [41217B] \n"}}
[debug] [2026-09-18T12:53:15.999Z] I0918 19:53:15.852958   57542 installsdk.go:86] Running command: /Users/madina.solutions/.nvm/versions/node/v22.23.2/bin/npm install file:src/dataconnect-generated
 {"metadata":{"emulator":{"name":"dataconnect"},"message":"I0918 19:53:15.852958   57542 installsdk.go:86] Running command: /Users/madina.solutions/.nvm/versions/node/v22.23.2/bin/npm install file:src/dataconnect-generated\n"}}
[debug] [2026-09-18T12:53:56.159Z] E0918 19:53:55.217066   57542 installsdk.go:88] Failed to install package: exit status 190
I0918 19:53:55.217638   57542 load.go:109] Finished reloading
I0918 19:53:55.590687   57542 dev.go:101] Listening on address (HTTP + gRPC): 127.0.0.1:50002
 {"metadata":{"emulator":{"name":"dataconnect"},"message":"E0918 19:53:55.217066   57542 installsdk.go:88] Failed to install package: exit status 190\nI0918 19:53:55.217638   57542 load.go:109] Finished reloading\nI0918 19:53:55.590687   57542 dev.go:101] Listening on address (HTTP + gRPC): 127.0.0.1:50002\n"}}
[debug] [2026-09-18T13:07:05.608Z] [Firebase Plugin] Activating Firebase extension.
[info] [Firebase Plugin] Unable to check firebase-tools installation: TypeError: fetch failed
[debug] [2026-09-18T13:07:43.346Z] [Firebase Plugin] requireAuthWrapper
[debug] [2026-09-18T13:07:43.350Z] > command requires scopes: ["email","openid","https://www.googleapis.com/auth/cloudplatformprojects.readonly","https://www.googleapis.com/auth/firebase","https://www.googleapis.com/auth/cloud-platform"]
[debug] [2026-09-18T13:07:43.351Z] > authorizing via signed-in user (perc.madina@gmail.com)
[debug] [2026-09-18T13:07:43.356Z] Checked if tokens are valid: false, expires at: 1789737163458
[debug] [2026-09-18T13:07:43.357Z] Checked if tokens are valid: false, expires at: 1789737163458
[debug] [2026-09-18T13:07:43.358Z] > refreshing access token with scopes: []
[debug] [2026-09-18T13:07:43.361Z] >>> [apiv2][query] POST https://www.googleapis.com/oauth2/v3/token [none]
[debug] [2026-09-18T13:07:43.363Z] >>> [apiv2][body] POST https://www.googleapis.com/oauth2/v3/token [omitted]
[debug] [2026-09-18T13:07:43.445Z] [Firebase Plugin] VSCode notification server listening on port 40001
[info] [Firebase Plugin] Starting SQL Connect toolkit (version 3.4.16) on port 50003
[debug] [2026-09-18T13:07:46.641Z] I0918 20:07:46.603657   62862 control.go:100] [projects/emulator/locations/emulator/services/madina-solution-production-final 3a7c] UpdateResources(): done
Main schema: sources: schema/schema.gql [1992B] 
Connector "example": sources: example/mutations.gql [1243B] example/queries.gql [1801B] 
 {"metadata":{"emulator":{"name":"dataconnect"},"message":"I0918 20:07:46.603657   62862 control.go:100] [projects/emulator/locations/emulator/services/madina-solution-production-final 3a7c] UpdateResources(): done\nMain schema: sources: schema/schema.gql [1992B] \nConnector \"example\": sources: example/mutations.gql [1243B] example/queries.gql [1801B] \n"}}
[debug] [2026-09-18T13:07:46.642Z] Ignoring unsupported arg: auto_download {"metadata":{"emulator":{"name":"dataconnect"},"message":"Ignoring unsupported arg: auto_download"}}
[debug] [2026-09-18T13:07:46.643Z] Ignoring unsupported arg: port {"metadata":{"emulator":{"name":"dataconnect"},"message":"Ignoring unsupported arg: port"}}
[debug] [2026-09-18T13:07:46.643Z] Starting SQL Connect Emulator with command {"binary":"/Users/madina.solutions/.cache/firebase/emulators/dataconnect-emulator-3.4.16","args":["--logtostderr","-v=2","dev","--listen=localhost:50003","--config_dir=/Volumes/DATA UTAMA/DEVELOPER/madina-solution-production-final/dataconnect","--enable_output_schema_extensions=true","--enable_output_generated_sdk=true"],"optionalArgs":["listen","config_dir","enable_output_schema_extensions","enable_output_generated_sdk"],"joinArgs":true,"shell":false,"port":9399} {"metadata":{"emulator":{"name":"dataconnect"},"message":"Starting SQL Connect Emulator with command {\"binary\":\"/Users/madina.solutions/.cache/firebase/emulators/dataconnect-emulator-3.4.16\",\"args\":[\"--logtostderr\",\"-v=2\",\"dev\",\"--listen=localhost:50003\",\"--config_dir=/Volumes/DATA UTAMA/DEVELOPER/madina-solution-production-final/dataconnect\",\"--enable_output_schema_extensions=true\",\"--enable_output_generated_sdk=true\"],\"optionalArgs\":[\"listen\",\"config_dir\",\"enable_output_schema_extensions\",\"enable_output_generated_sdk\"],\"joinArgs\":true,\"shell\":false,\"port\":9399}"}}
[info] i  dataconnect: SQL Connect Emulator logging to dataconnect-debug.log {"metadata":{"emulator":{"name":"dataconnect"},"message":"SQL Connect Emulator logging to dataconnect-debug.log"}}
[debug] [2026-09-18T13:07:47.108Z] I0918 20:07:47.017698   62863 load.go:31] Reloading schema and connectors...
I0918 20:07:47.092797   62863 control.go:100] [projects/emulator/locations/emulator/services/madina-solution-production-final e9be] UpdateResources(): done
Main schema: sources: schema/schema.gql [1992B] 
Connector "example": sources: example/mutations.gql [1243B] example/queries.gql [1801B] 
 {"metadata":{"emulator":{"name":"dataconnect"},"message":"I0918 20:07:47.017698   62863 load.go:31] Reloading schema and connectors...\nI0918 20:07:47.092797   62863 control.go:100] [projects/emulator/locations/emulator/services/madina-solution-production-final e9be] UpdateResources(): done\nMain schema: sources: schema/schema.gql [1992B] \nConnector \"example\": sources: example/mutations.gql [1243B] example/queries.gql [1801B] \n"}}
[debug] [2026-09-18T13:07:47.594Z] I0918 20:07:47.516610   62863 codegen.go:101] [connector "example" javascriptSdk] Generating sources into "/Volumes/DATA UTAMA/DEVELOPER/madina-solution-production-final/src/dataconnect-generated"
I0918 20:07:47.586476   62863 collector.go:107] schema extensions wrote into "/Volumes/DATA UTAMA/DEVELOPER/madina-solution-production-final/dataconnect/.dataconnect/schema"
Generated sources: main/input.gql [29309B] prelude.gql [84995B] main/relation.gql [14318B] main/query.gql [5099B] main/mutation.gql [13679B] main/implicit.gql [1261B] 
I0918 20:07:47.590363   62863 collector.go:107] connector "example" javascriptSdk wrote into "/Volumes/DATA UTAMA/DEVELOPER/madina-solution-production-final/src/dataconnect-generated"
Generated sources: react/README.md [48281B] .guides/usage.md [3489B] .guides/config.json [236B] index.cjs.js [5919B] react/index.d.ts [3961B] react/package.json [460B] react/esm/index.esm.js [3269B] .guides/setup.md [1682B] esm/index.esm.js [5375B] esm/package.json [17B] package.json [853B] index.d.ts [8408B] README.md [41217B] react/esm/package.json [17B] react/index.cjs.js [3439B] 
 {"metadata":{"emulator":{"name":"dataconnect"},"message":"I0918 20:07:47.516610   62863 codegen.go:101] [connector \"example\" javascriptSdk] Generating sources into \"/Volumes/DATA UTAMA/DEVELOPER/madina-solution-production-final/src/dataconnect-generated\"\nI0918 20:07:47.586476   62863 collector.go:107] schema extensions wrote into \"/Volumes/DATA UTAMA/DEVELOPER/madina-solution-production-final/dataconnect/.dataconnect/schema\"\nGenerated sources: main/input.gql [29309B] prelude.gql [84995B] main/relation.gql [14318B] main/query.gql [5099B] main/mutation.gql [13679B] main/implicit.gql [1261B] \nI0918 20:07:47.590363   62863 collector.go:107] connector \"example\" javascriptSdk wrote into \"/Volumes/DATA UTAMA/DEVELOPER/madina-solution-production-final/src/dataconnect-generated\"\nGenerated sources: react/README.md [48281B] .guides/usage.md [3489B] .guides/config.json [236B] index.cjs.js [5919B] react/index.d.ts [3961B] react/package.json [460B] react/esm/index.esm.js [3269B] .guides/setup.md [1682B] esm/index.esm.js [5375B] esm/package.json [17B] package.json [853B] index.d.ts [8408B] README.md [41217B] react/esm/package.json [17B] react/index.cjs.js [3439B] \n"}}
[debug] [2026-09-18T13:07:47.653Z] I0918 20:07:47.652234   62863 installsdk.go:86] Running command: /Users/madina.solutions/.nvm/versions/node/v22.23.2/bin/npm install file:src/dataconnect-generated
 {"metadata":{"emulator":{"name":"dataconnect"},"message":"I0918 20:07:47.652234   62863 installsdk.go:86] Running command: /Users/madina.solutions/.nvm/versions/node/v22.23.2/bin/npm install file:src/dataconnect-generated\n"}}
[debug] [2026-09-18T13:07:57.469Z] *** [apiv2] error from fetch(https://www.googleapis.com/oauth2/v3/token, {"headers":{},"method":"POST","body":{"type":"Buffer","data":[45,45,45,45,45,45,45,45,45,45,45,45,45,45,45,45,45,45,45,45,45,45,45,45,45,45,45,45,57,100,97,54,101,100,55,101,53,49,49,55,48,52,102,51,98,97,102,54,57,48,98,53,13,10,67,111,110,116,101,110,116,45,68,105,115,112,111,115,105,116,105,111,110,58,32,102,111,114,109,45,100,97,116,97,59,32,110,97,109,101,61,34,114,101,102,114,101,115,104,95,116,111,107,101,110,34,13,10,13,10,49,47,47,48,103,74,103,117,51,75,73,50,100,54,74,95,67,103,89,73,65,82,65,65,71,66,65,83,78,119,70,45,76,57,73,114,103,108,52,87,82,56,110,72,115,89,99,75,54,84,69,55,86,74,114,84,104,66,110,80,78,97,70,101,48,119,100,90,69,78,56,100,53,99,55,45,89,68,115,77,117,103,74,113,109,104,88,102,104,50,90,53,70,81,84,77,116,114,104,80,114,79,81,13,10,45,45,45,45,45,45,45,45,45,45,45,45,45,45,45,45,45,45,45,45,45,45,45,45,45,45,45,45,57,100,97,54,101,100,55,101,53,49,49,55,48,52,102,51,98,97,102,54,57,48,98,53,13,10,67,111,110,116,101,110,116,45,68,105,115,112,111,115,105,116,105,111,110,58,32,102,111,114,109,45,100,97,116,97,59,32,110,97,109,101,61,34,99,108,105,101,110,116,95,105,100,34,13,10,13,10,53,54,51,53,56,52,51,51,53,56,54,57,45,102,103,114,104,103,109,100,52,55,98,113,110,101,107,105,106,53,105,56,98,53,112,114,48,51,104,111,56,52,57,101,54,46,97,112,112,115,46,103,111,111,103,108,101,117,115,101,114,99,111,110,116,101,110,116,46,99,111,109,13,10,45,45,45,45,45,45,45,45,45,45,45,45,45,45,45,45,45,45,45,45,45,45,45,45,45,45,45,45,57,100,97,54,101,100,55,101,53,49,49,55,48,52,102,51,98,97,102,54,57,48,98,53,13,10,67,111,110,116,101,110,116,45,68,105,115,112,111,115,105,116,105,111,110,58,32,102,111,114,109,45,100,97,116,97,59,32,110,97,109,101,61,34,99,108,105,101,110,116,95,115,101,99,114,101,116,34,13,10,13,10,106,57,105,86,90,102,83,56,107,107,67,69,70,85,80,97,65,101,74,86,48,115,65,105,13,10,45,45,45,45,45,45,45,45,45,45,45,45,45,45,45,45,45,45,45,45,45,45,45,45,45,45,45,45,57,100,97,54,101,100,55,101,53,49,49,55,48,52,102,51,98,97,102,54,57,48,98,53,13,10,67,111,110,116,101,110,116,45,68,105,115,112,111,115,105,116,105,111,110,58,32,102,111,114,109,45,100,97,116,97,59,32,110,97,109,101,61,34,103,114,97,110,116,95,116,121,112,101,34,13,10,13,10,114,101,102,114,101,115,104,95,116,111,107,101,110,13,10,45,45,45,45,45,45,45,45,45,45,45,45,45,45,45,45,45,45,45,45,45,45,45,45,45,45,45,45,57,100,97,54,101,100,55,101,53,49,49,55,48,52,102,51,98,97,102,54,57,48,98,53,13,10,67,111,110,116,101,110,116,45,68,105,115,112,111,115,105,116,105,111,110,58,32,102,111,114,109,45,100,97,116,97,59,32,110,97,109,101,61,34,115,99,111,112,101,34,13,10,13,10,13,10,45,45,45,45,45,45,45,45,45,45,45,45,45,45,45,45,45,45,45,45,45,45,45,45,45,45,45,45,57,100,97,54,101,100,55,101,53,49,49,55,48,52,102,51,98,97,102,54,57,48,98,53,45,45,13,10]}}): ConnectTimeoutError: Connect Timeout Error (attempted address: www.googleapis.com:443, timeout: 10000ms)
[error] Authentication Error: Your credentials are no longer valid. Please run firebase login --reauth

For CI servers and headless environments, generate a new token with firebase login:ci
[error] [Firebase Plugin] requireAuth error: Authentication Error: Your credentials are no longer valid. Please run firebase login --reauth

For CI servers and headless environments, generate a new token with firebase login:ci
[info] [Firebase Plugin] Stopping SQL Connect toolkit
[warn] ⚠  SQL Connect Emulator has exited upon receiving signal: SIGINT 
[debug] [2026-09-18T13:14:29.329Z] [Firebase Plugin] Activating Firebase extension.
[info] [Firebase Plugin] Unable to check firebase-tools installation: TypeError: fetch failed
[debug] [2026-09-18T13:15:05.598Z] [Firebase Plugin] requireAuthWrapper
[debug] [2026-09-18T13:15:05.611Z] > command requires scopes: ["email","openid","https://www.googleapis.com/auth/cloudplatformprojects.readonly","https://www.googleapis.com/auth/firebase","https://www.googleapis.com/auth/cloud-platform"]
[debug] [2026-09-18T13:15:05.612Z] > authorizing via signed-in user (perc.madina@gmail.com)
[debug] [2026-09-18T13:15:05.616Z] Checked if tokens are valid: false, expires at: 1789737163458
[debug] [2026-09-18T13:15:05.616Z] Checked if tokens are valid: false, expires at: 1789737163458
[debug] [2026-09-18T13:15:05.617Z] > refreshing access token with scopes: []
[debug] [2026-09-18T13:15:05.627Z] >>> [apiv2][query] POST https://www.googleapis.com/oauth2/v3/token [none]
[debug] [2026-09-18T13:15:05.629Z] >>> [apiv2][body] POST https://www.googleapis.com/oauth2/v3/token [omitted]
[debug] [2026-09-18T13:15:05.715Z] [Firebase Plugin] VSCode notification server listening on port 40001
[info] [Firebase Plugin] Starting SQL Connect toolkit (version 3.4.16) on port 50003
[debug] [2026-09-18T13:15:09.313Z] I0918 20:15:09.294053   63661 control.go:100] [projects/emulator/locations/emulator/services/madina-solution-production-final 616e] UpdateResources(): done
Main schema: sources: schema/schema.gql [1992B] 
Connector "example": sources: example/mutations.gql [1243B] example/queries.gql [1801B] 
 {"metadata":{"emulator":{"name":"dataconnect"},"message":"I0918 20:15:09.294053   63661 control.go:100] [projects/emulator/locations/emulator/services/madina-solution-production-final 616e] UpdateResources(): done\nMain schema: sources: schema/schema.gql [1992B] \nConnector \"example\": sources: example/mutations.gql [1243B] example/queries.gql [1801B] \n"}}
[debug] [2026-09-18T13:15:09.314Z] Ignoring unsupported arg: auto_download {"metadata":{"emulator":{"name":"dataconnect"},"message":"Ignoring unsupported arg: auto_download"}}
[debug] [2026-09-18T13:15:09.314Z] Ignoring unsupported arg: port {"metadata":{"emulator":{"name":"dataconnect"},"message":"Ignoring unsupported arg: port"}}
[debug] [2026-09-18T13:15:09.315Z] Starting SQL Connect Emulator with command {"binary":"/Users/madina.solutions/.cache/firebase/emulators/dataconnect-emulator-3.4.16","args":["--logtostderr","-v=2","dev","--listen=localhost:50003","--config_dir=/Volumes/DATA UTAMA/DEVELOPER/madina-solution-production-final/dataconnect","--enable_output_schema_extensions=true","--enable_output_generated_sdk=true"],"optionalArgs":["listen","config_dir","enable_output_schema_extensions","enable_output_generated_sdk"],"joinArgs":true,"shell":false,"port":9399} {"metadata":{"emulator":{"name":"dataconnect"},"message":"Starting SQL Connect Emulator with command {\"binary\":\"/Users/madina.solutions/.cache/firebase/emulators/dataconnect-emulator-3.4.16\",\"args\":[\"--logtostderr\",\"-v=2\",\"dev\",\"--listen=localhost:50003\",\"--config_dir=/Volumes/DATA UTAMA/DEVELOPER/madina-solution-production-final/dataconnect\",\"--enable_output_schema_extensions=true\",\"--enable_output_generated_sdk=true\"],\"optionalArgs\":[\"listen\",\"config_dir\",\"enable_output_schema_extensions\",\"enable_output_generated_sdk\"],\"joinArgs\":true,\"shell\":false,\"port\":9399}"}}
[info] i  dataconnect: SQL Connect Emulator logging to dataconnect-debug.log {"metadata":{"emulator":{"name":"dataconnect"},"message":"SQL Connect Emulator logging to dataconnect-debug.log"}}
[debug] [2026-09-18T13:15:09.853Z] I0918 20:15:09.516515   63665 load.go:31] Reloading schema and connectors...
I0918 20:15:09.554065   63665 control.go:100] [projects/emulator/locations/emulator/services/madina-solution-production-final 4234] UpdateResources(): done
Main schema: sources: schema/schema.gql [1992B] 
Connector "example": sources: example/mutations.gql [1243B] example/queries.gql [1801B] 
 {"metadata":{"emulator":{"name":"dataconnect"},"message":"I0918 20:15:09.516515   63665 load.go:31] Reloading schema and connectors...\nI0918 20:15:09.554065   63665 control.go:100] [projects/emulator/locations/emulator/services/madina-solution-production-final 4234] UpdateResources(): done\nMain schema: sources: schema/schema.gql [1992B] \nConnector \"example\": sources: example/mutations.gql [1243B] example/queries.gql [1801B] \n"}}
[debug] [2026-09-18T13:15:09.968Z] I0918 20:15:09.937707   63665 codegen.go:101] [connector "example" javascriptSdk] Generating sources into "/Volumes/DATA UTAMA/DEVELOPER/madina-solution-production-final/src/dataconnect-generated"
 {"metadata":{"emulator":{"name":"dataconnect"},"message":"I0918 20:15:09.937707   63665 codegen.go:101] [connector \"example\" javascriptSdk] Generating sources into \"/Volumes/DATA UTAMA/DEVELOPER/madina-solution-production-final/src/dataconnect-generated\"\n"}}
[debug] [2026-09-18T13:15:09.972Z] <<< [apiv2][status] POST https://www.googleapis.com/oauth2/v3/token 200
[debug] [2026-09-18T13:15:09.979Z] <<< [apiv2][body] POST https://www.googleapis.com/oauth2/v3/token [omitted]
[debug] [2026-09-18T13:15:10.044Z] [Firebase Plugin] User found:  perc.madina@gmail.com
[info] [Firebase Plugin] (Core:Project) New user detected, fetching projects
[debug] [2026-09-18T13:15:10.048Z] Checked if tokens are valid: true, expires at: 1789740908998
[debug] [2026-09-18T13:15:10.052Z] >>> [apiv2][query] GET https://firebase.googleapis.com/v1beta1/projects pageSize=1000
[debug] [2026-09-18T13:15:10.204Z] I0918 20:15:10.033344   63665 collector.go:107] schema extensions wrote into "/Volumes/DATA UTAMA/DEVELOPER/madina-solution-production-final/dataconnect/.dataconnect/schema"
Generated sources: prelude.gql [84995B] main/query.gql [5099B] main/mutation.gql [13679B] main/implicit.gql [1261B] main/input.gql [29309B] main/relation.gql [14318B] 
I0918 20:15:10.041975   63665 collector.go:107] connector "example" javascriptSdk wrote into "/Volumes/DATA UTAMA/DEVELOPER/madina-solution-production-final/src/dataconnect-generated"
Generated sources: package.json [853B] README.md [41217B] react/esm/package.json [17B] esm/index.esm.js [5375B] react/index.d.ts [3961B] index.d.ts [8408B] index.cjs.js [5919B] react/package.json [460B] react/index.cjs.js [3439B] .guides/config.json [236B] .guides/usage.md [3489B] .guides/setup.md [1682B] react/esm/index.esm.js [3269B] react/README.md [48281B] esm/package.json [17B] 
 {"metadata":{"emulator":{"name":"dataconnect"},"message":"I0918 20:15:10.033344   63665 collector.go:107] schema extensions wrote into \"/Volumes/DATA UTAMA/DEVELOPER/madina-solution-production-final/dataconnect/.dataconnect/schema\"\nGenerated sources: prelude.gql [84995B] main/query.gql [5099B] main/mutation.gql [13679B] main/implicit.gql [1261B] main/input.gql [29309B] main/relation.gql [14318B] \nI0918 20:15:10.041975   63665 collector.go:107] connector \"example\" javascriptSdk wrote into \"/Volumes/DATA UTAMA/DEVELOPER/madina-solution-production-final/src/dataconnect-generated\"\nGenerated sources: package.json [853B] README.md [41217B] react/esm/package.json [17B] esm/index.esm.js [5375B] react/index.d.ts [3961B] index.d.ts [8408B] index.cjs.js [5919B] react/package.json [460B] react/index.cjs.js [3439B] .guides/config.json [236B] .guides/usage.md [3489B] .guides/setup.md [1682B] react/esm/index.esm.js [3269B] react/README.md [48281B] esm/package.json [17B] \n"}}
[debug] [2026-09-18T13:15:10.311Z] I0918 20:15:10.270404   63665 installsdk.go:55] Package @dataconnect/generated is already installed. Skipping installation
I0918 20:15:10.270469   63665 load.go:109] Finished reloading
I0918 20:15:10.306388   63665 dev.go:101] Listening on address (HTTP + gRPC): 127.0.0.1:50003
 {"metadata":{"emulator":{"name":"dataconnect"},"message":"I0918 20:15:10.270404   63665 installsdk.go:55] Package @dataconnect/generated is already installed. Skipping installation\nI0918 20:15:10.270469   63665 load.go:109] Finished reloading\nI0918 20:15:10.306388   63665 dev.go:101] Listening on address (HTTP + gRPC): 127.0.0.1:50003\n"}}
[debug] [2026-09-18T13:15:11.603Z] I0918 20:15:11.531586   63665 engine.go:209] [projects/emulator/locations/emulator/services/madina-solution-production-final 4234] ExecuteGraphqlRead query IntrospectionQuery: succeeded. 
 {"metadata":{"emulator":{"name":"dataconnect"},"message":"I0918 20:15:11.531586   63665 engine.go:209] [projects/emulator/locations/emulator/services/madina-solution-production-final 4234] ExecuteGraphqlRead query IntrospectionQuery: succeeded. \n"}}
[debug] [2026-09-18T13:15:13.379Z] <<< [apiv2][status] GET https://firebase.googleapis.com/v1beta1/projects 200
[debug] [2026-09-18T13:15:13.380Z] <<< [apiv2][body] GET https://firebase.googleapis.com/v1beta1/projects [omitted]
[info] [Firebase Plugin] Stopping SQL Connect toolkit
[warn] ⚠  SQL Connect Emulator has exited upon receiving signal: SIGINT 
[debug] [2026-09-18T13:23:34.700Z] [Firebase Plugin] Activating Firebase extension.
[debug] [2026-09-18T13:24:11.529Z] [Firebase Plugin] requireAuthWrapper
[debug] [2026-09-18T13:24:11.530Z] > command requires scopes: ["email","openid","https://www.googleapis.com/auth/cloudplatformprojects.readonly","https://www.googleapis.com/auth/firebase","https://www.googleapis.com/auth/cloud-platform"]
[debug] [2026-09-18T13:24:11.531Z] > authorizing via signed-in user (perc.madina@gmail.com)
[debug] [2026-09-18T13:24:11.534Z] Checked if tokens are valid: true, expires at: 1789740908998
[debug] [2026-09-18T13:24:11.534Z] Checked if tokens are valid: true, expires at: 1789740908998
[debug] [2026-09-18T13:24:11.535Z] [Firebase Plugin] User found:  perc.madina@gmail.com
[info] [Firebase Plugin] (Core:Project) New user detected, fetching projects
[debug] [2026-09-18T13:24:11.536Z] Checked if tokens are valid: true, expires at: 1789740908998
[debug] [2026-09-18T13:24:11.538Z] >>> [apiv2][query] GET https://firebase.googleapis.com/v1beta1/projects pageSize=1000
[debug] [2026-09-18T13:24:11.566Z] [Firebase Plugin] VSCode notification server listening on port 40001
[info] [Firebase Plugin] Starting SQL Connect toolkit (version 3.4.16) on port 50003
[debug] [2026-09-18T13:24:21.400Z] I0918 20:24:21.374681   65011 control.go:100] [projects/emulator/locations/emulator/services/madina-solution-production-final b25e] UpdateResources(): done
Main schema: sources: schema/schema.gql [1992B] 
Connector "example": sources: example/mutations.gql [1243B] example/queries.gql [1801B] 
 {"metadata":{"emulator":{"name":"dataconnect"},"message":"I0918 20:24:21.374681   65011 control.go:100] [projects/emulator/locations/emulator/services/madina-solution-production-final b25e] UpdateResources(): done\nMain schema: sources: schema/schema.gql [1992B] \nConnector \"example\": sources: example/mutations.gql [1243B] example/queries.gql [1801B] \n"}}
[debug] [2026-09-18T13:24:21.401Z] Ignoring unsupported arg: auto_download {"metadata":{"emulator":{"name":"dataconnect"},"message":"Ignoring unsupported arg: auto_download"}}
[debug] [2026-09-18T13:24:21.402Z] Ignoring unsupported arg: port {"metadata":{"emulator":{"name":"dataconnect"},"message":"Ignoring unsupported arg: port"}}
[debug] [2026-09-18T13:24:21.402Z] Starting SQL Connect Emulator with command {"binary":"/Users/madina.solutions/.cache/firebase/emulators/dataconnect-emulator-3.4.16","args":["--logtostderr","-v=2","dev","--listen=localhost:50003","--config_dir=/Volumes/DATA UTAMA/DEVELOPER/madina-solution-production-final/dataconnect","--enable_output_schema_extensions=true","--enable_output_generated_sdk=true"],"optionalArgs":["listen","config_dir","enable_output_schema_extensions","enable_output_generated_sdk"],"joinArgs":true,"shell":false,"port":9399} {"metadata":{"emulator":{"name":"dataconnect"},"message":"Starting SQL Connect Emulator with command {\"binary\":\"/Users/madina.solutions/.cache/firebase/emulators/dataconnect-emulator-3.4.16\",\"args\":[\"--logtostderr\",\"-v=2\",\"dev\",\"--listen=localhost:50003\",\"--config_dir=/Volumes/DATA UTAMA/DEVELOPER/madina-solution-production-final/dataconnect\",\"--enable_output_schema_extensions=true\",\"--enable_output_generated_sdk=true\"],\"optionalArgs\":[\"listen\",\"config_dir\",\"enable_output_schema_extensions\",\"enable_output_generated_sdk\"],\"joinArgs\":true,\"shell\":false,\"port\":9399}"}}
[info] i  dataconnect: SQL Connect Emulator logging to dataconnect-debug.log {"metadata":{"emulator":{"name":"dataconnect"},"message":"SQL Connect Emulator logging to dataconnect-debug.log"}}
[debug] [2026-09-18T13:24:24.235Z] I0918 20:24:23.720877   65140 load.go:31] Reloading schema and connectors...
I0918 20:24:23.762670   65140 control.go:100] [projects/emulator/locations/emulator/services/madina-solution-production-final fce5] UpdateResources(): done
Main schema: sources: schema/schema.gql [1992B] 
Connector "example": sources: example/mutations.gql [1243B] example/queries.gql [1801B] 
I0918 20:24:23.813686   65140 codegen.go:101] [connector "example" javascriptSdk] Generating sources into "/Volumes/DATA UTAMA/DEVELOPER/madina-solution-production-final/src/dataconnect-generated"
I0918 20:24:23.881998   65140 collector.go:107] schema extensions wrote into "/Volumes/DATA UTAMA/DEVELOPER/madina-solution-production-final/dataconnect/.dataconnect/schema"
Generated sources: prelude.gql [84995B] main/implicit.gql [1261B] main/input.gql [29309B] main/relation.gql [14318B] main/query.gql [5099B] main/mutation.gql [13679B] 
I0918 20:24:23.885904   65140 collector.go:107] connector "example" javascriptSdk wrote into "/Volumes/DATA UTAMA/DEVELOPER/madina-solution-production-final/src/dataconnect-generated"
Generated sources: index.cjs.js [5919B] react/esm/package.json [17B] react/README.md [48281B] react/index.cjs.js [3439B] .guides/usage.md [3489B] .guides/setup.md [1682B] .guides/config.json [236B] index.d.ts [8408B] README.md [41217B] react/index.d.ts [3961B] react/package.json [460B] esm/index.esm.js [5375B] esm/package.json [17B] package.json [853B] react/esm/index.esm.js [3269B] 
I0918 20:24:23.894792   65140 installsdk.go:55] Package @dataconnect/generated is already installed. Skipping installation
I0918 20:24:23.895317   65140 load.go:109] Finished reloading
 {"metadata":{"emulator":{"name":"dataconnect"},"message":"I0918 20:24:23.720877   65140 load.go:31] Reloading schema and connectors...\nI0918 20:24:23.762670   65140 control.go:100] [projects/emulator/locations/emulator/services/madina-solution-production-final fce5] UpdateResources(): done\nMain schema: sources: schema/schema.gql [1992B] \nConnector \"example\": sources: example/mutations.gql [1243B] example/queries.gql [1801B] \nI0918 20:24:23.813686   65140 codegen.go:101] [connector \"example\" javascriptSdk] Generating sources into \"/Volumes/DATA UTAMA/DEVELOPER/madina-solution-production-final/src/dataconnect-generated\"\nI0918 20:24:23.881998   65140 collector.go:107] schema extensions wrote into \"/Volumes/DATA UTAMA/DEVELOPER/madina-solution-production-final/dataconnect/.dataconnect/schema\"\nGenerated sources: prelude.gql [84995B] main/implicit.gql [1261B] main/input.gql [29309B] main/relation.gql [14318B] main/query.gql [5099B] main/mutation.gql [13679B] \nI0918 20:24:23.885904   65140 collector.go:107] connector \"example\" javascriptSdk wrote into \"/Volumes/DATA UTAMA/DEVELOPER/madina-solution-production-final/src/dataconnect-generated\"\nGenerated sources: index.cjs.js [5919B] react/esm/package.json [17B] react/README.md [48281B] react/index.cjs.js [3439B] .guides/usage.md [3489B] .guides/setup.md [1682B] .guides/config.json [236B] index.d.ts [8408B] README.md [41217B] react/index.d.ts [3961B] react/package.json [460B] esm/index.esm.js [5375B] esm/package.json [17B] package.json [853B] react/esm/index.esm.js [3269B] \nI0918 20:24:23.894792   65140 installsdk.go:55] Package @dataconnect/generated is already installed. Skipping installation\nI0918 20:24:23.895317   65140 load.go:109] Finished reloading\n"}}
[debug] [2026-09-18T13:24:24.610Z] I0918 20:24:24.579393   65140 dev.go:101] Listening on address (HTTP + gRPC): 127.0.0.1:50003
 {"metadata":{"emulator":{"name":"dataconnect"},"message":"I0918 20:24:24.579393   65140 dev.go:101] Listening on address (HTTP + gRPC): 127.0.0.1:50003\n"}}
[debug] [2026-09-18T13:24:24.724Z] <<< [apiv2][status] GET https://firebase.googleapis.com/v1beta1/projects 200
[debug] [2026-09-18T13:24:24.725Z] <<< [apiv2][body] GET https://firebase.googleapis.com/v1beta1/projects [omitted]
[debug] [2026-09-18T16:33:13.027Z] [Firebase Plugin] Activating Firebase extension.
[debug] [2026-09-18T16:33:39.942Z] [Firebase Plugin] requireAuthWrapper
[debug] [2026-09-18T16:33:39.944Z] > command requires scopes: ["email","openid","https://www.googleapis.com/auth/cloudplatformprojects.readonly","https://www.googleapis.com/auth/firebase","https://www.googleapis.com/auth/cloud-platform"]
[debug] [2026-09-18T16:33:39.944Z] > authorizing via signed-in user (perc.madina@gmail.com)
[debug] [2026-09-18T16:33:39.947Z] Checked if tokens are valid: false, expires at: 1789740908998
[debug] [2026-09-18T16:33:39.948Z] Checked if tokens are valid: false, expires at: 1789740908998
[debug] [2026-09-18T16:33:39.948Z] > refreshing access token with scopes: []
[debug] [2026-09-18T16:33:39.951Z] >>> [apiv2][query] POST https://www.googleapis.com/oauth2/v3/token [none]
[debug] [2026-09-18T16:33:39.951Z] >>> [apiv2][body] POST https://www.googleapis.com/oauth2/v3/token [omitted]
[debug] [2026-09-18T16:33:41.348Z] [Firebase Plugin] VSCode notification server listening on port 40001
[debug] [2026-09-18T16:33:42.154Z] <<< [apiv2][status] POST https://www.googleapis.com/oauth2/v3/token 200
[debug] [2026-09-18T16:33:42.156Z] <<< [apiv2][body] POST https://www.googleapis.com/oauth2/v3/token [omitted]
[debug] [2026-09-18T16:33:42.187Z] [Firebase Plugin] User found:  perc.madina@gmail.com
[info] [Firebase Plugin] (Core:Project) New user detected, fetching projects
[debug] [2026-09-18T16:33:42.189Z] Checked if tokens are valid: true, expires at: 1789752821157
[debug] [2026-09-18T16:33:42.192Z] >>> [apiv2][query] GET https://firebase.googleapis.com/v1beta1/projects pageSize=1000
[info] [Firebase Plugin] Starting SQL Connect toolkit (version 3.4.16) on port 50001
[debug] [2026-09-18T16:33:43.530Z] I0918 23:33:43.499082    3118 control.go:100] [projects/emulator/locations/emulator/services/madina-solution-production-final 6e1e] UpdateResources(): done
Main schema: sources: schema/schema.gql [1992B] 
Connector "example": sources: example/mutations.gql [1243B] example/queries.gql [1801B] 
 {"metadata":{"emulator":{"name":"dataconnect"},"message":"I0918 23:33:43.499082    3118 control.go:100] [projects/emulator/locations/emulator/services/madina-solution-production-final 6e1e] UpdateResources(): done\nMain schema: sources: schema/schema.gql [1992B] \nConnector \"example\": sources: example/mutations.gql [1243B] example/queries.gql [1801B] \n"}}
[debug] [2026-09-18T16:33:43.531Z] Ignoring unsupported arg: auto_download {"metadata":{"emulator":{"name":"dataconnect"},"message":"Ignoring unsupported arg: auto_download"}}
[debug] [2026-09-18T16:33:43.531Z] Ignoring unsupported arg: port {"metadata":{"emulator":{"name":"dataconnect"},"message":"Ignoring unsupported arg: port"}}
[debug] [2026-09-18T16:33:43.532Z] Starting SQL Connect Emulator with command {"binary":"/Users/madina.solutions/.cache/firebase/emulators/dataconnect-emulator-3.4.16","args":["--logtostderr","-v=2","dev","--listen=localhost:50001","--config_dir=/Volumes/DATA UTAMA/DEVELOPER/madina-solution-production-final/dataconnect","--enable_output_schema_extensions=true","--enable_output_generated_sdk=true"],"optionalArgs":["listen","config_dir","enable_output_schema_extensions","enable_output_generated_sdk"],"joinArgs":true,"shell":false,"port":9399} {"metadata":{"emulator":{"name":"dataconnect"},"message":"Starting SQL Connect Emulator with command {\"binary\":\"/Users/madina.solutions/.cache/firebase/emulators/dataconnect-emulator-3.4.16\",\"args\":[\"--logtostderr\",\"-v=2\",\"dev\",\"--listen=localhost:50001\",\"--config_dir=/Volumes/DATA UTAMA/DEVELOPER/madina-solution-production-final/dataconnect\",\"--enable_output_schema_extensions=true\",\"--enable_output_generated_sdk=true\"],\"optionalArgs\":[\"listen\",\"config_dir\",\"enable_output_schema_extensions\",\"enable_output_generated_sdk\"],\"joinArgs\":true,\"shell\":false,\"port\":9399}"}}
[info] i  dataconnect: SQL Connect Emulator logging to dataconnect-debug.log {"metadata":{"emulator":{"name":"dataconnect"},"message":"SQL Connect Emulator logging to dataconnect-debug.log"}}
[debug] [2026-09-18T16:33:43.677Z] I0918 23:33:43.656588    3170 load.go:31] Reloading schema and connectors...
 {"metadata":{"emulator":{"name":"dataconnect"},"message":"I0918 23:33:43.656588    3170 load.go:31] Reloading schema and connectors...\n"}}
[debug] [2026-09-18T16:33:44.175Z] I0918 23:33:44.175044    3170 control.go:100] [projects/emulator/locations/emulator/services/madina-solution-production-final 3a89] UpdateResources(): done
Main schema: sources: schema/schema.gql [1992B] 
Connector "example": sources: example/mutations.gql [1243B] example/queries.gql [1801B] 
 {"metadata":{"emulator":{"name":"dataconnect"},"message":"I0918 23:33:44.175044    3170 control.go:100] [projects/emulator/locations/emulator/services/madina-solution-production-final 3a89] UpdateResources(): done\nMain schema: sources: schema/schema.gql [1992B] \nConnector \"example\": sources: example/mutations.gql [1243B] example/queries.gql [1801B] \n"}}
[debug] [2026-09-18T16:33:44.307Z] I0918 23:33:44.307117    3170 codegen.go:101] [connector "example" javascriptSdk] Generating sources into "/Volumes/DATA UTAMA/DEVELOPER/madina-solution-production-final/src/dataconnect-generated"
 {"metadata":{"emulator":{"name":"dataconnect"},"message":"I0918 23:33:44.307117    3170 codegen.go:101] [connector \"example\" javascriptSdk] Generating sources into \"/Volumes/DATA UTAMA/DEVELOPER/madina-solution-production-final/src/dataconnect-generated\"\n"}}
[debug] [2026-09-18T16:33:44.477Z] I0918 23:33:44.428592    3170 collector.go:107] schema extensions wrote into "/Volumes/DATA UTAMA/DEVELOPER/madina-solution-production-final/dataconnect/.dataconnect/schema"
Generated sources: prelude.gql [84995B] main/mutation.gql [13679B] main/implicit.gql [1261B] main/input.gql [29309B] main/relation.gql [14318B] main/query.gql [5099B] 
I0918 23:33:44.448430    3170 collector.go:107] connector "example" javascriptSdk wrote into "/Volumes/DATA UTAMA/DEVELOPER/madina-solution-production-final/src/dataconnect-generated"
Generated sources: package.json [853B] react/package.json [460B] react/esm/package.json [17B] react/index.cjs.js [3439B] react/esm/index.esm.js [3269B] react/README.md [48281B] esm/index.esm.js [5375B] esm/package.json [17B] index.cjs.js [5919B] react/index.d.ts [3961B] .guides/config.json [236B] README.md [41217B] .guides/usage.md [3489B] .guides/setup.md [1682B] index.d.ts [8408B] 
 {"metadata":{"emulator":{"name":"dataconnect"},"message":"I0918 23:33:44.428592    3170 collector.go:107] schema extensions wrote into \"/Volumes/DATA UTAMA/DEVELOPER/madina-solution-production-final/dataconnect/.dataconnect/schema\"\nGenerated sources: prelude.gql [84995B] main/mutation.gql [13679B] main/implicit.gql [1261B] main/input.gql [29309B] main/relation.gql [14318B] main/query.gql [5099B] \nI0918 23:33:44.448430    3170 collector.go:107] connector \"example\" javascriptSdk wrote into \"/Volumes/DATA UTAMA/DEVELOPER/madina-solution-production-final/src/dataconnect-generated\"\nGenerated sources: package.json [853B] react/package.json [460B] react/esm/package.json [17B] react/index.cjs.js [3439B] react/esm/index.esm.js [3269B] react/README.md [48281B] esm/index.esm.js [5375B] esm/package.json [17B] index.cjs.js [5919B] react/index.d.ts [3961B] .guides/config.json [236B] README.md [41217B] .guides/usage.md [3489B] .guides/setup.md [1682B] index.d.ts [8408B] \n"}}
[debug] [2026-09-18T16:33:44.495Z] I0918 23:33:44.476728    3170 installsdk.go:55] Package @dataconnect/generated is already installed. Skipping installation
I0918 23:33:44.476779    3170 load.go:109] Finished reloading
 {"metadata":{"emulator":{"name":"dataconnect"},"message":"I0918 23:33:44.476728    3170 installsdk.go:55] Package @dataconnect/generated is already installed. Skipping installation\nI0918 23:33:44.476779    3170 load.go:109] Finished reloading\n"}}
[debug] [2026-09-18T16:33:44.510Z] I0918 23:33:44.495907    3170 dev.go:101] Listening on address (HTTP + gRPC): 127.0.0.1:50001
 {"metadata":{"emulator":{"name":"dataconnect"},"message":"I0918 23:33:44.495907    3170 dev.go:101] Listening on address (HTTP + gRPC): 127.0.0.1:50001\n"}}
[debug] [2026-09-18T16:33:44.768Z] <<< [apiv2][status] GET https://firebase.googleapis.com/v1beta1/projects 200
[debug] [2026-09-18T16:33:44.771Z] <<< [apiv2][body] GET https://firebase.googleapis.com/v1beta1/projects [omitted]
[debug] [2026-09-18T16:33:45.326Z] I0918 23:33:45.147264    3170 engine.go:209] [projects/emulator/locations/emulator/services/madina-solution-production-final 3a89] ExecuteGraphqlRead query IntrospectionQuery: succeeded. 
 {"metadata":{"emulator":{"name":"dataconnect"},"message":"I0918 23:33:45.147264    3170 engine.go:209] [projects/emulator/locations/emulator/services/madina-solution-production-final 3a89] ExecuteGraphqlRead query IntrospectionQuery: succeeded. \n"}}
[debug] [2026-09-18T16:54:00.274Z] [Firebase Plugin] Activating Firebase extension.
[info] [Firebase Plugin] Unable to check firebase-tools installation: TypeError: fetch failed
[debug] [2026-09-18T16:54:31.933Z] [Firebase Plugin] requireAuthWrapper
[debug] [2026-09-18T16:54:31.986Z] > command requires scopes: ["email","openid","https://www.googleapis.com/auth/cloudplatformprojects.readonly","https://www.googleapis.com/auth/firebase","https://www.googleapis.com/auth/cloud-platform"]
[debug] [2026-09-18T16:54:31.988Z] > authorizing via signed-in user (perc.madina@gmail.com)
[debug] [2026-09-18T16:54:32.001Z] Checked if tokens are valid: true, expires at: 1789752821157
[debug] [2026-09-18T16:54:32.003Z] Checked if tokens are valid: true, expires at: 1789752821157
[debug] [2026-09-18T16:54:32.006Z] [Firebase Plugin] User found:  perc.madina@gmail.com
[info] [Firebase Plugin] (Core:Project) New user detected, fetching projects
[debug] [2026-09-18T16:54:32.019Z] Checked if tokens are valid: true, expires at: 1789752821157
[debug] [2026-09-18T16:54:32.025Z] >>> [apiv2][query] GET https://firebase.googleapis.com/v1beta1/projects pageSize=1000
[debug] [2026-09-18T16:54:32.171Z] [Firebase Plugin] VSCode notification server listening on port 40001
[info] [Firebase Plugin] Starting SQL Connect toolkit (version 3.4.16) on port 50002
[debug] [2026-09-18T16:54:39.990Z] I0918 23:54:39.949862    7092 control.go:100] [projects/emulator/locations/emulator/services/madina-solution-production-final 6cd6] UpdateResources(): done
Main schema: sources: schema/schema.gql [1992B] 
Connector "example": sources: example/mutations.gql [1243B] example/queries.gql [1801B] 
 {"metadata":{"emulator":{"name":"dataconnect"},"message":"I0918 23:54:39.949862    7092 control.go:100] [projects/emulator/locations/emulator/services/madina-solution-production-final 6cd6] UpdateResources(): done\nMain schema: sources: schema/schema.gql [1992B] \nConnector \"example\": sources: example/mutations.gql [1243B] example/queries.gql [1801B] \n"}}
[debug] [2026-09-18T16:54:39.991Z] Ignoring unsupported arg: auto_download {"metadata":{"emulator":{"name":"dataconnect"},"message":"Ignoring unsupported arg: auto_download"}}
[debug] [2026-09-18T16:54:39.992Z] Ignoring unsupported arg: port {"metadata":{"emulator":{"name":"dataconnect"},"message":"Ignoring unsupported arg: port"}}
[debug] [2026-09-18T16:54:39.992Z] Starting SQL Connect Emulator with command {"binary":"/Users/madina.solutions/.cache/firebase/emulators/dataconnect-emulator-3.4.16","args":["--logtostderr","-v=2","dev","--listen=localhost:50002","--config_dir=/Volumes/DATA UTAMA/DEVELOPER/madina-solution-production-final/dataconnect","--enable_output_schema_extensions=true","--enable_output_generated_sdk=true"],"optionalArgs":["listen","config_dir","enable_output_schema_extensions","enable_output_generated_sdk"],"joinArgs":true,"shell":false,"port":9399} {"metadata":{"emulator":{"name":"dataconnect"},"message":"Starting SQL Connect Emulator with command {\"binary\":\"/Users/madina.solutions/.cache/firebase/emulators/dataconnect-emulator-3.4.16\",\"args\":[\"--logtostderr\",\"-v=2\",\"dev\",\"--listen=localhost:50002\",\"--config_dir=/Volumes/DATA UTAMA/DEVELOPER/madina-solution-production-final/dataconnect\",\"--enable_output_schema_extensions=true\",\"--enable_output_generated_sdk=true\"],\"optionalArgs\":[\"listen\",\"config_dir\",\"enable_output_schema_extensions\",\"enable_output_generated_sdk\"],\"joinArgs\":true,\"shell\":false,\"port\":9399}"}}
[info] i  dataconnect: SQL Connect Emulator logging to dataconnect-debug.log {"metadata":{"emulator":{"name":"dataconnect"},"message":"SQL Connect Emulator logging to dataconnect-debug.log"}}
[debug] [2026-09-18T16:54:40.582Z] I0918 23:54:40.486304    7165 load.go:31] Reloading schema and connectors...
I0918 23:54:40.534963    7165 control.go:100] [projects/emulator/locations/emulator/services/madina-solution-production-final 3d64] UpdateResources(): done
Main schema: sources: schema/schema.gql [1992B] 
Connector "example": sources: example/mutations.gql [1243B] example/queries.gql [1801B] 
 {"metadata":{"emulator":{"name":"dataconnect"},"message":"I0918 23:54:40.486304    7165 load.go:31] Reloading schema and connectors...\nI0918 23:54:40.534963    7165 control.go:100] [projects/emulator/locations/emulator/services/madina-solution-production-final 3d64] UpdateResources(): done\nMain schema: sources: schema/schema.gql [1992B] \nConnector \"example\": sources: example/mutations.gql [1243B] example/queries.gql [1801B] \n"}}
[debug] [2026-09-18T16:54:41.201Z] I0918 23:54:41.061613    7165 codegen.go:101] [connector "example" javascriptSdk] Generating sources into "/Volumes/DATA UTAMA/DEVELOPER/madina-solution-production-final/src/dataconnect-generated"
 {"metadata":{"emulator":{"name":"dataconnect"},"message":"I0918 23:54:41.061613    7165 codegen.go:101] [connector \"example\" javascriptSdk] Generating sources into \"/Volumes/DATA UTAMA/DEVELOPER/madina-solution-production-final/src/dataconnect-generated\"\n"}}
[debug] [2026-09-18T16:54:41.269Z] I0918 23:54:41.188717    7165 collector.go:107] schema extensions wrote into "/Volumes/DATA UTAMA/DEVELOPER/madina-solution-production-final/dataconnect/.dataconnect/schema"
Generated sources: prelude.gql [84995B] main/implicit.gql [1261B] main/input.gql [29309B] main/relation.gql [14318B] main/query.gql [5099B] main/mutation.gql [13679B] 
 {"metadata":{"emulator":{"name":"dataconnect"},"message":"I0918 23:54:41.188717    7165 collector.go:107] schema extensions wrote into \"/Volumes/DATA UTAMA/DEVELOPER/madina-solution-production-final/dataconnect/.dataconnect/schema\"\nGenerated sources: prelude.gql [84995B] main/implicit.gql [1261B] main/input.gql [29309B] main/relation.gql [14318B] main/query.gql [5099B] main/mutation.gql [13679B] \n"}}
[debug] [2026-09-18T16:54:41.460Z] I0918 23:54:41.272968    7165 collector.go:107] connector "example" javascriptSdk wrote into "/Volumes/DATA UTAMA/DEVELOPER/madina-solution-production-final/src/dataconnect-generated"
Generated sources: react/index.d.ts [3961B] react/README.md [48281B] .guides/setup.md [1682B] .guides/config.json [236B] esm/index.esm.js [5375B] esm/package.json [17B] README.md [41217B] react/index.cjs.js [3439B] react/esm/index.esm.js [3269B] index.d.ts [8408B] react/package.json [460B] react/esm/package.json [17B] .guides/usage.md [3489B] index.cjs.js [5919B] package.json [853B] 
 {"metadata":{"emulator":{"name":"dataconnect"},"message":"I0918 23:54:41.272968    7165 collector.go:107] connector \"example\" javascriptSdk wrote into \"/Volumes/DATA UTAMA/DEVELOPER/madina-solution-production-final/src/dataconnect-generated\"\nGenerated sources: react/index.d.ts [3961B] react/README.md [48281B] .guides/setup.md [1682B] .guides/config.json [236B] esm/index.esm.js [5375B] esm/package.json [17B] README.md [41217B] react/index.cjs.js [3439B] react/esm/index.esm.js [3269B] index.d.ts [8408B] react/package.json [460B] react/esm/package.json [17B] .guides/usage.md [3489B] index.cjs.js [5919B] package.json [853B] \n"}}
[debug] [2026-09-18T16:54:41.730Z] I0918 23:54:41.632371    7165 installsdk.go:55] Package @dataconnect/generated is already installed. Skipping installation
I0918 23:54:41.632420    7165 load.go:109] Finished reloading
I0918 23:54:41.691990    7165 dev.go:101] Listening on address (HTTP + gRPC): 127.0.0.1:50002
 {"metadata":{"emulator":{"name":"dataconnect"},"message":"I0918 23:54:41.632371    7165 installsdk.go:55] Package @dataconnect/generated is already installed. Skipping installation\nI0918 23:54:41.632420    7165 load.go:109] Finished reloading\nI0918 23:54:41.691990    7165 dev.go:101] Listening on address (HTTP + gRPC): 127.0.0.1:50002\n"}}
[debug] [2026-09-18T16:54:52.212Z] *** [apiv2] error from fetch(https://firebase.googleapis.com/v1beta1/projects?pageSize=1000, {"headers":{},"method":"GET","signal":{}}): ConnectTimeoutError: Connect Timeout Error (attempted address: firebase.googleapis.com:443, timeout: 10000ms)
[debug] [2026-09-18T16:54:52.213Z] Failed to make request to https://firebase.googleapis.com/v1beta1/projects?pageSize=1000
[info] [Firebase Plugin] Stopping SQL Connect toolkit
[warn] ⚠  SQL Connect Emulator has exited upon receiving signal: SIGINT 
[debug] [2026-09-18T17:10:21.775Z] [Firebase Plugin] Activating Firebase extension.
[debug] [2026-09-18T17:11:02.985Z] [Firebase Plugin] requireAuthWrapper
[debug] [2026-09-18T17:11:02.986Z] > command requires scopes: ["email","openid","https://www.googleapis.com/auth/cloudplatformprojects.readonly","https://www.googleapis.com/auth/firebase","https://www.googleapis.com/auth/cloud-platform"]
[debug] [2026-09-18T17:11:02.987Z] > authorizing via signed-in user (perc.madina@gmail.com)
[debug] [2026-09-18T17:11:02.990Z] Checked if tokens are valid: true, expires at: 1789752821157
[debug] [2026-09-18T17:11:02.991Z] Checked if tokens are valid: true, expires at: 1789752821157
[debug] [2026-09-18T17:11:02.991Z] [Firebase Plugin] User found:  perc.madina@gmail.com
[info] [Firebase Plugin] (Core:Project) New user detected, fetching projects
[debug] [2026-09-18T17:11:02.993Z] Checked if tokens are valid: true, expires at: 1789752821157
[debug] [2026-09-18T17:11:02.995Z] >>> [apiv2][query] GET https://firebase.googleapis.com/v1beta1/projects pageSize=1000
[debug] [2026-09-18T17:11:03.994Z] [Firebase Plugin] VSCode notification server listening on port 40001
[debug] [2026-09-18T17:11:07.798Z] <<< [apiv2][status] GET https://firebase.googleapis.com/v1beta1/projects 200
[debug] [2026-09-18T17:11:07.799Z] <<< [apiv2][body] GET https://firebase.googleapis.com/v1beta1/projects [omitted]
[info] [Firebase Plugin] Starting SQL Connect toolkit (version 3.4.16) on port 50001
[debug] [2026-09-18T17:11:09.825Z] I0919 00:11:09.804882    3458 control.go:100] [projects/emulator/locations/emulator/services/madina-solution-production-final e48d] UpdateResources(): done
Main schema: sources: schema/schema.gql [1992B] 
Connector "example": sources: example/queries.gql [1801B] example/mutations.gql [1243B] 
 {"metadata":{"emulator":{"name":"dataconnect"},"message":"I0919 00:11:09.804882    3458 control.go:100] [projects/emulator/locations/emulator/services/madina-solution-production-final e48d] UpdateResources(): done\nMain schema: sources: schema/schema.gql [1992B] \nConnector \"example\": sources: example/queries.gql [1801B] example/mutations.gql [1243B] \n"}}
[debug] [2026-09-18T17:11:09.826Z] Ignoring unsupported arg: auto_download {"metadata":{"emulator":{"name":"dataconnect"},"message":"Ignoring unsupported arg: auto_download"}}
[debug] [2026-09-18T17:11:09.826Z] Ignoring unsupported arg: port {"metadata":{"emulator":{"name":"dataconnect"},"message":"Ignoring unsupported arg: port"}}
[debug] [2026-09-18T17:11:09.827Z] Starting SQL Connect Emulator with command {"binary":"/Users/madina.solutions/.cache/firebase/emulators/dataconnect-emulator-3.4.16","args":["--logtostderr","-v=2","dev","--listen=localhost:50001","--config_dir=/Volumes/DATA UTAMA/DEVELOPER/madina-solution-production-final/dataconnect","--enable_output_schema_extensions=true","--enable_output_generated_sdk=true"],"optionalArgs":["listen","config_dir","enable_output_schema_extensions","enable_output_generated_sdk"],"joinArgs":true,"shell":false,"port":9399} {"metadata":{"emulator":{"name":"dataconnect"},"message":"Starting SQL Connect Emulator with command {\"binary\":\"/Users/madina.solutions/.cache/firebase/emulators/dataconnect-emulator-3.4.16\",\"args\":[\"--logtostderr\",\"-v=2\",\"dev\",\"--listen=localhost:50001\",\"--config_dir=/Volumes/DATA UTAMA/DEVELOPER/madina-solution-production-final/dataconnect\",\"--enable_output_schema_extensions=true\",\"--enable_output_generated_sdk=true\"],\"optionalArgs\":[\"listen\",\"config_dir\",\"enable_output_schema_extensions\",\"enable_output_generated_sdk\"],\"joinArgs\":true,\"shell\":false,\"port\":9399}"}}
[info] i  dataconnect: SQL Connect Emulator logging to dataconnect-debug.log {"metadata":{"emulator":{"name":"dataconnect"},"message":"SQL Connect Emulator logging to dataconnect-debug.log"}}
[debug] [2026-09-18T17:11:10.437Z] I0919 00:11:10.307775    3460 load.go:31] Reloading schema and connectors...
I0919 00:11:10.372931    3460 control.go:100] [projects/emulator/locations/emulator/services/madina-solution-production-final 7dfa] UpdateResources(): done
Main schema: sources: schema/schema.gql [1992B] 
Connector "example": sources: example/mutations.gql [1243B] example/queries.gql [1801B] 
 {"metadata":{"emulator":{"name":"dataconnect"},"message":"I0919 00:11:10.307775    3460 load.go:31] Reloading schema and connectors...\nI0919 00:11:10.372931    3460 control.go:100] [projects/emulator/locations/emulator/services/madina-solution-production-final 7dfa] UpdateResources(): done\nMain schema: sources: schema/schema.gql [1992B] \nConnector \"example\": sources: example/mutations.gql [1243B] example/queries.gql [1801B] \n"}}
[debug] [2026-09-18T17:11:10.832Z] I0919 00:11:10.826390    3460 codegen.go:101] [connector "example" javascriptSdk] Generating sources into "/Volumes/DATA UTAMA/DEVELOPER/madina-solution-production-final/src/dataconnect-generated"
 {"metadata":{"emulator":{"name":"dataconnect"},"message":"I0919 00:11:10.826390    3460 codegen.go:101] [connector \"example\" javascriptSdk] Generating sources into \"/Volumes/DATA UTAMA/DEVELOPER/madina-solution-production-final/src/dataconnect-generated\"\n"}}
[debug] [2026-09-18T17:11:11.203Z] I0919 00:11:11.175220    3460 collector.go:107] schema extensions wrote into "/Volumes/DATA UTAMA/DEVELOPER/madina-solution-production-final/dataconnect/.dataconnect/schema"
Generated sources: main/relation.gql [14318B] main/query.gql [5099B] prelude.gql [84995B] main/mutation.gql [13679B] main/implicit.gql [1261B] main/input.gql [29309B] 
I0919 00:11:11.181209    3460 collector.go:107] connector "example" javascriptSdk wrote into "/Volumes/DATA UTAMA/DEVELOPER/madina-solution-production-final/src/dataconnect-generated"
Generated sources: .guides/setup.md [1682B] esm/index.esm.js [5375B] index.cjs.js [5919B] package.json [853B] react/esm/package.json [17B] react/index.d.ts [3961B] react/index.cjs.js [3439B] react/README.md [48281B] .guides/usage.md [3489B] .guides/config.json [236B] index.d.ts [8408B] esm/package.json [17B] react/package.json [460B] react/esm/index.esm.js [3269B] README.md [41217B] 
I0919 00:11:11.199409    3460 installsdk.go:55] Package @dataconnect/generated is already installed. Skipping installation
I0919 00:11:11.199488    3460 load.go:109] Finished reloading
 {"metadata":{"emulator":{"name":"dataconnect"},"message":"I0919 00:11:11.175220    3460 collector.go:107] schema extensions wrote into \"/Volumes/DATA UTAMA/DEVELOPER/madina-solution-production-final/dataconnect/.dataconnect/schema\"\nGenerated sources: main/relation.gql [14318B] main/query.gql [5099B] prelude.gql [84995B] main/mutation.gql [13679B] main/implicit.gql [1261B] main/input.gql [29309B] \nI0919 00:11:11.181209    3460 collector.go:107] connector \"example\" javascriptSdk wrote into \"/Volumes/DATA UTAMA/DEVELOPER/madina-solution-production-final/src/dataconnect-generated\"\nGenerated sources: .guides/setup.md [1682B] esm/index.esm.js [5375B] index.cjs.js [5919B] package.json [853B] react/esm/package.json [17B] react/index.d.ts [3961B] react/index.cjs.js [3439B] react/README.md [48281B] .guides/usage.md [3489B] .guides/config.json [236B] index.d.ts [8408B] esm/package.json [17B] react/package.json [460B] react/esm/index.esm.js [3269B] README.md [41217B] \nI0919 00:11:11.199409    3460 installsdk.go:55] Package @dataconnect/generated is already installed. Skipping installation\nI0919 00:11:11.199488    3460 load.go:109] Finished reloading\n"}}
[debug] [2026-09-18T17:11:11.229Z] I0919 00:11:11.212260    3460 dev.go:101] Listening on address (HTTP + gRPC): 127.0.0.1:50001
 {"metadata":{"emulator":{"name":"dataconnect"},"message":"I0919 00:11:11.212260    3460 dev.go:101] Listening on address (HTTP + gRPC): 127.0.0.1:50001\n"}}
[debug] [2026-09-19T10:23:23.593Z] [Firebase Plugin] Activating Firebase extension.
[debug] [2026-09-19T10:23:59.852Z] [Firebase Plugin] requireAuthWrapper
[debug] [2026-09-19T10:23:59.853Z] > command requires scopes: ["email","openid","https://www.googleapis.com/auth/cloudplatformprojects.readonly","https://www.googleapis.com/auth/firebase","https://www.googleapis.com/auth/cloud-platform"]
[debug] [2026-09-19T10:23:59.854Z] > authorizing via signed-in user (perc.madina@gmail.com)
[debug] [2026-09-19T10:23:59.857Z] Checked if tokens are valid: true, expires at: 1789816919200
[debug] [2026-09-19T10:23:59.858Z] Checked if tokens are valid: true, expires at: 1789816919200
[debug] [2026-09-19T10:23:59.859Z] [Firebase Plugin] User found:  perc.madina@gmail.com
[info] [Firebase Plugin] (Core:Project) New user detected, fetching projects
[debug] [2026-09-19T10:23:59.862Z] Checked if tokens are valid: true, expires at: 1789816919200
[debug] [2026-09-19T10:23:59.865Z] >>> [apiv2][query] GET https://firebase.googleapis.com/v1beta1/projects pageSize=1000
[debug] [2026-09-19T10:24:00.976Z] [Firebase Plugin] VSCode notification server listening on port 40001
[info] [Firebase Plugin] Starting SQL Connect toolkit (version 3.4.16) on port 50001
[debug] [2026-09-19T10:24:03.908Z] I0919 17:24:03.882931    3937 control.go:100] [projects/emulator/locations/emulator/services/madina-solution-production-final b2a6] UpdateResources(): done
Main schema: sources: schema/schema.gql [1992B] 
Connector "example": sources: example/mutations.gql [1243B] example/queries.gql [1801B] 
 {"metadata":{"emulator":{"name":"dataconnect"},"message":"I0919 17:24:03.882931    3937 control.go:100] [projects/emulator/locations/emulator/services/madina-solution-production-final b2a6] UpdateResources(): done\nMain schema: sources: schema/schema.gql [1992B] \nConnector \"example\": sources: example/mutations.gql [1243B] example/queries.gql [1801B] \n"}}
[debug] [2026-09-19T10:24:03.909Z] Ignoring unsupported arg: auto_download {"metadata":{"emulator":{"name":"dataconnect"},"message":"Ignoring unsupported arg: auto_download"}}
[debug] [2026-09-19T10:24:03.909Z] Ignoring unsupported arg: port {"metadata":{"emulator":{"name":"dataconnect"},"message":"Ignoring unsupported arg: port"}}
[debug] [2026-09-19T10:24:03.909Z] Starting SQL Connect Emulator with command {"binary":"/Users/madina.solutions/.cache/firebase/emulators/dataconnect-emulator-3.4.16","args":["--logtostderr","-v=2","dev","--listen=localhost:50001","--config_dir=/Volumes/DATA UTAMA/DEVELOPER/madina-solution-production-final/dataconnect","--enable_output_schema_extensions=true","--enable_output_generated_sdk=true"],"optionalArgs":["listen","config_dir","enable_output_schema_extensions","enable_output_generated_sdk"],"joinArgs":true,"shell":false,"port":9399} {"metadata":{"emulator":{"name":"dataconnect"},"message":"Starting SQL Connect Emulator with command {\"binary\":\"/Users/madina.solutions/.cache/firebase/emulators/dataconnect-emulator-3.4.16\",\"args\":[\"--logtostderr\",\"-v=2\",\"dev\",\"--listen=localhost:50001\",\"--config_dir=/Volumes/DATA UTAMA/DEVELOPER/madina-solution-production-final/dataconnect\",\"--enable_output_schema_extensions=true\",\"--enable_output_generated_sdk=true\"],\"optionalArgs\":[\"listen\",\"config_dir\",\"enable_output_schema_extensions\",\"enable_output_generated_sdk\"],\"joinArgs\":true,\"shell\":false,\"port\":9399}"}}
[info] i  dataconnect: SQL Connect Emulator logging to dataconnect-debug.log {"metadata":{"emulator":{"name":"dataconnect"},"message":"SQL Connect Emulator logging to dataconnect-debug.log"}}
[debug] [2026-09-19T10:24:04.453Z] <<< [apiv2][status] GET https://firebase.googleapis.com/v1beta1/projects 200
[debug] [2026-09-19T10:24:04.455Z] <<< [apiv2][body] GET https://firebase.googleapis.com/v1beta1/projects [omitted]
[debug] [2026-09-19T10:24:05.534Z] I0919 17:24:05.002052    4119 load.go:31] Reloading schema and connectors...
I0919 17:24:05.214316    4119 control.go:100] [projects/emulator/locations/emulator/services/madina-solution-production-final eb55] UpdateResources(): done
Main schema: sources: schema/schema.gql [1992B] 
Connector "example": sources: example/mutations.gql [1243B] example/queries.gql [1801B] 
I0919 17:24:05.286320    4119 codegen.go:101] [connector "example" javascriptSdk] Generating sources into "/Volumes/DATA UTAMA/DEVELOPER/madina-solution-production-final/src/dataconnect-generated"
I0919 17:24:05.311368    4119 collector.go:107] schema extensions wrote into "/Volumes/DATA UTAMA/DEVELOPER/madina-solution-production-final/dataconnect/.dataconnect/schema"
Generated sources: main/query.gql [5099B] main/mutation.gql [13679B] prelude.gql [84995B] main/implicit.gql [1261B] main/input.gql [29309B] main/relation.gql [14318B] 
I0919 17:24:05.371869    4119 collector.go:107] connector "example" javascriptSdk wrote into "/Volumes/DATA UTAMA/DEVELOPER/madina-solution-production-final/src/dataconnect-generated"
Generated sources: index.cjs.js [5919B] package.json [853B] README.md [41217B] react/index.d.ts [3961B] react/index.cjs.js [3439B] .guides/setup.md [1682B] .guides/config.json [236B] esm/index.esm.js [5375B] esm/package.json [17B] react/package.json [460B] react/README.md [48281B] index.d.ts [8408B] react/esm/index.esm.js [3269B] react/esm/package.json [17B] .guides/usage.md [3489B] 
I0919 17:24:05.376204    4119 installsdk.go:86] Running command: /Users/madina.solutions/.nvm/versions/node/v22.23.2/bin/npm install file:src/dataconnect-generated
 {"metadata":{"emulator":{"name":"dataconnect"},"message":"I0919 17:24:05.002052    4119 load.go:31] Reloading schema and connectors...\nI0919 17:24:05.214316    4119 control.go:100] [projects/emulator/locations/emulator/services/madina-solution-production-final eb55] UpdateResources(): done\nMain schema: sources: schema/schema.gql [1992B] \nConnector \"example\": sources: example/mutations.gql [1243B] example/queries.gql [1801B] \nI0919 17:24:05.286320    4119 codegen.go:101] [connector \"example\" javascriptSdk] Generating sources into \"/Volumes/DATA UTAMA/DEVELOPER/madina-solution-production-final/src/dataconnect-generated\"\nI0919 17:24:05.311368    4119 collector.go:107] schema extensions wrote into \"/Volumes/DATA UTAMA/DEVELOPER/madina-solution-production-final/dataconnect/.dataconnect/schema\"\nGenerated sources: main/query.gql [5099B] main/mutation.gql [13679B] prelude.gql [84995B] main/implicit.gql [1261B] main/input.gql [29309B] main/relation.gql [14318B] \nI0919 17:24:05.371869    4119 collector.go:107] connector \"example\" javascriptSdk wrote into \"/Volumes/DATA UTAMA/DEVELOPER/madina-solution-production-final/src/dataconnect-generated\"\nGenerated sources: index.cjs.js [5919B] package.json [853B] README.md [41217B] react/index.d.ts [3961B] react/index.cjs.js [3439B] .guides/setup.md [1682B] .guides/config.json [236B] esm/index.esm.js [5375B] esm/package.json [17B] react/package.json [460B] react/README.md [48281B] index.d.ts [8408B] react/esm/index.esm.js [3269B] react/esm/package.json [17B] .guides/usage.md [3489B] \nI0919 17:24:05.376204    4119 installsdk.go:86] Running command: /Users/madina.solutions/.nvm/versions/node/v22.23.2/bin/npm install file:src/dataconnect-generated\n"}}
[debug] [2026-09-19T10:25:14.836Z] I0919 17:24:50.834682    4119 load.go:109] Finished reloading
I0919 17:24:50.919906    4119 dev.go:101] Listening on address (HTTP + gRPC): 127.0.0.1:50001
 {"metadata":{"emulator":{"name":"dataconnect"},"message":"I0919 17:24:50.834682    4119 load.go:109] Finished reloading\nI0919 17:24:50.919906    4119 dev.go:101] Listening on address (HTTP + gRPC): 127.0.0.1:50001\n"}}
[info] [Firebase Plugin] Stopping SQL Connect toolkit
[warn] ⚠  SQL Connect Emulator has exited upon receiving signal: SIGINT 
[debug] [2026-09-19T10:51:42.225Z] [Firebase Plugin] Activating Firebase extension.
[debug] [2026-09-19T10:52:06.844Z] [Firebase Plugin] requireAuthWrapper
[debug] [2026-09-19T10:52:06.845Z] > command requires scopes: ["email","openid","https://www.googleapis.com/auth/cloudplatformprojects.readonly","https://www.googleapis.com/auth/firebase","https://www.googleapis.com/auth/cloud-platform"]
[debug] [2026-09-19T10:52:06.846Z] > authorizing via signed-in user (perc.madina@gmail.com)
[debug] [2026-09-19T10:52:06.849Z] Checked if tokens are valid: true, expires at: 1789816919200
[debug] [2026-09-19T10:52:06.850Z] Checked if tokens are valid: true, expires at: 1789816919200
[debug] [2026-09-19T10:52:06.850Z] [Firebase Plugin] User found:  perc.madina@gmail.com
[info] [Firebase Plugin] (Core:Project) New user detected, fetching projects
[debug] [2026-09-19T10:52:06.851Z] Checked if tokens are valid: true, expires at: 1789816919200
[debug] [2026-09-19T10:52:06.853Z] >>> [apiv2][query] GET https://firebase.googleapis.com/v1beta1/projects pageSize=1000
[debug] [2026-09-19T10:52:08.010Z] [Firebase Plugin] VSCode notification server listening on port 40001
[info] [Firebase Plugin] Starting SQL Connect toolkit (version 3.4.16) on port 50001
[debug] [2026-09-19T10:52:14.583Z] I0919 17:52:14.547808    8712 control.go:100] [projects/emulator/locations/emulator/services/madina-solution-production-final 27fd] UpdateResources(): done
Main schema: sources: schema/schema.gql [1992B] 
Connector "example": sources: example/mutations.gql [1243B] example/queries.gql [1801B] 
 {"metadata":{"emulator":{"name":"dataconnect"},"message":"I0919 17:52:14.547808    8712 control.go:100] [projects/emulator/locations/emulator/services/madina-solution-production-final 27fd] UpdateResources(): done\nMain schema: sources: schema/schema.gql [1992B] \nConnector \"example\": sources: example/mutations.gql [1243B] example/queries.gql [1801B] \n"}}
[debug] [2026-09-19T10:52:14.584Z] Ignoring unsupported arg: auto_download {"metadata":{"emulator":{"name":"dataconnect"},"message":"Ignoring unsupported arg: auto_download"}}
[debug] [2026-09-19T10:52:14.585Z] Ignoring unsupported arg: port {"metadata":{"emulator":{"name":"dataconnect"},"message":"Ignoring unsupported arg: port"}}
[debug] [2026-09-19T10:52:14.585Z] Starting SQL Connect Emulator with command {"binary":"/Users/madina.solutions/.cache/firebase/emulators/dataconnect-emulator-3.4.16","args":["--logtostderr","-v=2","dev","--listen=localhost:50001","--config_dir=/Volumes/DATA UTAMA/DEVELOPER/madina-solution-production-final/dataconnect","--enable_output_schema_extensions=true","--enable_output_generated_sdk=true"],"optionalArgs":["listen","config_dir","enable_output_schema_extensions","enable_output_generated_sdk"],"joinArgs":true,"shell":false,"port":9399} {"metadata":{"emulator":{"name":"dataconnect"},"message":"Starting SQL Connect Emulator with command {\"binary\":\"/Users/madina.solutions/.cache/firebase/emulators/dataconnect-emulator-3.4.16\",\"args\":[\"--logtostderr\",\"-v=2\",\"dev\",\"--listen=localhost:50001\",\"--config_dir=/Volumes/DATA UTAMA/DEVELOPER/madina-solution-production-final/dataconnect\",\"--enable_output_schema_extensions=true\",\"--enable_output_generated_sdk=true\"],\"optionalArgs\":[\"listen\",\"config_dir\",\"enable_output_schema_extensions\",\"enable_output_generated_sdk\"],\"joinArgs\":true,\"shell\":false,\"port\":9399}"}}
[info] i  dataconnect: SQL Connect Emulator logging to dataconnect-debug.log {"metadata":{"emulator":{"name":"dataconnect"},"message":"SQL Connect Emulator logging to dataconnect-debug.log"}}
[debug] [2026-09-19T10:52:21.091Z] I0919 17:52:15.024787    8918 load.go:31] Reloading schema and connectors...
I0919 17:52:15.070289    8918 control.go:100] [projects/emulator/locations/emulator/services/madina-solution-production-final 04c0] UpdateResources(): done
Main schema: sources: schema/schema.gql [1992B] 
Connector "example": sources: example/queries.gql [1801B] example/mutations.gql [1243B] 
I0919 17:52:15.113289    8918 codegen.go:101] [connector "example" javascriptSdk] Generating sources into "/Volumes/DATA UTAMA/DEVELOPER/madina-solution-production-final/src/dataconnect-generated"
I0919 17:52:15.183054    8918 collector.go:107] schema extensions wrote into "/Volumes/DATA UTAMA/DEVELOPER/madina-solution-production-final/dataconnect/.dataconnect/schema"
Generated sources: main/input.gql [29309B] main/relation.gql [14318B] prelude.gql [84995B] main/query.gql [5099B] main/mutation.gql [13679B] main/implicit.gql [1261B] 
I0919 17:52:15.186408    8918 collector.go:107] connector "example" javascriptSdk wrote into "/Volumes/DATA UTAMA/DEVELOPER/madina-solution-production-final/src/dataconnect-generated"
Generated sources: .guides/usage.md [3489B] index.d.ts [8408B] index.cjs.js [5919B] README.md [41217B] .guides/config.json [236B] esm/package.json [17B] react/index.cjs.js [3439B] react/esm/index.esm.js [3269B] esm/index.esm.js [5375B] package.json [853B] react/package.json [460B] react/esm/package.json [17B] react/README.md [48281B] react/index.d.ts [3961B] .guides/setup.md [1682B] 
I0919 17:52:15.190196    8918 installsdk.go:55] Package @dataconnect/generated is already installed. Skipping installation
I0919 17:52:15.190243    8918 load.go:109] Finished reloading
I0919 17:52:15.207935    8918 dev.go:101] Listening on address (HTTP + gRPC): 127.0.0.1:50001
 {"metadata":{"emulator":{"name":"dataconnect"},"message":"I0919 17:52:15.024787    8918 load.go:31] Reloading schema and connectors...\nI0919 17:52:15.070289    8918 control.go:100] [projects/emulator/locations/emulator/services/madina-solution-production-final 04c0] UpdateResources(): done\nMain schema: sources: schema/schema.gql [1992B] \nConnector \"example\": sources: example/queries.gql [1801B] example/mutations.gql [1243B] \nI0919 17:52:15.113289    8918 codegen.go:101] [connector \"example\" javascriptSdk] Generating sources into \"/Volumes/DATA UTAMA/DEVELOPER/madina-solution-production-final/src/dataconnect-generated\"\nI0919 17:52:15.183054    8918 collector.go:107] schema extensions wrote into \"/Volumes/DATA UTAMA/DEVELOPER/madina-solution-production-final/dataconnect/.dataconnect/schema\"\nGenerated sources: main/input.gql [29309B] main/relation.gql [14318B] prelude.gql [84995B] main/query.gql [5099B] main/mutation.gql [13679B] main/implicit.gql [1261B] \nI0919 17:52:15.186408    8918 collector.go:107] connector \"example\" javascriptSdk wrote into \"/Volumes/DATA UTAMA/DEVELOPER/madina-solution-production-final/src/dataconnect-generated\"\nGenerated sources: .guides/usage.md [3489B] index.d.ts [8408B] index.cjs.js [5919B] README.md [41217B] .guides/config.json [236B] esm/package.json [17B] react/index.cjs.js [3439B] react/esm/index.esm.js [3269B] esm/index.esm.js [5375B] package.json [853B] react/package.json [460B] react/esm/package.json [17B] react/README.md [48281B] react/index.d.ts [3961B] .guides/setup.md [1682B] \nI0919 17:52:15.190196    8918 installsdk.go:55] Package @dataconnect/generated is already installed. Skipping installation\nI0919 17:52:15.190243    8918 load.go:109] Finished reloading\nI0919 17:52:15.207935    8918 dev.go:101] Listening on address (HTTP + gRPC): 127.0.0.1:50001\n"}}
[debug] [2026-09-19T10:52:22.239Z] <<< [apiv2][status] GET https://firebase.googleapis.com/v1beta1/projects 200
[debug] [2026-09-19T10:52:22.239Z] <<< [apiv2][body] GET https://firebase.googleapis.com/v1beta1/projects [omitted]
[debug] [2026-09-19T10:52:27.063Z] I0919 17:52:27.000426    8918 engine.go:209] [projects/emulator/locations/emulator/services/madina-solution-production-final 04c0] ExecuteGraphqlRead query IntrospectionQuery: succeeded. 
 {"metadata":{"emulator":{"name":"dataconnect"},"message":"I0919 17:52:27.000426    8918 engine.go:209] [projects/emulator/locations/emulator/services/madina-solution-production-final 04c0] ExecuteGraphqlRead query IntrospectionQuery: succeeded. \n"}}
[info] [Firebase Plugin] Stopping SQL Connect toolkit
[warn] ⚠  SQL Connect Emulator has exited upon receiving signal: SIGINT 
[debug] [2026-09-20T15:51:46.269Z] [Firebase Plugin] Activating Firebase extension.
[debug] [2026-09-20T15:52:27.527Z] [Firebase Plugin] requireAuthWrapper
[debug] [2026-09-20T15:52:27.529Z] > command requires scopes: ["email","openid","https://www.googleapis.com/auth/cloudplatformprojects.readonly","https://www.googleapis.com/auth/firebase","https://www.googleapis.com/auth/cloud-platform"]
[debug] [2026-09-20T15:52:27.529Z] > authorizing via signed-in user (perc.madina@gmail.com)
[debug] [2026-09-20T15:52:27.534Z] Checked if tokens are valid: true, expires at: 1789922964139
[debug] [2026-09-20T15:52:27.534Z] Checked if tokens are valid: true, expires at: 1789922964139
[debug] [2026-09-20T15:52:27.535Z] [Firebase Plugin] User found:  perc.madina@gmail.com
[info] [Firebase Plugin] (Core:Project) New user detected, fetching projects
[debug] [2026-09-20T15:52:27.536Z] Checked if tokens are valid: true, expires at: 1789922964139
[debug] [2026-09-20T15:52:27.538Z] >>> [apiv2][query] GET https://firebase.googleapis.com/v1beta1/projects pageSize=1000
[debug] [2026-09-20T15:52:27.847Z] [Firebase Plugin] VSCode notification server listening on port 40001
[debug] [2026-09-20T15:52:31.844Z] <<< [apiv2][status] GET https://firebase.googleapis.com/v1beta1/projects 200
[debug] [2026-09-20T15:52:31.845Z] <<< [apiv2][body] GET https://firebase.googleapis.com/v1beta1/projects [omitted]
[info] [Firebase Plugin] Starting SQL Connect toolkit (version 3.4.16) on port 50001
[debug] [2026-09-20T15:52:35.744Z] I0920 22:52:35.394369   10062 control.go:100] [projects/emulator/locations/emulator/services/madina-solution-production-final 0b7a] UpdateResources(): done
Main schema: sources: schema/schema.gql [1992B] 
Connector "example": sources: example/mutations.gql [1243B] example/queries.gql [1801B] 
 {"metadata":{"emulator":{"name":"dataconnect"},"message":"I0920 22:52:35.394369   10062 control.go:100] [projects/emulator/locations/emulator/services/madina-solution-production-final 0b7a] UpdateResources(): done\nMain schema: sources: schema/schema.gql [1992B] \nConnector \"example\": sources: example/mutations.gql [1243B] example/queries.gql [1801B] \n"}}
[debug] [2026-09-20T15:52:35.746Z] Ignoring unsupported arg: auto_download {"metadata":{"emulator":{"name":"dataconnect"},"message":"Ignoring unsupported arg: auto_download"}}
[debug] [2026-09-20T15:52:35.747Z] Ignoring unsupported arg: port {"metadata":{"emulator":{"name":"dataconnect"},"message":"Ignoring unsupported arg: port"}}
[debug] [2026-09-20T15:52:35.748Z] Starting SQL Connect Emulator with command {"binary":"/Users/madina.solutions/.cache/firebase/emulators/dataconnect-emulator-3.4.16","args":["--logtostderr","-v=2","dev","--listen=localhost:50001","--config_dir=/Volumes/DATA UTAMA/DEVELOPER/madina-solution-production-final/dataconnect","--enable_output_schema_extensions=true","--enable_output_generated_sdk=true"],"optionalArgs":["listen","config_dir","enable_output_schema_extensions","enable_output_generated_sdk"],"joinArgs":true,"shell":false,"port":9399} {"metadata":{"emulator":{"name":"dataconnect"},"message":"Starting SQL Connect Emulator with command {\"binary\":\"/Users/madina.solutions/.cache/firebase/emulators/dataconnect-emulator-3.4.16\",\"args\":[\"--logtostderr\",\"-v=2\",\"dev\",\"--listen=localhost:50001\",\"--config_dir=/Volumes/DATA UTAMA/DEVELOPER/madina-solution-production-final/dataconnect\",\"--enable_output_schema_extensions=true\",\"--enable_output_generated_sdk=true\"],\"optionalArgs\":[\"listen\",\"config_dir\",\"enable_output_schema_extensions\",\"enable_output_generated_sdk\"],\"joinArgs\":true,\"shell\":false,\"port\":9399}"}}
[info] i  dataconnect: SQL Connect Emulator logging to dataconnect-debug.log {"metadata":{"emulator":{"name":"dataconnect"},"message":"SQL Connect Emulator logging to dataconnect-debug.log"}}
[debug] [2026-09-20T15:52:37.970Z] I0920 22:52:35.901430   10321 load.go:31] Reloading schema and connectors...
I0920 22:52:35.928015   10321 control.go:100] [projects/emulator/locations/emulator/services/madina-solution-production-final 24c1] UpdateResources(): done
Main schema: sources: schema/schema.gql [1992B] 
Connector "example": sources: example/mutations.gql [1243B] example/queries.gql [1801B] 
I0920 22:52:35.971521   10321 codegen.go:101] [connector "example" javascriptSdk] Generating sources into "/Volumes/DATA UTAMA/DEVELOPER/madina-solution-production-final/src/dataconnect-generated"
I0920 22:52:36.049591   10321 collector.go:107] schema extensions wrote into "/Volumes/DATA UTAMA/DEVELOPER/madina-solution-production-final/dataconnect/.dataconnect/schema"
Generated sources: prelude.gql [84995B] main/implicit.gql [1261B] main/input.gql [29309B] main/relation.gql [14318B] main/query.gql [5099B] main/mutation.gql [13679B] 
I0920 22:52:36.059224   10321 collector.go:107] connector "example" javascriptSdk wrote into "/Volumes/DATA UTAMA/DEVELOPER/madina-solution-production-final/src/dataconnect-generated"
Generated sources: esm/package.json [17B] react/index.d.ts [3961B] react/package.json [460B] react/index.cjs.js [3439B] react/esm/index.esm.js [3269B] esm/index.esm.js [5375B] index.cjs.js [5919B] package.json [853B] react/esm/package.json [17B] react/README.md [48281B] index.d.ts [8408B] README.md [41217B] .guides/usage.md [3489B] .guides/setup.md [1682B] .guides/config.json [236B] 
I0920 22:52:36.081443   10321 installsdk.go:86] Running command: /Users/madina.solutions/.nvm/versions/node/v22.23.2/bin/npm install file:src/dataconnect-generated
 {"metadata":{"emulator":{"name":"dataconnect"},"message":"I0920 22:52:35.901430   10321 load.go:31] Reloading schema and connectors...\nI0920 22:52:35.928015   10321 control.go:100] [projects/emulator/locations/emulator/services/madina-solution-production-final 24c1] UpdateResources(): done\nMain schema: sources: schema/schema.gql [1992B] \nConnector \"example\": sources: example/mutations.gql [1243B] example/queries.gql [1801B] \nI0920 22:52:35.971521   10321 codegen.go:101] [connector \"example\" javascriptSdk] Generating sources into \"/Volumes/DATA UTAMA/DEVELOPER/madina-solution-production-final/src/dataconnect-generated\"\nI0920 22:52:36.049591   10321 collector.go:107] schema extensions wrote into \"/Volumes/DATA UTAMA/DEVELOPER/madina-solution-production-final/dataconnect/.dataconnect/schema\"\nGenerated sources: prelude.gql [84995B] main/implicit.gql [1261B] main/input.gql [29309B] main/relation.gql [14318B] main/query.gql [5099B] main/mutation.gql [13679B] \nI0920 22:52:36.059224   10321 collector.go:107] connector \"example\" javascriptSdk wrote into \"/Volumes/DATA UTAMA/DEVELOPER/madina-solution-production-final/src/dataconnect-generated\"\nGenerated sources: esm/package.json [17B] react/index.d.ts [3961B] react/package.json [460B] react/index.cjs.js [3439B] react/esm/index.esm.js [3269B] esm/index.esm.js [5375B] index.cjs.js [5919B] package.json [853B] react/esm/package.json [17B] react/README.md [48281B] index.d.ts [8408B] README.md [41217B] .guides/usage.md [3489B] .guides/setup.md [1682B] .guides/config.json [236B] \nI0920 22:52:36.081443   10321 installsdk.go:86] Running command: /Users/madina.solutions/.nvm/versions/node/v22.23.2/bin/npm install file:src/dataconnect-generated\n"}}
[debug] [2026-09-20T15:52:59.713Z] I0920 22:52:59.473552   10321 load.go:109] Finished reloading
 {"metadata":{"emulator":{"name":"dataconnect"},"message":"I0920 22:52:59.473552   10321 load.go:109] Finished reloading\n"}}
[debug] [2026-09-20T15:52:59.839Z] I0920 22:52:59.834095   10321 dev.go:101] Listening on address (HTTP + gRPC): 127.0.0.1:50001
 {"metadata":{"emulator":{"name":"dataconnect"},"message":"I0920 22:52:59.834095   10321 dev.go:101] Listening on address (HTTP + gRPC): 127.0.0.1:50001\n"}}
[info] [Firebase Plugin] Stopping SQL Connect toolkit
[warn] ⚠  SQL Connect Emulator has exited upon receiving signal: SIGINT 
[debug] [2026-09-20T16:14:26.611Z] [Firebase Plugin] Activating Firebase extension.
[info] [Firebase Plugin] Unable to check firebase-tools installation: TypeError: fetch failed
[debug] [2026-09-20T16:14:52.249Z] [Firebase Plugin] requireAuthWrapper
[debug] [2026-09-20T16:14:52.466Z] > command requires scopes: ["email","openid","https://www.googleapis.com/auth/cloudplatformprojects.readonly","https://www.googleapis.com/auth/firebase","https://www.googleapis.com/auth/cloud-platform"]
[debug] [2026-09-20T16:14:52.467Z] > authorizing via signed-in user (perc.madina@gmail.com)
[debug] [2026-09-20T16:14:52.471Z] Checked if tokens are valid: true, expires at: 1789922964139
[debug] [2026-09-20T16:14:52.472Z] Checked if tokens are valid: true, expires at: 1789922964139
[debug] [2026-09-20T16:14:52.472Z] [Firebase Plugin] User found:  perc.madina@gmail.com
[info] [Firebase Plugin] (Core:Project) New user detected, fetching projects
[debug] [2026-09-20T16:14:52.473Z] Checked if tokens are valid: true, expires at: 1789922964139
[debug] [2026-09-20T16:14:52.475Z] >>> [apiv2][query] GET https://firebase.googleapis.com/v1beta1/projects pageSize=1000
[debug] [2026-09-20T16:14:52.496Z] [Firebase Plugin] VSCode notification server listening on port 40001
[info] [Firebase Plugin] Starting SQL Connect toolkit (version 3.4.16) on port 50001
[debug] [2026-09-20T16:15:05.515Z] I0920 23:15:05.491116   11629 control.go:100] [projects/emulator/locations/emulator/services/madina-solution-production-final 7f3c] UpdateResources(): done
Main schema: sources: schema/schema.gql [1992B] 
Connector "example": sources: example/mutations.gql [1243B] example/queries.gql [1801B] 
 {"metadata":{"emulator":{"name":"dataconnect"},"message":"I0920 23:15:05.491116   11629 control.go:100] [projects/emulator/locations/emulator/services/madina-solution-production-final 7f3c] UpdateResources(): done\nMain schema: sources: schema/schema.gql [1992B] \nConnector \"example\": sources: example/mutations.gql [1243B] example/queries.gql [1801B] \n"}}
[debug] [2026-09-20T16:15:05.516Z] Ignoring unsupported arg: auto_download {"metadata":{"emulator":{"name":"dataconnect"},"message":"Ignoring unsupported arg: auto_download"}}
[debug] [2026-09-20T16:15:05.516Z] Ignoring unsupported arg: port {"metadata":{"emulator":{"name":"dataconnect"},"message":"Ignoring unsupported arg: port"}}
[debug] [2026-09-20T16:15:05.517Z] Starting SQL Connect Emulator with command {"binary":"/Users/madina.solutions/.cache/firebase/emulators/dataconnect-emulator-3.4.16","args":["--logtostderr","-v=2","dev","--listen=localhost:50001","--config_dir=/Volumes/DATA UTAMA/DEVELOPER/madina-solution-production-final/dataconnect","--enable_output_schema_extensions=true","--enable_output_generated_sdk=true"],"optionalArgs":["listen","config_dir","enable_output_schema_extensions","enable_output_generated_sdk"],"joinArgs":true,"shell":false,"port":9399} {"metadata":{"emulator":{"name":"dataconnect"},"message":"Starting SQL Connect Emulator with command {\"binary\":\"/Users/madina.solutions/.cache/firebase/emulators/dataconnect-emulator-3.4.16\",\"args\":[\"--logtostderr\",\"-v=2\",\"dev\",\"--listen=localhost:50001\",\"--config_dir=/Volumes/DATA UTAMA/DEVELOPER/madina-solution-production-final/dataconnect\",\"--enable_output_schema_extensions=true\",\"--enable_output_generated_sdk=true\"],\"optionalArgs\":[\"listen\",\"config_dir\",\"enable_output_schema_extensions\",\"enable_output_generated_sdk\"],\"joinArgs\":true,\"shell\":false,\"port\":9399}"}}
[info] i  dataconnect: SQL Connect Emulator logging to dataconnect-debug.log {"metadata":{"emulator":{"name":"dataconnect"},"message":"SQL Connect Emulator logging to dataconnect-debug.log"}}
[debug] [2026-09-20T16:15:07.446Z] I0920 23:15:07.062378   11631 load.go:31] Reloading schema and connectors...
I0920 23:15:07.156161   11631 control.go:100] [projects/emulator/locations/emulator/services/madina-solution-production-final 8483] UpdateResources(): done
Main schema: sources: schema/schema.gql [1992B] 
Connector "example": sources: example/mutations.gql [1243B] example/queries.gql [1801B] 
I0920 23:15:07.194468   11631 codegen.go:101] [connector "example" javascriptSdk] Generating sources into "/Volumes/DATA UTAMA/DEVELOPER/madina-solution-production-final/src/dataconnect-generated"
I0920 23:15:07.296893   11631 collector.go:107] schema extensions wrote into "/Volumes/DATA UTAMA/DEVELOPER/madina-solution-production-final/dataconnect/.dataconnect/schema"
Generated sources: main/input.gql [29309B] main/relation.gql [14318B] main/query.gql [5099B] prelude.gql [84995B] main/mutation.gql [13679B] main/implicit.gql [1261B] 
I0920 23:15:07.352066   11631 collector.go:107] connector "example" javascriptSdk wrote into "/Volumes/DATA UTAMA/DEVELOPER/madina-solution-production-final/src/dataconnect-generated"
Generated sources: react/index.cjs.js [3439B] react/esm/index.esm.js [3269B] .guides/config.json [236B] esm/package.json [17B] package.json [853B] .guides/usage.md [3489B] .guides/setup.md [1682B] index.d.ts [8408B] esm/index.esm.js [5375B] README.md [41217B] react/package.json [460B] react/esm/package.json [17B] react/README.md [48281B] index.cjs.js [5919B] react/index.d.ts [3961B] 
 {"metadata":{"emulator":{"name":"dataconnect"},"message":"I0920 23:15:07.062378   11631 load.go:31] Reloading schema and connectors...\nI0920 23:15:07.156161   11631 control.go:100] [projects/emulator/locations/emulator/services/madina-solution-production-final 8483] UpdateResources(): done\nMain schema: sources: schema/schema.gql [1992B] \nConnector \"example\": sources: example/mutations.gql [1243B] example/queries.gql [1801B] \nI0920 23:15:07.194468   11631 codegen.go:101] [connector \"example\" javascriptSdk] Generating sources into \"/Volumes/DATA UTAMA/DEVELOPER/madina-solution-production-final/src/dataconnect-generated\"\nI0920 23:15:07.296893   11631 collector.go:107] schema extensions wrote into \"/Volumes/DATA UTAMA/DEVELOPER/madina-solution-production-final/dataconnect/.dataconnect/schema\"\nGenerated sources: main/input.gql [29309B] main/relation.gql [14318B] main/query.gql [5099B] prelude.gql [84995B] main/mutation.gql [13679B] main/implicit.gql [1261B] \nI0920 23:15:07.352066   11631 collector.go:107] connector \"example\" javascriptSdk wrote into \"/Volumes/DATA UTAMA/DEVELOPER/madina-solution-production-final/src/dataconnect-generated\"\nGenerated sources: react/index.cjs.js [3439B] react/esm/index.esm.js [3269B] .guides/config.json [236B] esm/package.json [17B] package.json [853B] .guides/usage.md [3489B] .guides/setup.md [1682B] index.d.ts [8408B] esm/index.esm.js [5375B] README.md [41217B] react/package.json [460B] react/esm/package.json [17B] react/README.md [48281B] index.cjs.js [5919B] react/index.d.ts [3961B] \n"}}
[debug] [2026-09-20T16:15:08.316Z] I0920 23:15:08.041125   11631 installsdk.go:86] Running command: /Users/madina.solutions/.nvm/versions/node/v22.23.2/bin/npm install file:src/dataconnect-generated
 {"metadata":{"emulator":{"name":"dataconnect"},"message":"I0920 23:15:08.041125   11631 installsdk.go:86] Running command: /Users/madina.solutions/.nvm/versions/node/v22.23.2/bin/npm install file:src/dataconnect-generated\n"}}
[debug] [2026-09-20T16:15:08.414Z] <<< [apiv2][status] GET https://firebase.googleapis.com/v1beta1/projects 200
[debug] [2026-09-20T16:15:08.415Z] <<< [apiv2][body] GET https://firebase.googleapis.com/v1beta1/projects [omitted]
[debug] [2026-09-20T16:16:00.742Z] I0920 23:15:59.806173   11631 load.go:109] Finished reloading
I0920 23:15:59.822978   11631 dev.go:101] Listening on address (HTTP + gRPC): 127.0.0.1:50001
 {"metadata":{"emulator":{"name":"dataconnect"},"message":"I0920 23:15:59.806173   11631 load.go:109] Finished reloading\nI0920 23:15:59.822978   11631 dev.go:101] Listening on address (HTTP + gRPC): 127.0.0.1:50001\n"}}
[info] [Firebase Plugin] Stopping SQL Connect toolkit
[warn] ⚠  SQL Connect Emulator has exited upon receiving signal: SIGINT 
[debug] [2026-09-20T17:11:36.032Z] [Firebase Plugin] Activating Firebase extension.
[debug] [2026-09-20T17:11:47.526Z] [Firebase Plugin] requireAuthWrapper
[debug] [2026-09-20T17:11:47.527Z] > command requires scopes: ["email","openid","https://www.googleapis.com/auth/cloudplatformprojects.readonly","https://www.googleapis.com/auth/firebase","https://www.googleapis.com/auth/cloud-platform"]
[debug] [2026-09-20T17:11:47.527Z] > authorizing via signed-in user (perc.madina@gmail.com)
[debug] [2026-09-20T17:11:47.531Z] Checked if tokens are valid: false, expires at: 1789922964139
[debug] [2026-09-20T17:11:47.531Z] Checked if tokens are valid: false, expires at: 1789922964139
[debug] [2026-09-20T17:11:47.531Z] > refreshing access token with scopes: []
[debug] [2026-09-20T17:11:47.534Z] >>> [apiv2][query] POST https://www.googleapis.com/oauth2/v3/token [none]
[debug] [2026-09-20T17:11:47.534Z] >>> [apiv2][body] POST https://www.googleapis.com/oauth2/v3/token [omitted]
[debug] [2026-09-20T17:11:47.630Z] [Firebase Plugin] VSCode notification server listening on port 40001
[info] [Firebase Plugin] Starting SQL Connect toolkit (version 3.4.16) on port 50001
[debug] [2026-09-20T17:12:17.275Z] I0921 00:12:17.255201   14259 control.go:100] [projects/emulator/locations/emulator/services/madina-solution-production-final 00f6] UpdateResources(): done
Main schema: sources: schema/schema.gql [1992B] 
Connector "example": sources: example/mutations.gql [1243B] example/queries.gql [1801B] 
 {"metadata":{"emulator":{"name":"dataconnect"},"message":"I0921 00:12:17.255201   14259 control.go:100] [projects/emulator/locations/emulator/services/madina-solution-production-final 00f6] UpdateResources(): done\nMain schema: sources: schema/schema.gql [1992B] \nConnector \"example\": sources: example/mutations.gql [1243B] example/queries.gql [1801B] \n"}}
[debug] [2026-09-20T17:12:17.276Z] Ignoring unsupported arg: auto_download {"metadata":{"emulator":{"name":"dataconnect"},"message":"Ignoring unsupported arg: auto_download"}}
[debug] [2026-09-20T17:12:17.277Z] Ignoring unsupported arg: port {"metadata":{"emulator":{"name":"dataconnect"},"message":"Ignoring unsupported arg: port"}}
[debug] [2026-09-20T17:12:17.277Z] Starting SQL Connect Emulator with command {"binary":"/Users/madina.solutions/.cache/firebase/emulators/dataconnect-emulator-3.4.16","args":["--logtostderr","-v=2","dev","--listen=localhost:50001","--config_dir=/Volumes/DATA UTAMA/DEVELOPER/madina-solution-production-final/dataconnect","--enable_output_schema_extensions=true","--enable_output_generated_sdk=true"],"optionalArgs":["listen","config_dir","enable_output_schema_extensions","enable_output_generated_sdk"],"joinArgs":true,"shell":false,"port":9399} {"metadata":{"emulator":{"name":"dataconnect"},"message":"Starting SQL Connect Emulator with command {\"binary\":\"/Users/madina.solutions/.cache/firebase/emulators/dataconnect-emulator-3.4.16\",\"args\":[\"--logtostderr\",\"-v=2\",\"dev\",\"--listen=localhost:50001\",\"--config_dir=/Volumes/DATA UTAMA/DEVELOPER/madina-solution-production-final/dataconnect\",\"--enable_output_schema_extensions=true\",\"--enable_output_generated_sdk=true\"],\"optionalArgs\":[\"listen\",\"config_dir\",\"enable_output_schema_extensions\",\"enable_output_generated_sdk\"],\"joinArgs\":true,\"shell\":false,\"port\":9399}"}}
[info] i  dataconnect: SQL Connect Emulator logging to dataconnect-debug.log {"metadata":{"emulator":{"name":"dataconnect"},"message":"SQL Connect Emulator logging to dataconnect-debug.log"}}
[debug] [2026-09-20T17:12:17.685Z] I0921 00:12:17.498204   14260 load.go:31] Reloading schema and connectors...
I0921 00:12:17.635434   14260 control.go:100] [projects/emulator/locations/emulator/services/madina-solution-production-final 766d] UpdateResources(): done
Main schema: sources: schema/schema.gql [1992B] 
Connector "example": sources: example/queries.gql [1801B] example/mutations.gql [1243B] 
 {"metadata":{"emulator":{"name":"dataconnect"},"message":"I0921 00:12:17.498204   14260 load.go:31] Reloading schema and connectors...\nI0921 00:12:17.635434   14260 control.go:100] [projects/emulator/locations/emulator/services/madina-solution-production-final 766d] UpdateResources(): done\nMain schema: sources: schema/schema.gql [1992B] \nConnector \"example\": sources: example/queries.gql [1801B] example/mutations.gql [1243B] \n"}}
[debug] [2026-09-20T17:12:17.753Z] I0921 00:12:17.691248   14260 codegen.go:101] [connector "example" javascriptSdk] Generating sources into "/Volumes/DATA UTAMA/DEVELOPER/madina-solution-production-final/src/dataconnect-generated"
I0921 00:12:17.740669   14260 collector.go:107] schema extensions wrote into "/Volumes/DATA UTAMA/DEVELOPER/madina-solution-production-final/dataconnect/.dataconnect/schema"
Generated sources: main/query.gql [5099B] main/mutation.gql [13679B] prelude.gql [84995B] main/implicit.gql [1261B] main/input.gql [29309B] main/relation.gql [14318B] 
I0921 00:12:17.745515   14260 collector.go:107] connector "example" javascriptSdk wrote into "/Volumes/DATA UTAMA/DEVELOPER/madina-solution-production-final/src/dataconnect-generated"
Generated sources: react/index.d.ts [3961B] react/package.json [460B] .guides/usage.md [3489B] README.md [41217B] react/esm/package.json [17B] react/esm/index.esm.js [3269B] esm/package.json [17B] index.cjs.js [5919B] react/index.cjs.js [3439B] .guides/setup.md [1682B] .guides/config.json [236B] index.d.ts [8408B] package.json [853B] react/README.md [48281B] esm/index.esm.js [5375B] 
 {"metadata":{"emulator":{"name":"dataconnect"},"message":"I0921 00:12:17.691248   14260 codegen.go:101] [connector \"example\" javascriptSdk] Generating sources into \"/Volumes/DATA UTAMA/DEVELOPER/madina-solution-production-final/src/dataconnect-generated\"\nI0921 00:12:17.740669   14260 collector.go:107] schema extensions wrote into \"/Volumes/DATA UTAMA/DEVELOPER/madina-solution-production-final/dataconnect/.dataconnect/schema\"\nGenerated sources: main/query.gql [5099B] main/mutation.gql [13679B] prelude.gql [84995B] main/implicit.gql [1261B] main/input.gql [29309B] main/relation.gql [14318B] \nI0921 00:12:17.745515   14260 collector.go:107] connector \"example\" javascriptSdk wrote into \"/Volumes/DATA UTAMA/DEVELOPER/madina-solution-production-final/src/dataconnect-generated\"\nGenerated sources: react/index.d.ts [3961B] react/package.json [460B] .guides/usage.md [3489B] README.md [41217B] react/esm/package.json [17B] react/esm/index.esm.js [3269B] esm/package.json [17B] index.cjs.js [5919B] react/index.cjs.js [3439B] .guides/setup.md [1682B] .guides/config.json [236B] index.d.ts [8408B] package.json [853B] react/README.md [48281B] esm/index.esm.js [5375B] \n"}}
[debug] [2026-09-20T17:12:17.781Z] I0921 00:12:17.773161   14260 installsdk.go:55] Package @dataconnect/generated is already installed. Skipping installation
I0921 00:12:17.773734   14260 load.go:109] Finished reloading
 {"metadata":{"emulator":{"name":"dataconnect"},"message":"I0921 00:12:17.773161   14260 installsdk.go:55] Package @dataconnect/generated is already installed. Skipping installation\nI0921 00:12:17.773734   14260 load.go:109] Finished reloading\n"}}
[debug] [2026-09-20T17:12:17.806Z] I0921 00:12:17.791300   14260 dev.go:101] Listening on address (HTTP + gRPC): 127.0.0.1:50001
 {"metadata":{"emulator":{"name":"dataconnect"},"message":"I0921 00:12:17.791300   14260 dev.go:101] Listening on address (HTTP + gRPC): 127.0.0.1:50001\n"}}
[debug] [2026-09-20T17:12:19.284Z] <<< [apiv2][status] POST https://www.googleapis.com/oauth2/v3/token 200
[debug] [2026-09-20T17:12:19.285Z] <<< [apiv2][body] POST https://www.googleapis.com/oauth2/v3/token [omitted]
[debug] [2026-09-20T17:12:19.508Z] [Firebase Plugin] User found:  perc.madina@gmail.com
[info] [Firebase Plugin] (Core:Project) New user detected, fetching projects
[debug] [2026-09-20T17:12:19.511Z] Checked if tokens are valid: true, expires at: 1789927938285
[debug] [2026-09-20T17:12:19.513Z] >>> [apiv2][query] GET https://firebase.googleapis.com/v1beta1/projects pageSize=1000
[error] [Firebase Plugin]request to http://localhost:50001/v1/projects/p/locations/l/services/madina-solution-production-final:executeGraphqlRead failed, reason:  {"type":"system","errno":"ETIMEDOUT","code":"ETIMEDOUT","vslsStack":[{},{},{},{},{},{},{},{}]}
[error] [Firebase Plugin] error:  {}
[debug] [2026-09-20T17:12:21.858Z] <<< [apiv2][status] GET https://firebase.googleapis.com/v1beta1/projects 200
[debug] [2026-09-20T17:12:21.859Z] <<< [apiv2][body] GET https://firebase.googleapis.com/v1beta1/projects [omitted]
[info] [Firebase Plugin] Stopping SQL Connect toolkit
[warn] ⚠  SQL Connect Emulator has exited upon receiving signal: SIGINT 
[debug] [2026-09-21T01:55:52.555Z] [Firebase Plugin] Activating Firebase extension.
[debug] [2026-09-21T01:56:42.199Z] [Firebase Plugin] requireAuthWrapper
[debug] [2026-09-21T01:56:42.201Z] > command requires scopes: ["email","openid","https://www.googleapis.com/auth/cloudplatformprojects.readonly","https://www.googleapis.com/auth/firebase","https://www.googleapis.com/auth/cloud-platform"]
[debug] [2026-09-21T01:56:42.201Z] > authorizing via signed-in user (perc.madina@gmail.com)
[debug] [2026-09-21T01:56:42.205Z] Checked if tokens are valid: true, expires at: 1789957988732
[debug] [2026-09-21T01:56:42.206Z] Checked if tokens are valid: true, expires at: 1789957988732
[debug] [2026-09-21T01:56:42.207Z] [Firebase Plugin] User found:  perc.madina@gmail.com
[info] [Firebase Plugin] (Core:Project) New user detected, fetching projects
[debug] [2026-09-21T01:56:42.210Z] Checked if tokens are valid: true, expires at: 1789957988732
[debug] [2026-09-21T01:56:42.212Z] >>> [apiv2][query] GET https://firebase.googleapis.com/v1beta1/projects pageSize=1000
[debug] [2026-09-21T01:56:43.031Z] [Firebase Plugin] VSCode notification server listening on port 40001
[info] [Firebase Plugin] Starting SQL Connect toolkit (version 3.4.16) on port 50001
[debug] [2026-09-21T01:56:45.726Z] I0921 08:56:45.708952    7025 control.go:100] [projects/emulator/locations/emulator/services/madina-solution-production-final f877] UpdateResources(): done
Main schema: sources: schema/schema.gql [1992B] 
Connector "example": sources: example/mutations.gql [1243B] example/queries.gql [1801B] 
 {"metadata":{"emulator":{"name":"dataconnect"},"message":"I0921 08:56:45.708952    7025 control.go:100] [projects/emulator/locations/emulator/services/madina-solution-production-final f877] UpdateResources(): done\nMain schema: sources: schema/schema.gql [1992B] \nConnector \"example\": sources: example/mutations.gql [1243B] example/queries.gql [1801B] \n"}}
[debug] [2026-09-21T01:56:45.727Z] Ignoring unsupported arg: auto_download {"metadata":{"emulator":{"name":"dataconnect"},"message":"Ignoring unsupported arg: auto_download"}}
[debug] [2026-09-21T01:56:45.727Z] Ignoring unsupported arg: port {"metadata":{"emulator":{"name":"dataconnect"},"message":"Ignoring unsupported arg: port"}}
[debug] [2026-09-21T01:56:45.728Z] Starting SQL Connect Emulator with command {"binary":"/Users/madina.solutions/.cache/firebase/emulators/dataconnect-emulator-3.4.16","args":["--logtostderr","-v=2","dev","--listen=localhost:50001","--config_dir=/Volumes/DATA UTAMA/DEVELOPER/madina-solution-production-final/dataconnect","--enable_output_schema_extensions=true","--enable_output_generated_sdk=true"],"optionalArgs":["listen","config_dir","enable_output_schema_extensions","enable_output_generated_sdk"],"joinArgs":true,"shell":false,"port":9399} {"metadata":{"emulator":{"name":"dataconnect"},"message":"Starting SQL Connect Emulator with command {\"binary\":\"/Users/madina.solutions/.cache/firebase/emulators/dataconnect-emulator-3.4.16\",\"args\":[\"--logtostderr\",\"-v=2\",\"dev\",\"--listen=localhost:50001\",\"--config_dir=/Volumes/DATA UTAMA/DEVELOPER/madina-solution-production-final/dataconnect\",\"--enable_output_schema_extensions=true\",\"--enable_output_generated_sdk=true\"],\"optionalArgs\":[\"listen\",\"config_dir\",\"enable_output_schema_extensions\",\"enable_output_generated_sdk\"],\"joinArgs\":true,\"shell\":false,\"port\":9399}"}}
[info] i  dataconnect: SQL Connect Emulator logging to dataconnect-debug.log {"metadata":{"emulator":{"name":"dataconnect"},"message":"SQL Connect Emulator logging to dataconnect-debug.log"}}
[debug] [2026-09-21T01:56:46.895Z] I0921 08:56:46.286497    7027 load.go:31] Reloading schema and connectors...
 {"metadata":{"emulator":{"name":"dataconnect"},"message":"I0921 08:56:46.286497    7027 load.go:31] Reloading schema and connectors...\n"}}
[debug] [2026-09-21T01:56:47.320Z] I0921 08:56:47.305325    7027 control.go:100] [projects/emulator/locations/emulator/services/madina-solution-production-final 495d] UpdateResources(): done
Main schema: sources: schema/schema.gql [1992B] 
Connector "example": sources: example/mutations.gql [1243B] example/queries.gql [1801B] 
 {"metadata":{"emulator":{"name":"dataconnect"},"message":"I0921 08:56:47.305325    7027 control.go:100] [projects/emulator/locations/emulator/services/madina-solution-production-final 495d] UpdateResources(): done\nMain schema: sources: schema/schema.gql [1992B] \nConnector \"example\": sources: example/mutations.gql [1243B] example/queries.gql [1801B] \n"}}
[debug] [2026-09-21T01:56:47.419Z] <<< [apiv2][status] GET https://firebase.googleapis.com/v1beta1/projects 200
[debug] [2026-09-21T01:56:47.419Z] <<< [apiv2][body] GET https://firebase.googleapis.com/v1beta1/projects [omitted]
[debug] [2026-09-21T01:56:47.674Z] I0921 08:56:47.669964    7027 codegen.go:101] [connector "example" javascriptSdk] Generating sources into "/Volumes/DATA UTAMA/DEVELOPER/madina-solution-production-final/src/dataconnect-generated"
 {"metadata":{"emulator":{"name":"dataconnect"},"message":"I0921 08:56:47.669964    7027 codegen.go:101] [connector \"example\" javascriptSdk] Generating sources into \"/Volumes/DATA UTAMA/DEVELOPER/madina-solution-production-final/src/dataconnect-generated\"\n"}}
[debug] [2026-09-21T01:56:47.899Z] I0921 08:56:47.771057    7027 collector.go:107] schema extensions wrote into "/Volumes/DATA UTAMA/DEVELOPER/madina-solution-production-final/dataconnect/.dataconnect/schema"
Generated sources: main/query.gql [5099B] main/mutation.gql [13679B] prelude.gql [84995B] main/implicit.gql [1261B] main/input.gql [29309B] main/relation.gql [14318B] 
I0921 08:56:47.787069    7027 collector.go:107] connector "example" javascriptSdk wrote into "/Volumes/DATA UTAMA/DEVELOPER/madina-solution-production-final/src/dataconnect-generated"
Generated sources: esm/package.json [17B] react/package.json [460B] .guides/config.json [236B] README.md [41217B] react/index.cjs.js [3439B] react/README.md [48281B] .guides/setup.md [1682B] index.cjs.js [5919B] package.json [853B] react/index.d.ts [3961B] react/esm/package.json [17B] react/esm/index.esm.js [3269B] .guides/usage.md [3489B] index.d.ts [8408B] esm/index.esm.js [5375B] 
I0921 08:56:47.886448    7027 installsdk.go:55] Package @dataconnect/generated is already installed. Skipping installation
I0921 08:56:47.886485    7027 load.go:109] Finished reloading
 {"metadata":{"emulator":{"name":"dataconnect"},"message":"I0921 08:56:47.771057    7027 collector.go:107] schema extensions wrote into \"/Volumes/DATA UTAMA/DEVELOPER/madina-solution-production-final/dataconnect/.dataconnect/schema\"\nGenerated sources: main/query.gql [5099B] main/mutation.gql [13679B] prelude.gql [84995B] main/implicit.gql [1261B] main/input.gql [29309B] main/relation.gql [14318B] \nI0921 08:56:47.787069    7027 collector.go:107] connector \"example\" javascriptSdk wrote into \"/Volumes/DATA UTAMA/DEVELOPER/madina-solution-production-final/src/dataconnect-generated\"\nGenerated sources: esm/package.json [17B] react/package.json [460B] .guides/config.json [236B] README.md [41217B] react/index.cjs.js [3439B] react/README.md [48281B] .guides/setup.md [1682B] index.cjs.js [5919B] package.json [853B] react/index.d.ts [3961B] react/esm/package.json [17B] react/esm/index.esm.js [3269B] .guides/usage.md [3489B] index.d.ts [8408B] esm/index.esm.js [5375B] \nI0921 08:56:47.886448    7027 installsdk.go:55] Package @dataconnect/generated is already installed. Skipping installation\nI0921 08:56:47.886485    7027 load.go:109] Finished reloading\n"}}
[debug] [2026-09-21T01:56:47.990Z] I0921 08:56:47.922724    7027 dev.go:101] Listening on address (HTTP + gRPC): 127.0.0.1:50001
 {"metadata":{"emulator":{"name":"dataconnect"},"message":"I0921 08:56:47.922724    7027 dev.go:101] Listening on address (HTTP + gRPC): 127.0.0.1:50001\n"}}
[info] [Firebase Plugin] Stopping SQL Connect toolkit
[warn] ⚠  SQL Connect Emulator has exited upon receiving signal: SIGINT 
[debug] [2026-09-21T02:31:31.832Z] [Firebase Plugin] Activating Firebase extension.
[debug] [2026-09-21T02:31:37.150Z] [Firebase Plugin] requireAuthWrapper
[debug] [2026-09-21T02:31:37.153Z] > command requires scopes: ["email","openid","https://www.googleapis.com/auth/cloudplatformprojects.readonly","https://www.googleapis.com/auth/firebase","https://www.googleapis.com/auth/cloud-platform"]
[debug] [2026-09-21T02:31:37.153Z] > authorizing via signed-in user (perc.madina@gmail.com)
[debug] [2026-09-21T02:31:37.157Z] Checked if tokens are valid: true, expires at: 1789961407158
[debug] [2026-09-21T02:31:37.158Z] Checked if tokens are valid: true, expires at: 1789961407158
[debug] [2026-09-21T02:31:37.158Z] [Firebase Plugin] User found:  perc.madina@gmail.com
[info] [Firebase Plugin] (Core:Project) New user detected, fetching projects
[debug] [2026-09-21T02:31:37.160Z] Checked if tokens are valid: true, expires at: 1789961407158
[debug] [2026-09-21T02:31:37.161Z] >>> [apiv2][query] GET https://firebase.googleapis.com/v1beta1/projects pageSize=1000
[debug] [2026-09-21T02:31:37.186Z] [Firebase Plugin] VSCode notification server listening on port 40001
[debug] [2026-09-21T02:32:07.712Z] *** [apiv2] error from fetch(https://firebase.googleapis.com/v1beta1/projects?pageSize=1000, {"headers":{},"method":"GET","signal":{}}): AbortError: This operation was aborted
[debug] [2026-09-21T02:32:07.714Z] Timeout reached making request to https://firebase.googleapis.com/v1beta1/projects?pageSize=1000
[info] [Firebase Plugin] Starting SQL Connect toolkit (version 3.4.16) on port 50001
[debug] [2026-09-21T02:32:10.759Z] I0921 09:32:10.740390   11103 control.go:100] [projects/emulator/locations/emulator/services/madina-solution-production-final 946b] UpdateResources(): done
Main schema: sources: schema/schema.gql [1992B] 
Connector "example": sources: example/mutations.gql [1243B] example/queries.gql [1801B] 
 {"metadata":{"emulator":{"name":"dataconnect"},"message":"I0921 09:32:10.740390   11103 control.go:100] [projects/emulator/locations/emulator/services/madina-solution-production-final 946b] UpdateResources(): done\nMain schema: sources: schema/schema.gql [1992B] \nConnector \"example\": sources: example/mutations.gql [1243B] example/queries.gql [1801B] \n"}}
[debug] [2026-09-21T02:32:10.760Z] Ignoring unsupported arg: auto_download {"metadata":{"emulator":{"name":"dataconnect"},"message":"Ignoring unsupported arg: auto_download"}}
[debug] [2026-09-21T02:32:10.760Z] Ignoring unsupported arg: port {"metadata":{"emulator":{"name":"dataconnect"},"message":"Ignoring unsupported arg: port"}}
[debug] [2026-09-21T02:32:10.761Z] Starting SQL Connect Emulator with command {"binary":"/Users/madina.solutions/.cache/firebase/emulators/dataconnect-emulator-3.4.16","args":["--logtostderr","-v=2","dev","--listen=localhost:50001","--config_dir=/Volumes/DATA UTAMA/DEVELOPER/madina-solution-production-final/dataconnect","--enable_output_schema_extensions=true","--enable_output_generated_sdk=true"],"optionalArgs":["listen","config_dir","enable_output_schema_extensions","enable_output_generated_sdk"],"joinArgs":true,"shell":false,"port":9399} {"metadata":{"emulator":{"name":"dataconnect"},"message":"Starting SQL Connect Emulator with command {\"binary\":\"/Users/madina.solutions/.cache/firebase/emulators/dataconnect-emulator-3.4.16\",\"args\":[\"--logtostderr\",\"-v=2\",\"dev\",\"--listen=localhost:50001\",\"--config_dir=/Volumes/DATA UTAMA/DEVELOPER/madina-solution-production-final/dataconnect\",\"--enable_output_schema_extensions=true\",\"--enable_output_generated_sdk=true\"],\"optionalArgs\":[\"listen\",\"config_dir\",\"enable_output_schema_extensions\",\"enable_output_generated_sdk\"],\"joinArgs\":true,\"shell\":false,\"port\":9399}"}}
[info] i  dataconnect: SQL Connect Emulator logging to dataconnect-debug.log {"metadata":{"emulator":{"name":"dataconnect"},"message":"SQL Connect Emulator logging to dataconnect-debug.log"}}
[debug] [2026-09-21T02:32:13.367Z] I0921 09:32:12.966825   11104 load.go:31] Reloading schema and connectors...
 {"metadata":{"emulator":{"name":"dataconnect"},"message":"I0921 09:32:12.966825   11104 load.go:31] Reloading schema and connectors...\n"}}
[debug] [2026-09-21T02:32:13.676Z] I0921 09:32:13.546196   11104 control.go:100] [projects/emulator/locations/emulator/services/madina-solution-production-final 36b7] UpdateResources(): done
Main schema: sources: schema/schema.gql [1992B] 
Connector "example": sources: example/mutations.gql [1243B] example/queries.gql [1801B] 
I0921 09:32:13.611659   11104 codegen.go:101] [connector "example" javascriptSdk] Generating sources into "/Volumes/DATA UTAMA/DEVELOPER/madina-solution-production-final/src/dataconnect-generated"
 {"metadata":{"emulator":{"name":"dataconnect"},"message":"I0921 09:32:13.546196   11104 control.go:100] [projects/emulator/locations/emulator/services/madina-solution-production-final 36b7] UpdateResources(): done\nMain schema: sources: schema/schema.gql [1992B] \nConnector \"example\": sources: example/mutations.gql [1243B] example/queries.gql [1801B] \nI0921 09:32:13.611659   11104 codegen.go:101] [connector \"example\" javascriptSdk] Generating sources into \"/Volumes/DATA UTAMA/DEVELOPER/madina-solution-production-final/src/dataconnect-generated\"\n"}}
[debug] [2026-09-21T02:32:14.322Z] I0921 09:32:14.214990   11104 collector.go:107] schema extensions wrote into "/Volumes/DATA UTAMA/DEVELOPER/madina-solution-production-final/dataconnect/.dataconnect/schema"
Generated sources: main/input.gql [29309B] main/relation.gql [14318B] main/query.gql [5099B] main/mutation.gql [13679B] prelude.gql [84995B] main/implicit.gql [1261B] 
I0921 09:32:14.248325   11104 collector.go:107] connector "example" javascriptSdk wrote into "/Volumes/DATA UTAMA/DEVELOPER/madina-solution-production-final/src/dataconnect-generated"
Generated sources: package.json [853B] react/package.json [460B] react/esm/index.esm.js [3269B] index.cjs.js [5919B] README.md [41217B] react/index.d.ts [3961B] react/README.md [48281B] .guides/config.json [236B] esm/index.esm.js [5375B] esm/package.json [17B] react/esm/package.json [17B] .guides/setup.md [1682B] index.d.ts [8408B] react/index.cjs.js [3439B] .guides/usage.md [3489B] 
I0921 09:32:14.291063   11104 installsdk.go:86] Running command: /Users/madina.solutions/.nvm/versions/node/v22.23.2/bin/npm install file:src/dataconnect-generated
 {"metadata":{"emulator":{"name":"dataconnect"},"message":"I0921 09:32:14.214990   11104 collector.go:107] schema extensions wrote into \"/Volumes/DATA UTAMA/DEVELOPER/madina-solution-production-final/dataconnect/.dataconnect/schema\"\nGenerated sources: main/input.gql [29309B] main/relation.gql [14318B] main/query.gql [5099B] main/mutation.gql [13679B] prelude.gql [84995B] main/implicit.gql [1261B] \nI0921 09:32:14.248325   11104 collector.go:107] connector \"example\" javascriptSdk wrote into \"/Volumes/DATA UTAMA/DEVELOPER/madina-solution-production-final/src/dataconnect-generated\"\nGenerated sources: package.json [853B] react/package.json [460B] react/esm/index.esm.js [3269B] index.cjs.js [5919B] README.md [41217B] react/index.d.ts [3961B] react/README.md [48281B] .guides/config.json [236B] esm/index.esm.js [5375B] esm/package.json [17B] react/esm/package.json [17B] .guides/setup.md [1682B] index.d.ts [8408B] react/index.cjs.js [3439B] .guides/usage.md [3489B] \nI0921 09:32:14.291063   11104 installsdk.go:86] Running command: /Users/madina.solutions/.nvm/versions/node/v22.23.2/bin/npm install file:src/dataconnect-generated\n"}}
[debug] [2026-09-21T02:32:56.517Z] I0921 09:32:56.398576   11104 load.go:109] Finished reloading
 {"metadata":{"emulator":{"name":"dataconnect"},"message":"I0921 09:32:56.398576   11104 load.go:109] Finished reloading\n"}}
[debug] [2026-09-21T02:32:56.540Z] I0921 09:32:56.537520   11104 dev.go:101] Listening on address (HTTP + gRPC): 127.0.0.1:50001
 {"metadata":{"emulator":{"name":"dataconnect"},"message":"I0921 09:32:56.537520   11104 dev.go:101] Listening on address (HTTP + gRPC): 127.0.0.1:50001\n"}}
[info] [Firebase Plugin] Stopping SQL Connect toolkit
[warn] ⚠  SQL Connect Emulator has exited upon receiving signal: SIGINT 
[debug] [2026-09-21T03:53:09.458Z] [Firebase Plugin] Activating Firebase extension.
[debug] [2026-09-21T03:53:57.383Z] [Firebase Plugin] requireAuthWrapper
[debug] [2026-09-21T03:53:57.388Z] > command requires scopes: ["email","openid","https://www.googleapis.com/auth/cloudplatformprojects.readonly","https://www.googleapis.com/auth/firebase","https://www.googleapis.com/auth/cloud-platform"]
[debug] [2026-09-21T03:53:57.391Z] > authorizing via signed-in user (perc.madina@gmail.com)
[debug] [2026-09-21T03:53:57.401Z] Checked if tokens are valid: false, expires at: 1789961407158
[debug] [2026-09-21T03:53:57.403Z] Checked if tokens are valid: false, expires at: 1789961407158
[debug] [2026-09-21T03:53:57.405Z] > refreshing access token with scopes: []
[debug] [2026-09-21T03:53:57.417Z] >>> [apiv2][query] POST https://www.googleapis.com/oauth2/v3/token [none]
[debug] [2026-09-21T03:53:57.419Z] >>> [apiv2][body] POST https://www.googleapis.com/oauth2/v3/token [omitted]
[debug] [2026-09-21T03:53:57.669Z] [Firebase Plugin] VSCode notification server listening on port 40001
[info] [Firebase Plugin] Starting SQL Connect toolkit (version 3.4.16) on port 50001
[debug] [2026-09-21T03:54:02.582Z] I0921 10:54:02.529463   33027 control.go:100] [projects/emulator/locations/emulator/services/madina-solution-production-final f2cb] UpdateResources(): done
Main schema: sources: schema/schema.gql [1992B] 
Connector "example": sources: example/mutations.gql [1243B] example/queries.gql [1801B] 
 {"metadata":{"emulator":{"name":"dataconnect"},"message":"I0921 10:54:02.529463   33027 control.go:100] [projects/emulator/locations/emulator/services/madina-solution-production-final f2cb] UpdateResources(): done\nMain schema: sources: schema/schema.gql [1992B] \nConnector \"example\": sources: example/mutations.gql [1243B] example/queries.gql [1801B] \n"}}
[debug] [2026-09-21T03:54:02.583Z] Ignoring unsupported arg: auto_download {"metadata":{"emulator":{"name":"dataconnect"},"message":"Ignoring unsupported arg: auto_download"}}
[debug] [2026-09-21T03:54:02.583Z] Ignoring unsupported arg: port {"metadata":{"emulator":{"name":"dataconnect"},"message":"Ignoring unsupported arg: port"}}
[debug] [2026-09-21T03:54:02.584Z] Starting SQL Connect Emulator with command {"binary":"/Users/madina.solutions/.cache/firebase/emulators/dataconnect-emulator-3.4.16","args":["--logtostderr","-v=2","dev","--listen=localhost:50001","--config_dir=/Volumes/DATA UTAMA/DEVELOPER/madina-solution-production-final/dataconnect","--enable_output_schema_extensions=true","--enable_output_generated_sdk=true"],"optionalArgs":["listen","config_dir","enable_output_schema_extensions","enable_output_generated_sdk"],"joinArgs":true,"shell":false,"port":9399} {"metadata":{"emulator":{"name":"dataconnect"},"message":"Starting SQL Connect Emulator with command {\"binary\":\"/Users/madina.solutions/.cache/firebase/emulators/dataconnect-emulator-3.4.16\",\"args\":[\"--logtostderr\",\"-v=2\",\"dev\",\"--listen=localhost:50001\",\"--config_dir=/Volumes/DATA UTAMA/DEVELOPER/madina-solution-production-final/dataconnect\",\"--enable_output_schema_extensions=true\",\"--enable_output_generated_sdk=true\"],\"optionalArgs\":[\"listen\",\"config_dir\",\"enable_output_schema_extensions\",\"enable_output_generated_sdk\"],\"joinArgs\":true,\"shell\":false,\"port\":9399}"}}
[info] i  dataconnect: SQL Connect Emulator logging to dataconnect-debug.log {"metadata":{"emulator":{"name":"dataconnect"},"message":"SQL Connect Emulator logging to dataconnect-debug.log"}}
[debug] [2026-09-21T03:54:03.291Z] I0921 10:54:02.914983   33049 load.go:31] Reloading schema and connectors...
I0921 10:54:03.130083   33049 control.go:100] [projects/emulator/locations/emulator/services/madina-solution-production-final 7525] UpdateResources(): done
Main schema: sources: schema/schema.gql [1992B] 
Connector "example": sources: example/mutations.gql [1243B] example/queries.gql [1801B] 
I0921 10:54:03.213967   33049 codegen.go:101] [connector "example" javascriptSdk] Generating sources into "/Volumes/DATA UTAMA/DEVELOPER/madina-solution-production-final/src/dataconnect-generated"
I0921 10:54:03.266393   33049 collector.go:107] schema extensions wrote into "/Volumes/DATA UTAMA/DEVELOPER/madina-solution-production-final/dataconnect/.dataconnect/schema"
Generated sources: prelude.gql [84995B] main/input.gql [29309B] main/relation.gql [14318B] main/query.gql [5099B] main/mutation.gql [13679B] main/implicit.gql [1261B] 
I0921 10:54:03.272626   33049 collector.go:107] connector "example" javascriptSdk wrote into "/Volumes/DATA UTAMA/DEVELOPER/madina-solution-production-final/src/dataconnect-generated"
Generated sources: esm/index.esm.js [5375B] package.json [853B] react/index.cjs.js [3439B] .guides/config.json [236B] index.d.ts [8408B] esm/package.json [17B] react/index.d.ts [3961B] react/esm/package.json [17B] react/README.md [48281B] .guides/setup.md [1682B] index.cjs.js [5919B] README.md [41217B] react/package.json [460B] react/esm/index.esm.js [3269B] .guides/usage.md [3489B] 
I0921 10:54:03.288783   33049 installsdk.go:86] Running command: /Users/madina.solutions/.nvm/versions/node/v22.23.2/bin/npm install file:src/dataconnect-generated
 {"metadata":{"emulator":{"name":"dataconnect"},"message":"I0921 10:54:02.914983   33049 load.go:31] Reloading schema and connectors...\nI0921 10:54:03.130083   33049 control.go:100] [projects/emulator/locations/emulator/services/madina-solution-production-final 7525] UpdateResources(): done\nMain schema: sources: schema/schema.gql [1992B] \nConnector \"example\": sources: example/mutations.gql [1243B] example/queries.gql [1801B] \nI0921 10:54:03.213967   33049 codegen.go:101] [connector \"example\" javascriptSdk] Generating sources into \"/Volumes/DATA UTAMA/DEVELOPER/madina-solution-production-final/src/dataconnect-generated\"\nI0921 10:54:03.266393   33049 collector.go:107] schema extensions wrote into \"/Volumes/DATA UTAMA/DEVELOPER/madina-solution-production-final/dataconnect/.dataconnect/schema\"\nGenerated sources: prelude.gql [84995B] main/input.gql [29309B] main/relation.gql [14318B] main/query.gql [5099B] main/mutation.gql [13679B] main/implicit.gql [1261B] \nI0921 10:54:03.272626   33049 collector.go:107] connector \"example\" javascriptSdk wrote into \"/Volumes/DATA UTAMA/DEVELOPER/madina-solution-production-final/src/dataconnect-generated\"\nGenerated sources: esm/index.esm.js [5375B] package.json [853B] react/index.cjs.js [3439B] .guides/config.json [236B] index.d.ts [8408B] esm/package.json [17B] react/index.d.ts [3961B] react/esm/package.json [17B] react/README.md [48281B] .guides/setup.md [1682B] index.cjs.js [5919B] README.md [41217B] react/package.json [460B] react/esm/index.esm.js [3269B] .guides/usage.md [3489B] \nI0921 10:54:03.288783   33049 installsdk.go:86] Running command: /Users/madina.solutions/.nvm/versions/node/v22.23.2/bin/npm install file:src/dataconnect-generated\n"}}
[debug] [2026-09-21T03:54:03.641Z] <<< [apiv2][status] POST https://www.googleapis.com/oauth2/v3/token 200
[debug] [2026-09-21T03:54:03.641Z] <<< [apiv2][body] POST https://www.googleapis.com/oauth2/v3/token [omitted]
[debug] [2026-09-21T03:54:03.876Z] [Firebase Plugin] User found:  perc.madina@gmail.com
[info] [Firebase Plugin] (Core:Project) New user detected, fetching projects
[debug] [2026-09-21T03:54:03.878Z] Checked if tokens are valid: true, expires at: 1789966442643
[debug] [2026-09-21T03:54:03.883Z] >>> [apiv2][query] GET https://firebase.googleapis.com/v1beta1/projects pageSize=1000
[debug] [2026-09-21T03:54:05.737Z] <<< [apiv2][status] GET https://firebase.googleapis.com/v1beta1/projects 200
[debug] [2026-09-21T03:54:05.738Z] <<< [apiv2][body] GET https://firebase.googleapis.com/v1beta1/projects [omitted]
[debug] [2026-09-21T03:54:28.599Z] I0921 10:54:28.591537   33049 load.go:109] Finished reloading
 {"metadata":{"emulator":{"name":"dataconnect"},"message":"I0921 10:54:28.591537   33049 load.go:109] Finished reloading\n"}}
[debug] [2026-09-21T03:54:28.638Z] I0921 10:54:28.635690   33049 dev.go:101] Listening on address (HTTP + gRPC): 127.0.0.1:50001
 {"metadata":{"emulator":{"name":"dataconnect"},"message":"I0921 10:54:28.635690   33049 dev.go:101] Listening on address (HTTP + gRPC): 127.0.0.1:50001\n"}}
[info] [Firebase Plugin] Stopping SQL Connect toolkit
[warn] ⚠  SQL Connect Emulator has exited upon receiving signal: SIGINT 
[debug] [2026-09-21T10:19:58.763Z] [Firebase Plugin] Activating Firebase extension.
[info] [Firebase Plugin] Unable to check firebase-tools installation: TypeError: fetch failed
[debug] [2026-09-21T10:20:46.313Z] [Firebase Plugin] requireAuthWrapper
[debug] [2026-09-21T10:20:46.321Z] > command requires scopes: ["email","openid","https://www.googleapis.com/auth/cloudplatformprojects.readonly","https://www.googleapis.com/auth/firebase","https://www.googleapis.com/auth/cloud-platform"]
[debug] [2026-09-21T10:20:46.324Z] > authorizing via signed-in user (perc.madina@gmail.com)
[debug] [2026-09-21T10:20:46.512Z] Checked if tokens are valid: false, expires at: 1789984705787
[debug] [2026-09-21T10:20:46.519Z] Checked if tokens are valid: false, expires at: 1789984705787
[debug] [2026-09-21T10:20:46.522Z] > refreshing access token with scopes: []
[debug] [2026-09-21T10:20:46.559Z] >>> [apiv2][query] POST https://www.googleapis.com/oauth2/v3/token [none]
[debug] [2026-09-21T10:20:46.561Z] >>> [apiv2][body] POST https://www.googleapis.com/oauth2/v3/token [omitted]
[debug] [2026-09-21T10:20:46.850Z] [Firebase Plugin] VSCode notification server listening on port 40001
[info] [Firebase Plugin] Starting SQL Connect toolkit (version 3.4.16) on port 50001
[debug] [2026-09-21T10:21:00.438Z] I0921 17:20:59.044333    5591 control.go:100] [projects/emulator/locations/emulator/services/madina-solution-production-final b454] UpdateResources(): done
Main schema: sources: schema/schema.gql [1992B] 
Connector "example": sources: example/mutations.gql [1243B] example/queries.gql [1801B] 
 {"metadata":{"emulator":{"name":"dataconnect"},"message":"I0921 17:20:59.044333    5591 control.go:100] [projects/emulator/locations/emulator/services/madina-solution-production-final b454] UpdateResources(): done\nMain schema: sources: schema/schema.gql [1992B] \nConnector \"example\": sources: example/mutations.gql [1243B] example/queries.gql [1801B] \n"}}
[debug] [2026-09-21T10:21:00.442Z] Ignoring unsupported arg: auto_download {"metadata":{"emulator":{"name":"dataconnect"},"message":"Ignoring unsupported arg: auto_download"}}
[debug] [2026-09-21T10:21:00.443Z] Ignoring unsupported arg: port {"metadata":{"emulator":{"name":"dataconnect"},"message":"Ignoring unsupported arg: port"}}
[debug] [2026-09-21T10:21:00.445Z] Starting SQL Connect Emulator with command {"binary":"/Users/madina.solutions/.cache/firebase/emulators/dataconnect-emulator-3.4.16","args":["--logtostderr","-v=2","dev","--listen=localhost:50001","--config_dir=/Volumes/DATA UTAMA/DEVELOPER/madina-solution-production-final/dataconnect","--enable_output_schema_extensions=true","--enable_output_generated_sdk=true"],"optionalArgs":["listen","config_dir","enable_output_schema_extensions","enable_output_generated_sdk"],"joinArgs":true,"shell":false,"port":9399} {"metadata":{"emulator":{"name":"dataconnect"},"message":"Starting SQL Connect Emulator with command {\"binary\":\"/Users/madina.solutions/.cache/firebase/emulators/dataconnect-emulator-3.4.16\",\"args\":[\"--logtostderr\",\"-v=2\",\"dev\",\"--listen=localhost:50001\",\"--config_dir=/Volumes/DATA UTAMA/DEVELOPER/madina-solution-production-final/dataconnect\",\"--enable_output_schema_extensions=true\",\"--enable_output_generated_sdk=true\"],\"optionalArgs\":[\"listen\",\"config_dir\",\"enable_output_schema_extensions\",\"enable_output_generated_sdk\"],\"joinArgs\":true,\"shell\":false,\"port\":9399}"}}
[info] i  dataconnect: SQL Connect Emulator logging to dataconnect-debug.log {"metadata":{"emulator":{"name":"dataconnect"},"message":"SQL Connect Emulator logging to dataconnect-debug.log"}}
[debug] [2026-09-21T10:21:04.295Z] I0921 17:21:00.563378    5631 load.go:31] Reloading schema and connectors...
I0921 17:21:00.617299    5631 control.go:100] [projects/emulator/locations/emulator/services/madina-solution-production-final 3438] UpdateResources(): done
Main schema: sources: schema/schema.gql [1992B] 
Connector "example": sources: example/mutations.gql [1243B] example/queries.gql [1801B] 
I0921 17:21:00.672617    5631 codegen.go:101] [connector "example" javascriptSdk] Generating sources into "/Volumes/DATA UTAMA/DEVELOPER/madina-solution-production-final/src/dataconnect-generated"
I0921 17:21:00.731010    5631 collector.go:107] schema extensions wrote into "/Volumes/DATA UTAMA/DEVELOPER/madina-solution-production-final/dataconnect/.dataconnect/schema"
Generated sources: prelude.gql [84995B] main/implicit.gql [1261B] main/input.gql [29309B] main/relation.gql [14318B] main/query.gql [5099B] main/mutation.gql [13679B] 
I0921 17:21:00.796400    5631 collector.go:107] connector "example" javascriptSdk wrote into "/Volumes/DATA UTAMA/DEVELOPER/madina-solution-production-final/src/dataconnect-generated"
Generated sources: index.cjs.js [5919B] README.md [41217B] react/package.json [460B] react/README.md [48281B] .guides/usage.md [3489B] esm/package.json [17B] react/index.d.ts [3961B] react/esm/package.json [17B] .guides/config.json [236B] esm/index.esm.js [5375B] package.json [853B] react/esm/index.esm.js [3269B] index.d.ts [8408B] react/index.cjs.js [3439B] .guides/setup.md [1682B] 
I0921 17:21:00.833324    5631 installsdk.go:86] Running command: /Users/madina.solutions/.nvm/versions/node/v22.23.2/bin/npm install file:src/dataconnect-generated
 {"metadata":{"emulator":{"name":"dataconnect"},"message":"I0921 17:21:00.563378    5631 load.go:31] Reloading schema and connectors...\nI0921 17:21:00.617299    5631 control.go:100] [projects/emulator/locations/emulator/services/madina-solution-production-final 3438] UpdateResources(): done\nMain schema: sources: schema/schema.gql [1992B] \nConnector \"example\": sources: example/mutations.gql [1243B] example/queries.gql [1801B] \nI0921 17:21:00.672617    5631 codegen.go:101] [connector \"example\" javascriptSdk] Generating sources into \"/Volumes/DATA UTAMA/DEVELOPER/madina-solution-production-final/src/dataconnect-generated\"\nI0921 17:21:00.731010    5631 collector.go:107] schema extensions wrote into \"/Volumes/DATA UTAMA/DEVELOPER/madina-solution-production-final/dataconnect/.dataconnect/schema\"\nGenerated sources: prelude.gql [84995B] main/implicit.gql [1261B] main/input.gql [29309B] main/relation.gql [14318B] main/query.gql [5099B] main/mutation.gql [13679B] \nI0921 17:21:00.796400    5631 collector.go:107] connector \"example\" javascriptSdk wrote into \"/Volumes/DATA UTAMA/DEVELOPER/madina-solution-production-final/src/dataconnect-generated\"\nGenerated sources: index.cjs.js [5919B] README.md [41217B] react/package.json [460B] react/README.md [48281B] .guides/usage.md [3489B] esm/package.json [17B] react/index.d.ts [3961B] react/esm/package.json [17B] .guides/config.json [236B] esm/index.esm.js [5375B] package.json [853B] react/esm/index.esm.js [3269B] index.d.ts [8408B] react/index.cjs.js [3439B] .guides/setup.md [1682B] \nI0921 17:21:00.833324    5631 installsdk.go:86] Running command: /Users/madina.solutions/.nvm/versions/node/v22.23.2/bin/npm install file:src/dataconnect-generated\n"}}
[debug] [2026-09-21T10:21:06.906Z] <<< [apiv2][status] POST https://www.googleapis.com/oauth2/v3/token 200
[debug] [2026-09-21T10:21:06.906Z] <<< [apiv2][body] POST https://www.googleapis.com/oauth2/v3/token [omitted]
[debug] [2026-09-21T10:21:07.109Z] [Firebase Plugin] User found:  perc.madina@gmail.com
[info] [Firebase Plugin] (Core:Project) New user detected, fetching projects
[debug] [2026-09-21T10:21:07.117Z] Checked if tokens are valid: true, expires at: 1789989665907
[debug] [2026-09-21T10:21:07.120Z] >>> [apiv2][query] GET https://firebase.googleapis.com/v1beta1/projects pageSize=1000
[debug] [2026-09-21T10:21:12.137Z] <<< [apiv2][status] GET https://firebase.googleapis.com/v1beta1/projects 200
[debug] [2026-09-21T10:21:12.138Z] <<< [apiv2][body] GET https://firebase.googleapis.com/v1beta1/projects [omitted]
[debug] [2026-09-21T10:21:45.540Z] I0921 17:21:40.922095    5631 load.go:109] Finished reloading
I0921 17:21:40.988776    5631 dev.go:101] Listening on address (HTTP + gRPC): 127.0.0.1:50001
 {"metadata":{"emulator":{"name":"dataconnect"},"message":"I0921 17:21:40.922095    5631 load.go:109] Finished reloading\nI0921 17:21:40.988776    5631 dev.go:101] Listening on address (HTTP + gRPC): 127.0.0.1:50001\n"}}
[info] [Firebase Plugin] Stopping SQL Connect toolkit
[warn] ⚠  SQL Connect Emulator has exited upon receiving signal: SIGINT 
[debug] [2026-09-21T10:22:43.252Z] [Firebase Plugin] Activating Firebase extension.
[debug] [2026-09-21T10:22:50.192Z] [Firebase Plugin] requireAuthWrapper
[debug] [2026-09-21T10:22:50.195Z] > command requires scopes: ["email","openid","https://www.googleapis.com/auth/cloudplatformprojects.readonly","https://www.googleapis.com/auth/firebase","https://www.googleapis.com/auth/cloud-platform"]
[debug] [2026-09-21T10:22:50.195Z] > authorizing via signed-in user (perc.madina@gmail.com)
[debug] [2026-09-21T10:22:50.199Z] Checked if tokens are valid: true, expires at: 1789989665907
[debug] [2026-09-21T10:22:50.199Z] Checked if tokens are valid: true, expires at: 1789989665907
[debug] [2026-09-21T10:22:50.199Z] [Firebase Plugin] User found:  perc.madina@gmail.com
[info] [Firebase Plugin] (Core:Project) New user detected, fetching projects
[debug] [2026-09-21T10:22:50.201Z] Checked if tokens are valid: true, expires at: 1789989665907
[debug] [2026-09-21T10:22:50.203Z] >>> [apiv2][query] GET https://firebase.googleapis.com/v1beta1/projects pageSize=1000
[debug] [2026-09-21T10:22:50.230Z] [Firebase Plugin] VSCode notification server listening on port 40001
[info] [Firebase Plugin] Starting SQL Connect toolkit (version 3.4.16) on port 50001
[debug] [2026-09-21T10:23:09.426Z] I0921 17:23:09.389805    6142 control.go:100] [projects/emulator/locations/emulator/services/madina-solution-production-final aa24] UpdateResources(): done
Main schema: sources: schema/schema.gql [1992B] 
Connector "example": sources: example/mutations.gql [1243B] example/queries.gql [1801B] 
 {"metadata":{"emulator":{"name":"dataconnect"},"message":"I0921 17:23:09.389805    6142 control.go:100] [projects/emulator/locations/emulator/services/madina-solution-production-final aa24] UpdateResources(): done\nMain schema: sources: schema/schema.gql [1992B] \nConnector \"example\": sources: example/mutations.gql [1243B] example/queries.gql [1801B] \n"}}
[debug] [2026-09-21T10:23:09.427Z] Ignoring unsupported arg: auto_download {"metadata":{"emulator":{"name":"dataconnect"},"message":"Ignoring unsupported arg: auto_download"}}
[debug] [2026-09-21T10:23:09.428Z] Ignoring unsupported arg: port {"metadata":{"emulator":{"name":"dataconnect"},"message":"Ignoring unsupported arg: port"}}
[debug] [2026-09-21T10:23:09.428Z] Starting SQL Connect Emulator with command {"binary":"/Users/madina.solutions/.cache/firebase/emulators/dataconnect-emulator-3.4.16","args":["--logtostderr","-v=2","dev","--listen=localhost:50001","--config_dir=/Volumes/DATA UTAMA/DEVELOPER/madina-solution-production-final/dataconnect","--enable_output_schema_extensions=true","--enable_output_generated_sdk=true"],"optionalArgs":["listen","config_dir","enable_output_schema_extensions","enable_output_generated_sdk"],"joinArgs":true,"shell":false,"port":9399} {"metadata":{"emulator":{"name":"dataconnect"},"message":"Starting SQL Connect Emulator with command {\"binary\":\"/Users/madina.solutions/.cache/firebase/emulators/dataconnect-emulator-3.4.16\",\"args\":[\"--logtostderr\",\"-v=2\",\"dev\",\"--listen=localhost:50001\",\"--config_dir=/Volumes/DATA UTAMA/DEVELOPER/madina-solution-production-final/dataconnect\",\"--enable_output_schema_extensions=true\",\"--enable_output_generated_sdk=true\"],\"optionalArgs\":[\"listen\",\"config_dir\",\"enable_output_schema_extensions\",\"enable_output_generated_sdk\"],\"joinArgs\":true,\"shell\":false,\"port\":9399}"}}
[info] i  dataconnect: SQL Connect Emulator logging to dataconnect-debug.log {"metadata":{"emulator":{"name":"dataconnect"},"message":"SQL Connect Emulator logging to dataconnect-debug.log"}}
[debug] [2026-09-21T10:23:10.116Z] I0921 17:23:09.808956    6143 load.go:31] Reloading schema and connectors...
I0921 17:23:09.966983    6143 control.go:100] [projects/emulator/locations/emulator/services/madina-solution-production-final 423a] UpdateResources(): done
Main schema: sources: schema/schema.gql [1992B] 
Connector "example": sources: example/mutations.gql [1243B] example/queries.gql [1801B] 
I0921 17:23:10.007606    6143 codegen.go:101] [connector "example" javascriptSdk] Generating sources into "/Volumes/DATA UTAMA/DEVELOPER/madina-solution-production-final/src/dataconnect-generated"
I0921 17:23:10.063292    6143 collector.go:107] schema extensions wrote into "/Volumes/DATA UTAMA/DEVELOPER/madina-solution-production-final/dataconnect/.dataconnect/schema"
Generated sources: prelude.gql [84995B] main/query.gql [5099B] main/mutation.gql [13679B] main/implicit.gql [1261B] main/input.gql [29309B] main/relation.gql [14318B] 
I0921 17:23:10.069748    6143 collector.go:107] connector "example" javascriptSdk wrote into "/Volumes/DATA UTAMA/DEVELOPER/madina-solution-production-final/src/dataconnect-generated"
Generated sources: react/esm/package.json [17B] esm/package.json [17B] react/index.cjs.js [3439B] index.d.ts [8408B] esm/index.esm.js [5375B] index.cjs.js [5919B] package.json [853B] README.md [41217B] react/README.md [48281B] .guides/usage.md [3489B] .guides/setup.md [1682B] react/esm/index.esm.js [3269B] .guides/config.json [236B] react/index.d.ts [3961B] react/package.json [460B] 
I0921 17:23:10.079632    6143 installsdk.go:55] Package @dataconnect/generated is already installed. Skipping installation
I0921 17:23:10.084566    6143 load.go:109] Finished reloading
I0921 17:23:10.113363    6143 dev.go:101] Listening on address (HTTP + gRPC): 127.0.0.1:50001
 {"metadata":{"emulator":{"name":"dataconnect"},"message":"I0921 17:23:09.808956    6143 load.go:31] Reloading schema and connectors...\nI0921 17:23:09.966983    6143 control.go:100] [projects/emulator/locations/emulator/services/madina-solution-production-final 423a] UpdateResources(): done\nMain schema: sources: schema/schema.gql [1992B] \nConnector \"example\": sources: example/mutations.gql [1243B] example/queries.gql [1801B] \nI0921 17:23:10.007606    6143 codegen.go:101] [connector \"example\" javascriptSdk] Generating sources into \"/Volumes/DATA UTAMA/DEVELOPER/madina-solution-production-final/src/dataconnect-generated\"\nI0921 17:23:10.063292    6143 collector.go:107] schema extensions wrote into \"/Volumes/DATA UTAMA/DEVELOPER/madina-solution-production-final/dataconnect/.dataconnect/schema\"\nGenerated sources: prelude.gql [84995B] main/query.gql [5099B] main/mutation.gql [13679B] main/implicit.gql [1261B] main/input.gql [29309B] main/relation.gql [14318B] \nI0921 17:23:10.069748    6143 collector.go:107] connector \"example\" javascriptSdk wrote into \"/Volumes/DATA UTAMA/DEVELOPER/madina-solution-production-final/src/dataconnect-generated\"\nGenerated sources: react/esm/package.json [17B] esm/package.json [17B] react/index.cjs.js [3439B] index.d.ts [8408B] esm/index.esm.js [5375B] index.cjs.js [5919B] package.json [853B] README.md [41217B] react/README.md [48281B] .guides/usage.md [3489B] .guides/setup.md [1682B] react/esm/index.esm.js [3269B] .guides/config.json [236B] react/index.d.ts [3961B] react/package.json [460B] \nI0921 17:23:10.079632    6143 installsdk.go:55] Package @dataconnect/generated is already installed. Skipping installation\nI0921 17:23:10.084566    6143 load.go:109] Finished reloading\nI0921 17:23:10.113363    6143 dev.go:101] Listening on address (HTTP + gRPC): 127.0.0.1:50001\n"}}
[debug] [2026-09-21T10:23:13.657Z] I0921 17:23:12.042433    6143 engine.go:209] [projects/emulator/locations/emulator/services/madina-solution-production-final 423a] ExecuteGraphqlRead query IntrospectionQuery: succeeded. 
 {"metadata":{"emulator":{"name":"dataconnect"},"message":"I0921 17:23:12.042433    6143 engine.go:209] [projects/emulator/locations/emulator/services/madina-solution-production-final 423a] ExecuteGraphqlRead query IntrospectionQuery: succeeded. \n"}}
[debug] [2026-09-21T10:23:15.843Z] <<< [apiv2][status] GET https://firebase.googleapis.com/v1beta1/projects 200
[debug] [2026-09-21T10:23:15.844Z] <<< [apiv2][body] GET https://firebase.googleapis.com/v1beta1/projects [omitted]
[info] [Firebase Plugin] Stopping SQL Connect toolkit
[warn] ⚠  SQL Connect Emulator has exited upon receiving signal: SIGINT 
[debug] [2026-09-21T10:34:58.480Z] [Firebase Plugin] Activating Firebase extension.
[debug] [2026-09-21T10:35:43.838Z] [Firebase Plugin] requireAuthWrapper
[debug] [2026-09-21T10:35:43.839Z] > command requires scopes: ["email","openid","https://www.googleapis.com/auth/cloudplatformprojects.readonly","https://www.googleapis.com/auth/firebase","https://www.googleapis.com/auth/cloud-platform"]
[debug] [2026-09-21T10:35:43.840Z] > authorizing via signed-in user (perc.madina@gmail.com)
[debug] [2026-09-21T10:35:43.844Z] Checked if tokens are valid: true, expires at: 1789989665907
[debug] [2026-09-21T10:35:43.845Z] Checked if tokens are valid: true, expires at: 1789989665907
[debug] [2026-09-21T10:35:43.845Z] [Firebase Plugin] User found:  perc.madina@gmail.com
[info] [Firebase Plugin] (Core:Project) New user detected, fetching projects
[debug] [2026-09-21T10:35:43.847Z] Checked if tokens are valid: true, expires at: 1789989665907
[debug] [2026-09-21T10:35:43.848Z] >>> [apiv2][query] GET https://firebase.googleapis.com/v1beta1/projects pageSize=1000
[debug] [2026-09-21T10:35:44.378Z] [Firebase Plugin] VSCode notification server listening on port 40001
[info] [Firebase Plugin] Starting SQL Connect toolkit (version 3.4.16) on port 50001
[debug] [2026-09-21T10:35:48.653Z] I0921 17:35:48.635586    9040 control.go:100] [projects/emulator/locations/emulator/services/madina-solution-production-final 530d] UpdateResources(): done
Main schema: sources: schema/schema.gql [1992B] 
Connector "example": sources: example/mutations.gql [1243B] example/queries.gql [1801B] 
 {"metadata":{"emulator":{"name":"dataconnect"},"message":"I0921 17:35:48.635586    9040 control.go:100] [projects/emulator/locations/emulator/services/madina-solution-production-final 530d] UpdateResources(): done\nMain schema: sources: schema/schema.gql [1992B] \nConnector \"example\": sources: example/mutations.gql [1243B] example/queries.gql [1801B] \n"}}
[debug] [2026-09-21T10:35:48.654Z] Ignoring unsupported arg: auto_download {"metadata":{"emulator":{"name":"dataconnect"},"message":"Ignoring unsupported arg: auto_download"}}
[debug] [2026-09-21T10:35:48.654Z] Ignoring unsupported arg: port {"metadata":{"emulator":{"name":"dataconnect"},"message":"Ignoring unsupported arg: port"}}
[debug] [2026-09-21T10:35:48.655Z] Starting SQL Connect Emulator with command {"binary":"/Users/madina.solutions/.cache/firebase/emulators/dataconnect-emulator-3.4.16","args":["--logtostderr","-v=2","dev","--listen=localhost:50001","--config_dir=/Volumes/DATA UTAMA/DEVELOPER/madina-solution-production-final/dataconnect","--enable_output_schema_extensions=true","--enable_output_generated_sdk=true"],"optionalArgs":["listen","config_dir","enable_output_schema_extensions","enable_output_generated_sdk"],"joinArgs":true,"shell":false,"port":9399} {"metadata":{"emulator":{"name":"dataconnect"},"message":"Starting SQL Connect Emulator with command {\"binary\":\"/Users/madina.solutions/.cache/firebase/emulators/dataconnect-emulator-3.4.16\",\"args\":[\"--logtostderr\",\"-v=2\",\"dev\",\"--listen=localhost:50001\",\"--config_dir=/Volumes/DATA UTAMA/DEVELOPER/madina-solution-production-final/dataconnect\",\"--enable_output_schema_extensions=true\",\"--enable_output_generated_sdk=true\"],\"optionalArgs\":[\"listen\",\"config_dir\",\"enable_output_schema_extensions\",\"enable_output_generated_sdk\"],\"joinArgs\":true,\"shell\":false,\"port\":9399}"}}
[info] i  dataconnect: SQL Connect Emulator logging to dataconnect-debug.log {"metadata":{"emulator":{"name":"dataconnect"},"message":"SQL Connect Emulator logging to dataconnect-debug.log"}}
[debug] [2026-09-21T10:35:48.759Z] <<< [apiv2][status] GET https://firebase.googleapis.com/v1beta1/projects 200
[debug] [2026-09-21T10:35:48.760Z] <<< [apiv2][body] GET https://firebase.googleapis.com/v1beta1/projects [omitted]
[debug] [2026-09-21T10:35:49.396Z] I0921 17:35:49.345161    9216 load.go:31] Reloading schema and connectors...
 {"metadata":{"emulator":{"name":"dataconnect"},"message":"I0921 17:35:49.345161    9216 load.go:31] Reloading schema and connectors...\n"}}
[debug] [2026-09-21T10:35:49.567Z] I0921 17:35:49.497535    9216 control.go:100] [projects/emulator/locations/emulator/services/madina-solution-production-final 221c] UpdateResources(): done
Main schema: sources: schema/schema.gql [1992B] 
Connector "example": sources: example/mutations.gql [1243B] example/queries.gql [1801B] 
I0921 17:35:49.542391    9216 codegen.go:101] [connector "example" javascriptSdk] Generating sources into "/Volumes/DATA UTAMA/DEVELOPER/madina-solution-production-final/src/dataconnect-generated"
 {"metadata":{"emulator":{"name":"dataconnect"},"message":"I0921 17:35:49.497535    9216 control.go:100] [projects/emulator/locations/emulator/services/madina-solution-production-final 221c] UpdateResources(): done\nMain schema: sources: schema/schema.gql [1992B] \nConnector \"example\": sources: example/mutations.gql [1243B] example/queries.gql [1801B] \nI0921 17:35:49.542391    9216 codegen.go:101] [connector \"example\" javascriptSdk] Generating sources into \"/Volumes/DATA UTAMA/DEVELOPER/madina-solution-production-final/src/dataconnect-generated\"\n"}}
[debug] [2026-09-21T10:35:49.590Z] I0921 17:35:49.578176    9216 collector.go:107] schema extensions wrote into "/Volumes/DATA UTAMA/DEVELOPER/madina-solution-production-final/dataconnect/.dataconnect/schema"
Generated sources: prelude.gql [84995B] main/input.gql [29309B] main/relation.gql [14318B] main/query.gql [5099B] main/mutation.gql [13679B] main/implicit.gql [1261B] 
 {"metadata":{"emulator":{"name":"dataconnect"},"message":"I0921 17:35:49.578176    9216 collector.go:107] schema extensions wrote into \"/Volumes/DATA UTAMA/DEVELOPER/madina-solution-production-final/dataconnect/.dataconnect/schema\"\nGenerated sources: prelude.gql [84995B] main/input.gql [29309B] main/relation.gql [14318B] main/query.gql [5099B] main/mutation.gql [13679B] main/implicit.gql [1261B] \n"}}
[debug] [2026-09-21T10:35:49.679Z] I0921 17:35:49.668582    9216 collector.go:107] connector "example" javascriptSdk wrote into "/Volumes/DATA UTAMA/DEVELOPER/madina-solution-production-final/src/dataconnect-generated"
Generated sources: esm/package.json [17B] react/index.cjs.js [3439B] .guides/setup.md [1682B] .guides/config.json [236B] index.d.ts [8408B] react/index.d.ts [3961B] react/esm/index.esm.js [3269B] README.md [41217B] react/README.md [48281B] .guides/usage.md [3489B] index.cjs.js [5919B] package.json [853B] react/package.json [460B] react/esm/package.json [17B] esm/index.esm.js [5375B] 
 {"metadata":{"emulator":{"name":"dataconnect"},"message":"I0921 17:35:49.668582    9216 collector.go:107] connector \"example\" javascriptSdk wrote into \"/Volumes/DATA UTAMA/DEVELOPER/madina-solution-production-final/src/dataconnect-generated\"\nGenerated sources: esm/package.json [17B] react/index.cjs.js [3439B] .guides/setup.md [1682B] .guides/config.json [236B] index.d.ts [8408B] react/index.d.ts [3961B] react/esm/index.esm.js [3269B] README.md [41217B] react/README.md [48281B] .guides/usage.md [3489B] index.cjs.js [5919B] package.json [853B] react/package.json [460B] react/esm/package.json [17B] esm/index.esm.js [5375B] \n"}}
[debug] [2026-09-21T10:35:50.216Z] I0921 17:35:50.203033    9216 installsdk.go:86] Running command: /Users/madina.solutions/.nvm/versions/node/v22.23.2/bin/npm install file:src/dataconnect-generated
 {"metadata":{"emulator":{"name":"dataconnect"},"message":"I0921 17:35:50.203033    9216 installsdk.go:86] Running command: /Users/madina.solutions/.nvm/versions/node/v22.23.2/bin/npm install file:src/dataconnect-generated\n"}}
[debug] [2026-09-21T10:36:12.375Z] I0921 17:36:12.179947    9216 load.go:109] Finished reloading
 {"metadata":{"emulator":{"name":"dataconnect"},"message":"I0921 17:36:12.179947    9216 load.go:109] Finished reloading\n"}}
[debug] [2026-09-21T10:36:12.719Z] I0921 17:36:12.718267    9216 dev.go:101] Listening on address (HTTP + gRPC): 127.0.0.1:50001
 {"metadata":{"emulator":{"name":"dataconnect"},"message":"I0921 17:36:12.718267    9216 dev.go:101] Listening on address (HTTP + gRPC): 127.0.0.1:50001\n"}}
